,Mutation,Regulator,Regulon,MutationRegulatorEdge,-log10(p)_MutationRegulatorEdge,RegulatorRegulon_Spearman_R,RegulatorRegulon_Spearman_p-value,Regulon_stratification_t-statistic,-log10(p)_Regulon_stratification,Fraction_of_edges_correctly_aligned,Fraction_of_aligned_and_diff_exp_edges,number_downstream_regulons,number_differentially_expressed_regulons
407,AHNAK2,ERG,R-407,-1.0,4.043230800199515,-0.2328653678618316,3.5939451766083024e-08,2.9571532954120023,2.1104608703991325,1.0,0.75,4,3
406,AHNAK2,ERG,R-406,-1.0,4.043230800199515,-0.2555559840685075,1.3256145871451056e-09,5.32921765571519,4.6145684680914405,1.0,0.75,4,3
405,AHNAK2,ERG,R-405,-1.0,4.043230800199515,-0.3014158475266842,5.95323363621895e-13,7.0691065972396085,7.885749640174017,1.0,0.75,4,3
2076,AHNAK2,NR2F6,R-2076,1.0,4.175960598607342,0.5858001137628567,1.0512497277779776e-51,2.319772414295543,1.4896331655714632,1.0,0.0909090909090909,11,1
566,AHNAK2,ETV1,R-566,1.0,2.5257968515373386,0.572997906429097,4.724716595681486e-49,5.299659330532277,4.563924173932962,1.0,0.3846153846153846,13,5
565,AHNAK2,ETV1,R-565,1.0,2.5257968515373386,0.5406149382450106,7.737361882484567e-43,7.309211812697862,8.13456616546589,1.0,0.3846153846153846,13,5
572,AHNAK2,ETV1,R-572,1.0,2.5257968515373386,0.6913183895062488,5.971678499005844e-79,2.8902728173900183,2.030999113593287,1.0,0.3846153846153846,13,5
575,AHNAK2,ETV1,R-575,1.0,2.5257968515373386,0.309843947802821,1.2322209533459424e-13,2.968850997052793,2.069997039682155,1.0,0.3846153846153846,13,5
577,AHNAK2,ETV1,R-577,1.0,2.5257968515373386,0.5433032052882864,2.501569786482745e-43,3.563188528387732,2.638299337606305,1.0,0.3846153846153846,13,5
4457,AHNAK2,REL,R-4457,-1.0,2.1871628519985955,0.3212635654288198,1.3434781167867602e-14,-5.581830546605122,5.195692823194561,1.0,1.0,1,1
3304,AHNAK2,BRF1,R-3304,1.0,3.5444503062015693,0.159932422692801,0.0001725458050955,2.306899149544722,1.474972548602369,1.0,0.6666666666666666,3,2
3305,AHNAK2,BRF1,R-3305,1.0,3.5444503062015693,0.3261726130659529,5.031392802385628e-15,2.880011000090645,1.9803109460379025,1.0,0.6666666666666666,3,2
2739,AHNAK2,NFIX,R-2739,1.0,9.042900749817912,-0.2416580870389968,1.0402688758512214e-08,-2.9437258710926018,2.1381999166902976,1.0,0.2,10,2
2735,AHNAK2,NFIX,R-2735,1.0,9.042900749817912,0.4902807396902593,2.0132028589499197e-34,3.524603382020187,2.6877289733217444,1.0,0.2,10,2
2543,AHNAK2,MEF2D,R-2543,1.0,4.11546800744836,-0.1573634468121984,0.0002198450857948,-2.5328690746792573,1.688816887726706,1.0,0.5,12,6
2544,AHNAK2,MEF2D,R-2544,1.0,4.11546800744836,-0.134776358031272,0.0015811117301288,-2.17909488452906,1.3902940845982623,1.0,0.5,12,6
2546,AHNAK2,MEF2D,R-2546,1.0,4.11546800744836,-0.3772392021701459,6.093479717094447e-20,-2.9213237554902656,2.0424934985272705,1.0,0.5,12,6
2539,AHNAK2,MEF2D,R-2539,1.0,4.11546800744836,0.68873240345371,3.8365049205955633e-78,2.757510987912972,1.9013318208313708,1.0,0.5,12,6
2545,AHNAK2,MEF2D,R-2545,1.0,4.11546800744836,0.5031854479738758,1.898347389016145e-36,2.6328333062485068,1.7739884392487215,1.0,0.5,12,6
2542,AHNAK2,MEF2D,R-2542,1.0,4.11546800744836,0.4500342329710215,1.2424135470915938e-28,2.42921514131871,1.6069103766865205,1.0,0.5,12,6
1318,AHNAK2,ARNT,R-1318,1.0,2.896253387577255,0.5534726485966827,3.180524911866052e-45,3.963256136987423,3.0540873134704483,1.0,0.3333333333333333,3,1
946,AHNAK2,NFKB2,R-946,1.0,3.063949881515974,0.4227478642336059,4.0120111114446815e-25,3.640529544224446,2.7934294754428963,1.0,0.5,4,2
944,AHNAK2,NFKB2,R-944,1.0,3.063949881515974,0.4778977744389612,1.4724777870319003e-32,4.10949235691704,3.250954247894048,1.0,0.5,4,2
1988,AHNAK2,HSF1,R-1988,1.0,4.012622489416347,-0.2109634517392827,6.395493634429696e-07,-3.03833239306167,2.146944321049026,1.0,0.2857142857142857,14,4
1995,AHNAK2,HSF1,R-1995,1.0,4.012622489416347,0.2499537719249751,3.087312265156657e-09,2.257407901558856,1.451844979118574,1.0,0.2857142857142857,14,4
1983,AHNAK2,HSF1,R-1983,1.0,4.012622489416347,0.4956882880127117,2.921593674151048e-35,5.2094603032811015,4.544093019982576,1.0,0.2857142857142857,14,4
1996,AHNAK2,HSF1,R-1996,1.0,4.012622489416347,-0.2325491399671732,3.75441148804144e-08,-2.243160486947653,1.4253284546529446,1.0,0.2857142857142857,14,4
3634,AHNAK2,SOX18,R-3634,1.0,3.0460472840863257,0.2530865030297901,1.929095313614252e-09,2.6819406267859547,1.8301213006221253,1.0,0.4666666666666667,15,7
3632,AHNAK2,SOX18,R-3632,1.0,3.0460472840863257,0.3792604798422862,3.727571624238447e-20,4.091242609689183,3.305619638169204,1.0,0.4666666666666667,15,7
3642,AHNAK2,SOX18,R-3642,1.0,3.0460472840863257,-0.5040833944208688,1.3620545265765475e-36,-2.155961297069789,1.348291085718002,1.0,0.4666666666666667,15,7
3633,AHNAK2,SOX18,R-3633,1.0,3.0460472840863257,0.5672181139561274,6.827010959194647e-48,2.4419274852800656,1.5991932754272304,1.0,0.4666666666666667,15,7
3640,AHNAK2,SOX18,R-3640,1.0,3.0460472840863257,0.3195669474175992,1.878650396229192e-14,3.653373048343395,2.7790443337926374,1.0,0.4666666666666667,15,7
3635,AHNAK2,SOX18,R-3635,1.0,3.0460472840863257,-0.1955054579922805,4.093969320396514e-06,-3.1911541446078333,2.2835858647945235,1.0,0.4666666666666667,15,7
3637,AHNAK2,SOX18,R-3637,1.0,3.0460472840863257,-0.4756221507045509,3.179952109242949e-32,-3.684455941283797,2.9704149379219293,1.0,0.4666666666666667,15,7
3670,AHNAK2,NR1H2,R-3670,1.0,4.185631940864076,0.4628139311548483,2.1791592386268476e-30,3.0250099361523137,2.1501112244504643,1.0,1.0,5,5
3666,AHNAK2,NR1H2,R-3666,1.0,4.185631940864076,0.5997322510953597,9.945131572921602e-55,2.650592516349863,1.8111671304700772,1.0,1.0,5,5
3667,AHNAK2,NR1H2,R-3667,1.0,4.185631940864076,0.5003454824576002,5.389824357653417e-36,2.068967037782823,1.301743044224162,1.0,1.0,5,5
3669,AHNAK2,NR1H2,R-3669,1.0,4.185631940864076,0.5141240150047313,3.1079034851377503e-38,2.7318792239547736,1.892897355258447,1.0,1.0,5,5
3668,AHNAK2,NR1H2,R-3668,1.0,4.185631940864076,0.6499040464999444,5.862582391779384e-67,4.7224955408410345,4.086459199608204,1.0,1.0,5,5
2185,AHNAK2,MYBL2,R-2185,1.0,3.317137328294023,0.2437473320791753,7.692744381627552e-09,2.18700611366342,1.386872957681243,1.0,0.25,4,1
1843,AHNAK2,ELF5,R-1843,-1.0,2.437671371605699,0.4199532836157289,8.811498302205913e-25,-3.4979772308067822,2.5581162098991777,1.0,0.1428571428571428,21,3
1831,AHNAK2,ELF5,R-1831,-1.0,2.437671371605699,-0.4795221725391595,8.468873275808467e-33,2.24789577681867,1.429848292776626,1.0,0.1428571428571428,21,3
1836,AHNAK2,ELF5,R-1836,-1.0,2.437671371605699,0.2462533996514967,5.336689493487773e-09,-2.28826046808469,1.4556038613455304,1.0,0.1428571428571428,21,3
2466,AHNAK2,MEOX2,R-2466,1.0,6.574327068804745,0.2975499193556546,1.2055517813999813e-12,4.97941351373522,4.206397315057609,1.0,0.4761904761904761,21,10
2469,AHNAK2,MEOX2,R-2469,1.0,6.574327068804745,0.4811164362399366,4.906863919942246e-33,2.2646037081816344,1.4589501278058423,1.0,0.4761904761904761,21,10
2474,AHNAK2,MEOX2,R-2474,1.0,6.574327068804745,-0.421643229533647,5.480321974597176e-25,-2.482450255444689,1.6394190408815903,1.0,0.4761904761904761,21,10
2467,AHNAK2,MEOX2,R-2467,1.0,6.574327068804745,-0.3530922366308479,1.6653632719090126e-17,-5.063546184651913,4.739576203176857,1.0,0.4761904761904761,21,10
2477,AHNAK2,MEOX2,R-2477,1.0,6.574327068804745,-0.2312268190582552,4.5037359136000226e-08,-2.689179129687486,1.837581367426145,1.0,0.4761904761904761,21,10
2481,AHNAK2,MEOX2,R-2481,1.0,6.574327068804745,0.2400084669597205,1.3175857360761494e-08,3.7317275682578215,2.855107260416604,1.0,0.4761904761904761,21,10
2482,AHNAK2,MEOX2,R-2482,1.0,6.574327068804745,0.1727074284154042,4.894706646486165e-05,2.3789352401619164,1.5386404699066116,1.0,0.4761904761904761,21,10
2473,AHNAK2,MEOX2,R-2473,1.0,6.574327068804745,0.4064040217912033,3.6053367450905226e-23,3.298126541588455,2.457909695708312,1.0,0.4761904761904761,21,10
2476,AHNAK2,MEOX2,R-2476,1.0,6.574327068804745,-0.2028698359647531,1.7209442900932785e-06,-4.220478478913492,3.3519656693764395,1.0,0.4761904761904761,21,10
2468,AHNAK2,MEOX2,R-2468,1.0,6.574327068804745,0.272114066693658,9.660059680548386e-11,2.8031710251396538,1.940286958868108,1.0,0.4761904761904761,21,10
452,AHNAK2,KLF13,R-452,1.0,1.3368685043667607,0.4200599637888632,8.551944384258101e-25,3.3526453071422133,2.543107048909948,0.8333333333333334,0.625,8,6
456,AHNAK2,KLF13,R-456,1.0,1.3368685043667607,0.2919284974489873,3.300837226909992e-12,2.8836465350435825,2.0779190803808927,0.8333333333333334,0.625,8,6
450,AHNAK2,KLF13,R-450,1.0,1.3368685043667607,0.4939052260673846,5.542198257570123e-35,6.752265465036956,6.900999979703476,0.8333333333333334,0.625,8,6
451,AHNAK2,KLF13,R-451,1.0,1.3368685043667607,0.4293330736838122,6.101727839307421e-26,4.330512086970193,3.455416516168017,0.8333333333333334,0.625,8,6
453,AHNAK2,KLF13,R-453,1.0,1.3368685043667607,0.4278421907693715,9.380064350176316e-26,3.555670810158081,2.678543018704894,0.8333333333333334,0.625,8,6
2181,AHNAK2,ELK1,R-2181,1.0,8.825884265539415,0.4302494966968738,4.679469031895981e-26,2.5777076536419328,1.6989759025144524,1.0,0.5882352941176471,17,10
2174,AHNAK2,ELK1,R-2174,1.0,8.825884265539415,0.3552457830537334,1.0292465133881439e-17,2.2804829252078345,1.4649536983035458,1.0,0.5882352941176471,17,10
2171,AHNAK2,ELK1,R-2171,1.0,8.825884265539415,-0.2356306205970599,2.446376416805216e-08,-2.4428858133575515,1.6333894057856702,1.0,0.5882352941176471,17,10
2182,AHNAK2,ELK1,R-2182,1.0,8.825884265539415,0.281648854621539,1.9674528281725572e-11,2.989521921578219,2.09772008784966,1.0,0.5882352941176471,17,10
2179,AHNAK2,ELK1,R-2179,1.0,8.825884265539415,-0.1330672756699258,0.0018150108357445,-2.646432990306373,1.8293523691456195,1.0,0.5882352941176471,17,10
2172,AHNAK2,ELK1,R-2172,1.0,8.825884265539415,0.7660937855829699,1.0564124608828912e-106,4.210767412947746,3.4448529907995105,1.0,0.5882352941176471,17,10
2177,AHNAK2,ELK1,R-2177,1.0,8.825884265539415,0.6608446664825852,6.105404196637836e-70,4.252553562427892,3.497888632598811,1.0,0.5882352941176471,17,10
2183,AHNAK2,ELK1,R-2183,1.0,8.825884265539415,0.5081497053500948,2.9914917212512235e-37,2.5871023606654915,1.7359232927679742,1.0,0.5882352941176471,17,10
2180,AHNAK2,ELK1,R-2180,1.0,8.825884265539415,0.5735452380390262,3.658852564370427e-49,2.2471059509583986,1.420192504571503,1.0,0.5882352941176471,17,10
2178,AHNAK2,ELK1,R-2178,1.0,8.825884265539415,0.6643905541342121,6.194219535262861e-71,4.016747700626591,3.092315589425891,1.0,0.5882352941176471,17,10
1443,AHNAK2,HOXC10,R-1443,1.0,2.0648718446302023,-0.0862555757803892,0.0437484866797224,-2.239755873201835,1.4545473105824906,1.0,0.25,4,1
4235,AHNAK2,LHX6,R-4235,-1.0,4.000114903578794,-0.5238242855104569,7.138604039129661e-40,2.6576214278360486,1.811880424626077,1.0,0.4444444444444444,9,4
4236,AHNAK2,LHX6,R-4236,-1.0,4.000114903578794,-0.6095956579483179,5.824159636118719e-57,3.2560684263045028,2.367051974860233,1.0,0.4444444444444444,9,4
4232,AHNAK2,LHX6,R-4232,-1.0,4.000114903578794,-0.4382757316610183,4.42152926005119e-27,3.714398397568596,2.7888872240354985,1.0,0.4444444444444444,9,4
4239,AHNAK2,LHX6,R-4239,-1.0,4.000114903578794,0.1178239620239113,0.0057981632727616,-2.6637377998298986,1.850220871452276,1.0,0.4444444444444444,9,4
3283,AHNAK2,RELA,R-3283,1.0,3.600289869060405,-0.2493307743778126,3.387399038602323e-09,-3.6698060220123216,2.758027426901738,1.0,0.25,4,1
355,AHNAK2,TFCP2,R-355,1.0,1.5848640216385523,0.5021518600696331,2.778480510987892e-36,2.6718276700400154,1.8112806348216608,1.0,0.5,14,7
346,AHNAK2,TFCP2,R-346,1.0,1.5848640216385523,0.6046161500731216,7.979832189050563e-56,4.944026332320326,4.144177339951091,1.0,0.5,14,7
349,AHNAK2,TFCP2,R-349,1.0,1.5848640216385523,0.2263426268016667,8.737330710218674e-08,2.616632792992051,1.7709154808304082,1.0,0.5,14,7
347,AHNAK2,TFCP2,R-347,1.0,1.5848640216385523,0.4794766410013476,8.601547398937988e-33,2.6956922308183566,1.858487783765648,1.0,0.5,14,7
358,AHNAK2,TFCP2,R-358,1.0,1.5848640216385523,0.3052613194995665,2.9199359522351337e-13,2.4895862436311784,1.625743128793364,1.0,0.5,14,7
350,AHNAK2,TFCP2,R-350,1.0,1.5848640216385523,0.3514018507946902,2.423442337866348e-17,2.3592303065849696,1.5225183757221052,1.0,0.5,14,7
345,AHNAK2,TFCP2,R-345,1.0,1.5848640216385523,0.5154293257417131,1.883639755753463e-38,6.953238234036557,7.903853397893181,1.0,0.5,14,7
4152,AHNAK2,SP100,R-4152,-1.0,2.6984695274009094,-0.2727784898750617,8.663369334394657e-11,2.457694591759181,1.6248241501188363,1.0,1.0,1,1
3847,AHNAK2,FOSL1,R-3847,1.0,1.5923598228735114,0.3626571589581503,1.909741484170729e-18,2.4331429397398514,1.6070898845308406,0.6666666666666666,0.1538461538461538,13,3
3852,AHNAK2,FOSL1,R-3852,1.0,1.5923598228735114,0.1473564066539686,0.0005454474454445,3.612813066963778,2.8069836551308844,0.6666666666666666,0.1538461538461538,13,3
528,AHNAK2,ESRRG,R-528,-1.0,2.5515041182264797,-0.4306055371922276,4.2201035668591836e-26,2.2507304853428125,1.425617186342188,0.8,0.5,8,5
526,AHNAK2,ESRRG,R-526,-1.0,2.5515041182264797,-0.5143963243951234,2.8001251958393403e-38,4.819301656454337,4.021016754037662,0.8,0.5,8,5
525,AHNAK2,ESRRG,R-525,-1.0,2.5515041182264797,-0.4370331092731979,6.3973704645180494e-27,6.69398726383837,7.268856142485869,0.8,0.5,8,5
527,AHNAK2,ESRRG,R-527,-1.0,2.5515041182264797,-0.4725873014080756,8.799581264335347e-32,2.2760724097487444,1.453636440494188,0.8,0.5,8,5
788,AHNAK2,NRF1,R-788,1.0,2.2668425914279164,0.1710075110173856,5.819100629060156e-05,4.14187774625858,3.2882933335024545,1.0,0.5384615384615384,13,7
776,AHNAK2,NRF1,R-776,1.0,2.2668425914279164,0.5308788144027471,4.247110828098967e-41,5.115266163822792,4.278722457552616,1.0,0.5384615384615384,13,7
787,AHNAK2,NRF1,R-787,1.0,2.2668425914279164,0.6322286448655895,2.159151256305903e-62,2.4909503188907243,1.623748357890333,1.0,0.5384615384615384,13,7
782,AHNAK2,NRF1,R-782,1.0,2.2668425914279164,0.4977020870747767,1.411236077606556e-35,3.89458853697853,2.9416356279463307,1.0,0.5384615384615384,13,7
783,AHNAK2,NRF1,R-783,1.0,2.2668425914279164,0.6749789462462435,5.5174629833950506e-74,3.9207805613891655,3.021203292136272,1.0,0.5384615384615384,13,7
780,AHNAK2,NRF1,R-780,1.0,2.2668425914279164,0.6153411367985887,2.680911634058308e-58,4.072395675192291,3.173813834361941,1.0,0.5384615384615384,13,7
785,AHNAK2,NRF1,R-785,1.0,2.2668425914279164,0.4357584461735837,9.329955514857891e-27,3.351399599546365,2.433756491291992,1.0,0.5384615384615384,13,7
1059,AHNAK2,ZNF652,R-1059,-1.0,1.953586187674352,-0.2992927287820467,8.782330389481637e-13,3.863461703949575,3.094018985578568,1.0,0.375,8,3
1056,AHNAK2,ZNF652,R-1056,-1.0,1.953586187674352,0.6149778376522794,3.263156876447312e-58,-2.161238516562582,1.3546812405418789,1.0,0.375,8,3
1062,AHNAK2,ZNF652,R-1062,-1.0,1.953586187674352,0.4085082240515325,2.048429186018698e-23,-2.1842328990508704,1.3738696555839738,1.0,0.375,8,3
2011,AHNAK2,RARA,R-2011,1.0,2.260959968060239,-0.3894172388414371,2.9928600814862307e-21,-2.49481634378062,1.6372495703770824,1.0,0.5333333333333333,15,8
2000,AHNAK2,RARA,R-2000,1.0,2.260959968060239,0.7126764933647864,5.7883424981010735e-86,4.145240792626708,3.349880417269729,1.0,0.5333333333333333,15,8
1999,AHNAK2,RARA,R-1999,1.0,2.260959968060239,0.5253992661283924,3.8238287340556685e-40,2.2095078129089867,1.3915852595571572,1.0,0.5333333333333333,15,8
1998,AHNAK2,RARA,R-1998,1.0,2.260959968060239,-0.1650592298585999,0.0001052272351057,-3.22297506741767,2.3189215808212382,1.0,0.5333333333333333,15,8
2004,AHNAK2,RARA,R-2004,1.0,2.260959968060239,-0.4141500288366405,4.410099752085407e-24,-3.1321979019432824,2.253178277948713,1.0,0.5333333333333333,15,8
2002,AHNAK2,RARA,R-2002,1.0,2.260959968060239,0.3070186462278697,2.1011877672593041e-13,2.115962490175328,1.303389465977141,1.0,0.5333333333333333,15,8
2006,AHNAK2,RARA,R-2006,1.0,2.260959968060239,0.2887547806281709,5.7724944615208136e-12,2.6848955171878157,1.8171506484138171,1.0,0.5333333333333333,15,8
2009,AHNAK2,RARA,R-2009,1.0,2.260959968060239,0.3464545302707007,7.172194804431504e-17,2.8727022694966315,1.9923028830573424,1.0,0.5333333333333333,15,8
508,AHNAK2,HEY2,R-508,1.0,2.6855773428203884,0.3018465274833787,5.499594259654392e-13,7.286409046905219,7.426079191361158,1.0,1.0,1,1
536,AHNAK2,CNOT3,R-536,1.0,4.08122189250943,0.5583921809518627,3.645867939973191e-46,4.716583435545436,3.854856282510112,1.0,0.75,4,3
533,AHNAK2,CNOT3,R-533,1.0,4.08122189250943,0.6534323374219821,6.604263980698424e-68,7.468859608894865,8.267337168135425,1.0,0.75,4,3
534,AHNAK2,CNOT3,R-534,1.0,4.08122189250943,0.7794530027279328,8.879362687784266e-113,4.830622204896561,4.007476879578374,1.0,0.75,4,3
561,AHNAK2,SREBF2,R-561,1.0,3.149573842806128,0.5477534915210891,3.772341727696129e-44,3.997706119210497,3.1639026997960147,1.0,0.4,5,2
558,AHNAK2,SREBF2,R-558,1.0,3.149573842806128,0.6787419335491767,4.234117628635702e-75,8.071248578134787,9.96845758863234,1.0,0.4,5,2
2332,AHNAK2,ELF3,R-2332,-1.0,2.036807443047693,-0.5912208596325009,7.287134932858792e-53,3.843231945470488,2.997879880776918,1.0,0.5294117647058824,17,9
2331,AHNAK2,ELF3,R-2331,-1.0,2.036807443047693,-0.483282960250894,2.3264789161892963e-33,2.621616723526149,1.772441299902449,1.0,0.5294117647058824,17,9
2335,AHNAK2,ELF3,R-2335,-1.0,2.036807443047693,0.6514515322278969,2.2581119070007088e-67,-3.35634693062202,2.4360991724207075,1.0,0.5294117647058824,17,9
2338,AHNAK2,ELF3,R-2338,-1.0,2.036807443047693,0.3233286882855197,8.907195109611447e-15,-4.084363450053755,3.130872710323565,1.0,0.5294117647058824,17,9
2330,AHNAK2,ELF3,R-2330,-1.0,2.036807443047693,-0.5982765616400971,2.0918623139546162e-54,3.1105471593828624,2.216199422039906,1.0,0.5294117647058824,17,9
2327,AHNAK2,ELF3,R-2327,-1.0,2.036807443047693,-0.4795439484920261,8.40613885387086e-33,2.9312624996854564,2.0669091290020294,1.0,0.5294117647058824,17,9
2329,AHNAK2,ELF3,R-2329,-1.0,2.036807443047693,-0.4772689846349754,1.8226023488546524e-32,3.0823987030099227,2.186987519928688,1.0,0.5294117647058824,17,9
2324,AHNAK2,ELF3,R-2324,-1.0,2.036807443047693,-0.535830314150014,5.630128781866491e-42,2.12977524508266,1.337432996559912,1.0,0.5294117647058824,17,9
2340,AHNAK2,ELF3,R-2340,-1.0,2.036807443047693,0.6559807104650243,1.339615799816023e-68,-3.604482801698097,2.7122209329478664,1.0,0.5294117647058824,17,9
3630,AHNAK2,HOXD10,R-3630,1.0,2.326025217337382,-0.1823001389115161,1.7876412541160497e-05,-2.460269901802138,1.599286217830141,1.0,0.8,5,4
3628,AHNAK2,HOXD10,R-3628,1.0,2.326025217337382,-0.2220080390659127,1.5538718985483474e-07,-3.6248149267259446,2.854825729340936,1.0,0.8,5,4
3626,AHNAK2,HOXD10,R-3626,1.0,2.326025217337382,0.1588398124247281,0.0001913586966173,5.926836144352754,5.162808352691059,1.0,0.8,5,4
3627,AHNAK2,HOXD10,R-3627,1.0,2.326025217337382,-0.2127860330064789,5.089790539792622e-07,-4.317476298087093,3.37153023553979,1.0,0.8,5,4
96,AHNAK2,ERF,R-96,1.0,4.072058443147728,0.7983112711892117,4.048923200985084e-122,7.039865526905354,7.717831125920125,1.0,0.5,6,3
100,AHNAK2,ERF,R-100,1.0,4.072058443147728,0.6323099564202326,2.060416086642524e-62,2.257461619827166,1.446154045090658,1.0,0.5,6,3
97,AHNAK2,ERF,R-97,1.0,4.072058443147728,0.8761470318203124,7.46357724432674e-175,5.7915836105231895,5.198179813401384,1.0,0.5,6,3
1689,AHNAK2,E2F1,R-1689,1.0,4.520553824920852,0.5597823225894055,1.963933770816423e-46,2.4610545739997884,1.607861941690844,1.0,0.6363636363636364,11,7
1693,AHNAK2,E2F1,R-1693,1.0,4.520553824920852,0.626857903035861,4.609563615141461e-61,3.300375442581562,2.381709407256337,1.0,0.6363636363636364,11,7
1690,AHNAK2,E2F1,R-1690,1.0,4.520553824920852,0.3810766822950064,2.3898172737394852e-20,3.0697601466510447,2.234448459563017,1.0,0.6363636363636364,11,7
1684,AHNAK2,E2F1,R-1684,1.0,4.520553824920852,0.39311035246396,1.1701535890451057e-21,2.6344963078902803,1.77153795461274,1.0,0.6363636363636364,11,7
1692,AHNAK2,E2F1,R-1692,1.0,4.520553824920852,0.3840561752129827,1.1455475201908095e-20,2.2452273692383,1.421022465373964,1.0,0.6363636363636364,11,7
1688,AHNAK2,E2F1,R-1688,1.0,4.520553824920852,0.8967882889072122,3.8189622010342934e-195,4.042475594951878,3.130067812346803,1.0,0.6363636363636364,11,7
1687,AHNAK2,E2F1,R-1687,1.0,4.520553824920852,0.4356387884123774,9.665577550945294e-27,2.800582616532058,1.9334853546068556,1.0,0.6363636363636364,11,7
1478,AHNAK2,ARID5A,R-1478,1.0,2.592649452794495,-0.2261659996284157,8.946764594799954e-08,-2.7707383141837645,1.9151786110400009,1.0,0.5,16,8
1469,AHNAK2,ARID5A,R-1469,1.0,2.592649452794495,-0.0789728026413864,0.0649391830316753,-3.511489871910863,2.6722584640729425,1.0,0.5,16,8
1475,AHNAK2,ARID5A,R-1475,1.0,2.592649452794495,-0.4599292406175336,5.510160403578237e-30,-2.2304069734036167,1.4200592187469088,1.0,0.5,16,8
1474,AHNAK2,ARID5A,R-1474,1.0,2.592649452794495,-0.2562086760968517,1.1996780405788115e-09,-4.207965606658436,3.2990259085528604,1.0,0.5,16,8
1470,AHNAK2,ARID5A,R-1470,1.0,2.592649452794495,-0.266830208716276,2.2725505706991784e-10,-2.317930403035505,1.5078506629572153,1.0,0.5,16,8
1479,AHNAK2,ARID5A,R-1479,1.0,2.592649452794495,-0.2137106678266821,4.529518752535191e-07,-3.0342407846352293,2.303355481625932,1.0,0.5,16,8
1471,AHNAK2,ARID5A,R-1471,1.0,2.592649452794495,0.4008575326247031,1.5696748707547786e-22,2.592936785903079,1.7311136911500835,1.0,0.5,16,8
1466,AHNAK2,ARID5A,R-1466,1.0,2.592649452794495,0.3852693230787413,8.473093407900232e-21,3.204770058976348,2.3702033490970287,1.0,0.5,16,8
3781,AHNAK2,SOX21,R-3781,1.0,2.1320454551988086,-0.2850808034490762,1.0929119411284535e-11,-2.4151242178652126,1.5690801816546844,1.0,0.4285714285714285,14,6
3773,AHNAK2,SOX21,R-3773,1.0,2.1320454551988086,0.5832906734840306,3.5560019171700693e-51,2.3113276264503835,1.4892648615575668,1.0,0.4285714285714285,14,6
3783,AHNAK2,SOX21,R-3783,1.0,2.1320454551988086,0.2907069911366738,4.0964691593081695e-12,2.360379120391947,1.5222881703102409,1.0,0.4285714285714285,14,6
3779,AHNAK2,SOX21,R-3779,1.0,2.1320454551988086,-0.3358525006932377,6.880806479955559e-16,-2.4070022614470727,1.561752797321503,1.0,0.4285714285714285,14,6
3774,AHNAK2,SOX21,R-3774,1.0,2.1320454551988086,-0.4148088064006343,3.679071502156262e-24,-2.921548399218119,2.036593828249849,1.0,0.4285714285714285,14,6
3772,AHNAK2,SOX21,R-3772,1.0,2.1320454551988086,-0.4299751343546962,5.066866007180901e-26,-3.5731727866183776,2.658818735359884,1.0,0.4285714285714285,14,6
58,AHNAK2,CTF1,R-58,1.0,2.2379729867545715,0.3396039768022313,3.122252364859652e-16,8.019939281513055,10.280407531082613,1.0,0.6666666666666666,3,2
59,AHNAK2,CTF1,R-59,1.0,2.2379729867545715,-0.0112425505345079,0.793053228633369,-3.668673718945541,2.787499741907222,1.0,0.6666666666666666,3,2
0,AHNAK2,ETS1,R-0,1.0,2.186987519928688,0.7082382315638696,1.8718082564873168e-84,7.375532988376555,8.490609875106102,1.0,0.3684210526315789,19,7
9,AHNAK2,ETS1,R-9,1.0,2.186987519928688,0.5406053333634432,7.768498091869884e-43,2.9380923499363734,2.0904102158178786,1.0,0.3684210526315789,19,7
1,AHNAK2,ETS1,R-1,1.0,2.186987519928688,0.6478519745510231,2.0597628116420348e-66,4.868352080481832,4.080248037485735,1.0,0.3684210526315789,19,7
14,AHNAK2,ETS1,R-14,1.0,2.186987519928688,-0.3407660941521814,2.43899197775711e-16,-5.691658453605515,4.833872630158312,1.0,0.3684210526315789,19,7
7,AHNAK2,ETS1,R-7,1.0,2.186987519928688,0.4052917618417557,4.853150541459253e-23,2.5256091773708893,1.6729019772428464,1.0,0.3684210526315789,19,7
18,AHNAK2,ETS1,R-18,1.0,2.186987519928688,-0.4062273946179521,3.779861603292281e-23,-4.453475489747649,3.5436913441104108,1.0,0.3684210526315789,19,7
16,AHNAK2,ETS1,R-16,1.0,2.186987519928688,0.6521520287049583,1.463478948394585e-67,2.279932911026071,1.4738183289295628,1.0,0.3684210526315789,19,7
3817,AHNAK2,IRF8,R-3817,-1.0,2.339740720438864,-0.3624789187513536,1.989726903465e-18,4.015514410445402,3.2813440220719947,1.0,0.4,15,6
3810,AHNAK2,IRF8,R-3810,-1.0,2.339740720438864,0.610725441307648,3.1952249307299463e-57,-2.8025798359108136,1.9083701167611893,1.0,0.4,15,6
3811,AHNAK2,IRF8,R-3811,-1.0,2.339740720438864,-0.2146823738985363,4.004816291027876e-07,4.05655240480658,3.2153794130252327,1.0,0.4,15,6
3814,AHNAK2,IRF8,R-3814,-1.0,2.339740720438864,-0.3301661908462105,2.233212772736097e-15,3.047062712725145,2.162216721336835,1.0,0.4,15,6
3809,AHNAK2,IRF8,R-3809,-1.0,2.339740720438864,0.4848801567399359,1.3374454839407177e-33,-2.6478091224009668,1.7732941604678558,1.0,0.4,15,6
3821,AHNAK2,IRF8,R-3821,-1.0,2.339740720438864,0.5635903281922042,3.553166582510218e-47,-3.2608593665127907,2.3363387616754805,1.0,0.4,15,6
1893,AHNAK2,MEF2A,R-1893,-1.0,1.8613532214538209,0.4384894586058198,4.1487032498601566e-27,-2.932412135764763,2.0520929785904376,1.0,0.4761904761904761,21,10
1897,AHNAK2,MEF2A,R-1897,-1.0,1.8613532214538209,0.3603589527541007,3.2349917017455197e-18,-3.344438340089896,2.455591387274771,1.0,0.4761904761904761,21,10
1900,AHNAK2,MEF2A,R-1900,-1.0,1.8613532214538209,0.5450469678708645,1.1960462123052317e-43,-2.710422159192508,1.907788693547651,1.0,0.4761904761904761,21,10
1895,AHNAK2,MEF2A,R-1895,-1.0,1.8613532214538209,0.3937712562994458,9.878979661378054e-22,-3.042269706071863,2.173810834512276,1.0,0.4761904761904761,21,10
1902,AHNAK2,MEF2A,R-1902,-1.0,1.8613532214538209,0.5520529591173714,5.902939005588481e-45,-3.6666572550243193,2.8616110159663,1.0,0.4761904761904761,21,10
1904,AHNAK2,MEF2A,R-1904,-1.0,1.8613532214538209,0.2768279372717648,4.4326267975654434e-11,-2.399368735624297,1.5694610618302312,1.0,0.4761904761904761,21,10
1894,AHNAK2,MEF2A,R-1894,-1.0,1.8613532214538209,0.2789865427544072,3.08716294840272e-11,-2.2454685115201864,1.440922027442761,1.0,0.4761904761904761,21,10
1905,AHNAK2,MEF2A,R-1905,-1.0,1.8613532214538209,0.3224592632044025,1.0593829723459796e-14,-2.1686333097076784,1.3590699059166285,1.0,0.4761904761904761,21,10
1903,AHNAK2,MEF2A,R-1903,-1.0,1.8613532214538209,0.3735605325298274,1.4774090673230445e-19,-2.368002026815046,1.549984486087897,1.0,0.4761904761904761,21,10
1890,AHNAK2,MEF2A,R-1890,-1.0,1.8613532214538209,0.2742772913178176,6.769093015884477e-11,-3.30735148103963,2.509690302295671,1.0,0.4761904761904761,21,10
4312,AHNAK2,GTF2A1,R-4312,1.0,2.0441411890606656,0.6280199470661045,2.389119054180929e-61,2.1924053365237226,1.3841547935098,1.0,0.3333333333333333,3,1
2515,AHNAK2,AHR,R-2515,-1.0,2.149322851895242,-0.2212048949995813,1.7265965471008577e-07,2.631233453767363,1.8176564513470752,1.0,1.0,1,1
3610,AHNAK2,SOX9,R-3610,1.0,1.451895788316855,0.2966407549935486,1.4209730493193912e-12,3.2573530454924264,2.391881690331892,1.0,0.5217391304347826,23,12
3609,AHNAK2,SOX9,R-3609,1.0,1.451895788316855,0.4776821411817875,1.5843126018422634e-32,3.616783086472264,2.8672277397177623,1.0,0.5217391304347826,23,12
3613,AHNAK2,SOX9,R-3613,1.0,1.451895788316855,0.3558299944760932,9.027108169519364e-18,2.765107245712778,1.8955799582953596,1.0,0.5217391304347826,23,12
3598,AHNAK2,SOX9,R-3598,1.0,1.451895788316855,-0.3187987035316195,2.185138664174441e-14,-2.91075728185454,2.009897265045046,1.0,0.5217391304347826,23,12
3605,AHNAK2,SOX9,R-3605,1.0,1.451895788316855,-0.3452535534762412,9.306507169541911e-17,-2.4337904033076607,1.58382270131375,1.0,0.5217391304347826,23,12
3595,AHNAK2,SOX9,R-3595,1.0,1.451895788316855,0.2439921465795843,7.424107812712286e-09,3.945831901011632,3.091885426149023,1.0,0.5217391304347826,23,12
3616,AHNAK2,SOX9,R-3616,1.0,1.451895788316855,-0.4860309828550663,8.958956654418833e-34,-3.290765447520092,2.425132284830644,1.0,0.5217391304347826,23,12
3617,AHNAK2,SOX9,R-3617,1.0,1.451895788316855,-0.4299143523179071,5.156888466745556e-26,-2.514813694822286,1.6540903726703882,1.0,0.5217391304347826,23,12
3599,AHNAK2,SOX9,R-3599,1.0,1.451895788316855,-0.460368279020783,4.787355492838372e-30,-3.851742300764053,2.948859323296773,1.0,0.5217391304347826,23,12
3615,AHNAK2,SOX9,R-3615,1.0,1.451895788316855,0.1753446649428714,3.730375443112919e-05,2.8277794584894558,2.0366562471889846,1.0,0.5217391304347826,23,12
3604,AHNAK2,SOX9,R-3604,1.0,1.451895788316855,-0.319715346503801,1.82450946079281e-14,-3.248782269567243,2.3334775364874987,1.0,0.5217391304347826,23,12
3597,AHNAK2,SOX9,R-3597,1.0,1.451895788316855,0.3675677463091226,6.104389062678577e-19,2.5881641786331886,1.7298002265699404,1.0,0.5217391304347826,23,12
549,AHNAK2,ZNF281,R-549,-1.0,1.3055980994030003,-0.3030137772127923,4.4335336557420054e-13,2.8017212552152486,1.9344799801940475,0.7142857142857143,0.238095238095238,21,7
545,AHNAK2,ZNF281,R-545,-1.0,1.3055980994030003,-0.1965931558400099,3.6093967904392384e-06,3.911461193169516,3.0785522476819835,0.7142857142857143,0.238095238095238,21,7
543,AHNAK2,ZNF281,R-543,-1.0,1.3055980994030003,-0.2295300544076214,5.679211347543003e-08,4.0985885826442985,3.2276384189771306,0.7142857142857143,0.238095238095238,21,7
539,AHNAK2,ZNF281,R-539,-1.0,1.3055980994030003,-0.2379383583629703,1.768125280661162e-08,6.089806476930329,5.678631679782257,0.7142857142857143,0.238095238095238,21,7
537,AHNAK2,ZNF281,R-537,-1.0,1.3055980994030003,-0.252188189984264,2.20901127510452e-09,7.565167261620783,8.617652735675104,0.7142857142857143,0.238095238095238,21,7
1295,AHNAK2,FOXJ1,R-1295,1.0,3.032871622653852,0.5993317788577932,1.2207151427991929e-54,2.2760066930286103,1.4701220484274484,1.0,0.4090909090909091,22,9
1310,AHNAK2,FOXJ1,R-1310,1.0,3.032871622653852,-0.3059613027386816,2.5619149953310133e-13,-3.4501263329580327,2.656522356404676,1.0,0.4090909090909091,22,9
1302,AHNAK2,FOXJ1,R-1302,1.0,3.032871622653852,-0.4078344159476813,2.456026728186201e-23,-2.353328078030867,1.5455017286273425,1.0,0.4090909090909091,22,9
1308,AHNAK2,FOXJ1,R-1308,1.0,3.032871622653852,-0.2349487473254803,2.690970555217002e-08,-2.747776967097653,1.868150632145976,1.0,0.4090909090909091,22,9
1299,AHNAK2,FOXJ1,R-1299,1.0,3.032871622653852,-0.3513231787494854,2.4659905816937002e-17,-2.168525562435064,1.38398818367976,1.0,0.4090909090909091,22,9
1313,AHNAK2,FOXJ1,R-1313,1.0,3.032871622653852,-0.1817526606621737,1.8961223946129436e-05,-2.670465470231432,1.8200338089521344,1.0,0.4090909090909091,22,9
1307,AHNAK2,FOXJ1,R-1307,1.0,3.032871622653852,-0.1298811678186903,0.0023375227203475,-3.478769075904051,2.548111663782266,1.0,0.4090909090909091,22,9
1300,AHNAK2,FOXJ1,R-1300,1.0,3.032871622653852,0.3857383492419988,7.538055879937967e-21,2.336793389506679,1.514468042170411,1.0,0.4090909090909091,22,9
1297,AHNAK2,FOXJ1,R-1297,1.0,3.032871622653852,0.6766337720246898,1.792507319848185e-74,2.8651752496591723,1.998909767379916,1.0,0.4090909090909091,22,9
334,AHNAK2,PLAG1,R-334,-1.0,3.165917754375746,-0.4103115955555939,1.2577806623328865e-23,2.17420737423994,1.361603151393534,1.0,0.5789473684210527,19,11
329,AHNAK2,PLAG1,R-329,-1.0,3.165917754375746,-0.4530621168953678,4.8407073020078113e-29,4.4509372360175,3.650848053128341,1.0,0.5789473684210527,19,11
324,AHNAK2,PLAG1,R-324,-1.0,3.165917754375746,-0.4874456865943274,5.462984906328884e-34,3.919079990879167,3.063127784366423,1.0,0.5789473684210527,19,11
325,AHNAK2,PLAG1,R-325,-1.0,3.165917754375746,-0.5989786711507042,1.4621347929450042e-54,3.6490422733786514,2.80607245297083,1.0,0.5789473684210527,19,11
319,AHNAK2,PLAG1,R-319,-1.0,3.165917754375746,-0.6016052030010048,3.7990934279053385e-55,4.618193840108157,3.799876540313983,1.0,0.5789473684210527,19,11
330,AHNAK2,PLAG1,R-330,-1.0,3.165917754375746,-0.4697312055563433,2.2721845471054194e-31,3.5316263302845465,2.6278116331344323,1.0,0.5789473684210527,19,11
326,AHNAK2,PLAG1,R-326,-1.0,3.165917754375746,-0.3564172853261311,7.909671028033094e-18,2.477730047441417,1.6241900491319137,1.0,0.5789473684210527,19,11
322,AHNAK2,PLAG1,R-322,-1.0,3.165917754375746,-0.5229746567501273,9.983391169561856e-40,3.447312832821398,2.549883262474826,1.0,0.5789473684210527,19,11
318,AHNAK2,PLAG1,R-318,-1.0,3.165917754375746,-0.5559383170106558,1.0788986046683712e-45,7.502964112169138,8.509076597585622,1.0,0.5789473684210527,19,11
332,AHNAK2,PLAG1,R-332,-1.0,3.165917754375746,-0.347592965355412,5.59702899373211e-17,2.841787498859026,1.9729404636209689,1.0,0.5789473684210527,19,11
328,AHNAK2,PLAG1,R-328,-1.0,3.165917754375746,-0.2429122206207568,8.681907546970635e-09,4.169085972550782,3.271132885975891,1.0,0.5789473684210527,19,11
150,AHNAK2,TFEC,R-150,-1.0,1.3283424190210875,-0.2158652407254603,3.4447425212503025e-07,7.32866608327674,9.29520006911657,1.0,1.0,3,3
152,AHNAK2,TFEC,R-152,-1.0,1.3283424190210875,-0.1597835103686529,0.0001750035697383,3.6346446681997104,2.77085010218343,1.0,1.0,3,3
151,AHNAK2,TFEC,R-151,-1.0,1.3283424190210875,-0.315972082201949,3.79616407388039e-14,4.73182239901709,3.9296304019053983,1.0,1.0,3,3
1371,AHNAK2,STAT4,R-1371,-1.0,2.553941523849435,0.2306780210541936,4.85549401242519e-08,-2.329213808664936,1.4941826126580893,1.0,0.4347826086956521,23,10
1366,AHNAK2,STAT4,R-1366,-1.0,2.553941523849435,0.6676920672036699,7.151559109989438e-72,-5.016874145488847,4.162625917588474,1.0,0.4347826086956521,23,10
1370,AHNAK2,STAT4,R-1370,-1.0,2.553941523849435,-0.6167350177411693,1.258233355497898e-58,2.664718530356171,1.7828318856884051,1.0,0.4347826086956521,23,10
1355,AHNAK2,STAT4,R-1355,-1.0,2.553941523849435,-0.537328309075997,3.034913547458156e-42,4.1996571113633285,3.3967461897039017,1.0,0.4347826086956521,23,10
1363,AHNAK2,STAT4,R-1363,-1.0,2.553941523849435,-0.5980353398053126,2.3652925520062602e-54,3.2025634617792105,2.3149704408006166,1.0,0.4347826086956521,23,10
1358,AHNAK2,STAT4,R-1358,-1.0,2.553941523849435,-0.6467816534737629,3.9517526477976575e-66,3.114770175380857,2.2235936438258057,1.0,0.4347826086956521,23,10
1375,AHNAK2,STAT4,R-1375,-1.0,2.553941523849435,0.5419736257284129,4.3782553862456624e-43,-2.6657715597683302,1.8134502683276787,1.0,0.4347826086956521,23,10
1364,AHNAK2,STAT4,R-1364,-1.0,2.553941523849435,-0.4487281157172668,1.860306984438829e-28,2.7310359216094464,1.873356487803392,1.0,0.4347826086956521,23,10
1360,AHNAK2,STAT4,R-1360,-1.0,2.553941523849435,0.356099444397927,8.496357325306352e-18,-3.447187975564359,2.5131325562866453,1.0,0.4347826086956521,23,10
1369,AHNAK2,STAT4,R-1369,-1.0,2.553941523849435,0.4261828191691145,1.5099886393341593e-25,-3.840228337506888,2.9219732326944468,1.0,0.4347826086956521,23,10
887,AHNAK2,TRIM28,R-887,1.0,3.0450420206584328,0.3902027128584728,2.453436671887735e-21,2.432065778491886,1.6044392264905245,1.0,0.4166666666666667,12,5
890,AHNAK2,TRIM28,R-890,1.0,3.0450420206584328,0.4984599195624161,1.0718390100194012e-35,2.738694156671783,1.871175401151532,1.0,0.4166666666666667,12,5
884,AHNAK2,TRIM28,R-884,1.0,3.0450420206584328,-0.2954896355995916,1.7483386484048985e-12,-2.688241373948922,1.8437088432773667,1.0,0.4166666666666667,12,5
889,AHNAK2,TRIM28,R-889,1.0,3.0450420206584328,0.5725043181641214,5.947378940388132e-49,2.8928160230891757,2.031368671764328,1.0,0.4166666666666667,12,5
882,AHNAK2,TRIM28,R-882,1.0,3.0450420206584328,0.6634467828705808,1.1423697673149452e-70,4.885675707430107,4.085232918520456,1.0,0.4166666666666667,12,5
163,AHNAK2,SP1,R-163,1.0,8.86714211920184,0.3531129127881152,1.6577158135224885e-17,2.1756966836901195,1.3623467255784945,1.0,0.68,25,17
159,AHNAK2,SP1,R-159,1.0,8.86714211920184,0.6508147505758894,3.346101151918042e-67,4.795650472881048,3.9601084989885136,1.0,0.68,25,17
162,AHNAK2,SP1,R-162,1.0,8.86714211920184,0.5607482364044366,1.2755439172344947e-46,4.116350467767158,3.2900728138989344,1.0,0.68,25,17
153,AHNAK2,SP1,R-153,1.0,8.86714211920184,0.7427238622944462,5.379296596284772e-97,7.869010862607947,9.33217644468344,1.0,0.68,25,17
164,AHNAK2,SP1,R-164,1.0,8.86714211920184,0.6702147050296877,1.3484617207025586e-72,2.752142620188829,1.892800533921263,1.0,0.68,25,17
169,AHNAK2,SP1,R-169,1.0,8.86714211920184,0.5878315095545108,3.8893922463024694e-52,3.791184059405301,2.9099068123389324,1.0,0.68,25,17
155,AHNAK2,SP1,R-155,1.0,8.86714211920184,0.8242016327125548,1.0617620400911692e-136,3.708152008573569,2.896922692176337,1.0,0.68,25,17
170,AHNAK2,SP1,R-170,1.0,8.86714211920184,0.7046666820149251,2.9285663994998792e-83,4.544665378371169,3.670669541736901,1.0,0.68,25,17
158,AHNAK2,SP1,R-158,1.0,8.86714211920184,0.5421882325096938,4.000716016552389e-43,2.311198757708731,1.4863956510839162,1.0,0.68,25,17
168,AHNAK2,SP1,R-168,1.0,8.86714211920184,0.5803803210493985,1.4422432459073214e-50,3.33615444661537,2.496902363357687,1.0,0.68,25,17
166,AHNAK2,SP1,R-166,1.0,8.86714211920184,0.265709517000567,2.718169662051343e-10,2.2130835062466767,1.3953167359425322,1.0,0.68,25,17
160,AHNAK2,SP1,R-160,1.0,8.86714211920184,-0.5448996685802621,1.273183474974774e-43,-5.345371363352824,4.724095477220319,1.0,0.68,25,17
165,AHNAK2,SP1,R-165,1.0,8.86714211920184,0.7017803051243581,2.623472896142765e-82,3.0356675095894654,2.163778648531121,1.0,0.68,25,17
174,AHNAK2,SP1,R-174,1.0,8.86714211920184,0.5848766520579594,1.6481833356025592e-51,4.133604922490838,3.2134376369953146,1.0,0.68,25,17
157,AHNAK2,SP1,R-157,1.0,8.86714211920184,0.6542791800334601,3.893429620594527e-68,5.593301558346593,4.990523437109365,1.0,0.68,25,17
177,AHNAK2,SP1,R-177,1.0,8.86714211920184,0.1794038638605552,2.4365832196303108e-05,2.8206076560427307,1.9228218394361856,1.0,0.68,25,17
154,AHNAK2,SP1,R-154,1.0,8.86714211920184,0.6057902918549577,4.322752925351716e-56,4.925925626236583,4.127469837771513,1.0,0.68,25,17
4502,AHNAK2,NEUROD1,R-4502,1.0,2.440577549128882,0.2073234949040603,1.0030631599309744e-06,4.243126026727631,3.38765266254709,1.0,1.0,1,1
1133,AHNAK2,HMGA1,R-1133,1.0,3.417831095185206,0.6295227077730179,1.017016239387614e-61,2.96858702081386,2.102421884305337,1.0,0.4285714285714285,21,9
1145,AHNAK2,HMGA1,R-1145,1.0,3.417831095185206,-0.4513215070601744,8.331695291297261e-29,-2.9949214424071062,2.104669643201856,1.0,0.4285714285714285,21,9
1132,AHNAK2,HMGA1,R-1132,1.0,3.417831095185206,0.5579330529489992,4.469500392839124e-46,2.934156918179793,2.0627237396780105,1.0,0.4285714285714285,21,9
1134,AHNAK2,HMGA1,R-1134,1.0,3.417831095185206,0.4598947070357149,5.571395298543029e-30,2.406041179715565,1.5608395246999538,1.0,0.4285714285714285,21,9
1143,AHNAK2,HMGA1,R-1143,1.0,3.417831095185206,-0.31206186892812,8.07211766949939e-14,-3.545465498247792,2.654454531405689,1.0,0.4285714285714285,21,9
1139,AHNAK2,HMGA1,R-1139,1.0,3.417831095185206,-0.4792059446445012,9.433910636348153e-33,-2.12549662720555,1.3120727957072449,1.0,0.4285714285714285,21,9
1136,AHNAK2,HMGA1,R-1136,1.0,3.417831095185206,-0.3089412355748975,1.462226603409827e-13,-3.451183700210405,2.5515041182264797,1.0,0.4285714285714285,21,9
1147,AHNAK2,HMGA1,R-1147,1.0,3.417831095185206,-0.4295158597124194,5.787518816847602e-26,-3.081139424862396,2.1889072996588386,1.0,0.4285714285714285,21,9
1148,AHNAK2,HMGA1,R-1148,1.0,3.417831095185206,-0.4346770538206239,1.2834105733405879e-26,-3.7236612290579054,2.8858168494267598,1.0,0.4285714285714285,21,9
920,AHNAK2,ZNF219,R-920,1.0,2.4332176609542127,0.4820583745109025,3.5495859843074706e-33,2.537279377562605,1.6974030611615178,1.0,0.3333333333333333,21,7
903,AHNAK2,ZNF219,R-903,1.0,2.4332176609542127,0.3615741535716448,2.4494673210605747e-18,4.997926090055897,4.186006558780945,1.0,0.3333333333333333,21,7
911,AHNAK2,ZNF219,R-911,1.0,2.4332176609542127,0.3184039502311696,2.3611875700517082e-14,4.166827083610862,3.264139476777521,1.0,0.3333333333333333,21,7
906,AHNAK2,ZNF219,R-906,1.0,2.4332176609542127,0.2149201497071097,3.885622934188118e-07,3.929226479862788,3.067058711410907,1.0,0.3333333333333333,21,7
909,AHNAK2,ZNF219,R-909,1.0,2.4332176609542127,0.3788160891004536,4.154130769384107e-20,4.208343374973581,3.374469876966929,1.0,0.3333333333333333,21,7
910,AHNAK2,ZNF219,R-910,1.0,2.4332176609542127,0.5251958039425179,4.1457406590911004e-40,2.92538547907343,2.0365696704459,1.0,0.3333333333333333,21,7
912,AHNAK2,ZNF219,R-912,1.0,2.4332176609542127,0.2983982283612649,1.0335635366567085e-12,2.8790723171043213,2.0201784111824206,1.0,0.3333333333333333,21,7
2820,AHNAK2,ZBTB33,R-2820,1.0,8.833053555395587,-0.4639858000257791,1.4911671343599052e-30,-3.0643347805776693,2.209680489453854,1.0,0.2,5,1
3557,AHNAK2,TP53,R-3557,1.0,2.7086966452872803,-0.3022566046025125,5.099198365421335e-13,-3.109102276758672,2.205104467102684,1.0,0.5238095238095238,21,11
3559,AHNAK2,TP53,R-3559,1.0,2.7086966452872803,0.4366578590147092,7.150197751352834e-27,2.607463439126991,1.7468421016592253,1.0,0.5238095238095238,21,11
3558,AHNAK2,TP53,R-3558,1.0,2.7086966452872803,-0.5317920113487173,2.933147284682638e-41,-4.050330193379772,3.163230675628536,1.0,0.5238095238095238,21,11
3553,AHNAK2,TP53,R-3553,1.0,2.7086966452872803,0.5252131807129872,4.117228914500624e-40,4.102884413053119,3.3235669223166635,1.0,0.5238095238095238,21,11
3547,AHNAK2,TP53,R-3547,1.0,2.7086966452872803,-0.188132941532373,9.440477257715342e-06,-3.8103171715047512,2.869575059721277,1.0,0.5238095238095238,21,11
3562,AHNAK2,TP53,R-3562,1.0,2.7086966452872803,-0.4661350205859739,7.407775794260084e-31,-3.392781861465966,2.490749039448104,1.0,0.5238095238095238,21,11
3565,AHNAK2,TP53,R-3565,1.0,2.7086966452872803,-0.2388354982931904,1.5570426980885957e-08,-2.5719136216684624,1.755516166821671,1.0,0.5238095238095238,21,11
3564,AHNAK2,TP53,R-3564,1.0,2.7086966452872803,0.3089292111430116,1.465557993272409e-13,2.8487802804537825,2.007591357314067,1.0,0.5238095238095238,21,11
3548,AHNAK2,TP53,R-3548,1.0,2.7086966452872803,0.5114863385590241,8.492818438442163e-38,2.4470941071481365,1.6160953528984778,1.0,0.5238095238095238,21,11
3545,AHNAK2,TP53,R-3545,1.0,2.7086966452872803,0.5471089379801799,4.970160548461806e-44,5.414206542821689,4.785122591055811,1.0,0.5238095238095238,21,11
3551,AHNAK2,TP53,R-3551,1.0,2.7086966452872803,-0.5176286236615304,8.06212090852572e-39,-2.702728436933655,1.856625244030545,1.0,0.5238095238095238,21,11
1246,AHNAK2,ZBTB7B,R-1246,1.0,8.652685246142406,-0.2170442216079333,2.961945495094961e-07,-2.1717918332713166,1.3625429783298435,1.0,0.4,5,2
1250,AHNAK2,ZBTB7B,R-1250,1.0,8.652685246142406,0.3870358147703721,5.4494447746709475e-21,2.379815605014157,1.5465205185359994,1.0,0.4,5,2
606,AHNAK2,KLF11,R-606,-1.0,1.7986796129795697,-0.2662105838756181,2.5093028813212167e-10,3.709875891798963,2.7629349875041145,0.875,0.7,10,8
604,AHNAK2,KLF11,R-604,-1.0,1.7986796129795697,-0.2878926875177158,6.710832871869784e-12,7.164310837471271,8.021579663878358,0.875,0.7,10,8
610,AHNAK2,KLF11,R-610,-1.0,1.7986796129795697,-0.30492052950319,3.1115428055309093e-13,2.957128352133416,2.08844418818797,0.875,0.7,10,8
603,AHNAK2,KLF11,R-603,-1.0,1.7986796129795697,-0.2275764508246927,7.400875036385632e-08,5.078741576255752,4.286094579756101,0.875,0.7,10,8
611,AHNAK2,KLF11,R-611,-1.0,1.7986796129795697,-0.2888147561481872,5.712213946548848e-12,2.587626920411805,1.7533877084879148,0.875,0.7,10,8
608,AHNAK2,KLF11,R-608,-1.0,1.7986796129795697,-0.1755087544462902,3.667372269420538e-05,3.6576385108524416,2.752569660670172,0.875,0.7,10,8
605,AHNAK2,KLF11,R-605,-1.0,1.7986796129795697,-0.2031351799830162,1.667031561504774e-06,3.8014841377814497,2.878251412350421,0.875,0.7,10,8
220,AHNAK2,SP4,R-220,1.0,2.659193562354017,0.356400055195075,7.940426994110784e-18,2.575780283451631,1.7111943531984248,1.0,0.4782608695652174,23,11
209,AHNAK2,SP4,R-209,1.0,2.659193562354017,0.3904929855769871,2.2793946164449358e-21,3.0239599398599277,2.1587212901515422,1.0,0.4782608695652174,23,11
203,AHNAK2,SP4,R-203,1.0,2.659193562354017,-0.354382590147679,1.2487618930237389e-17,-4.918521223074063,4.213726629568223,1.0,0.4782608695652174,23,11
211,AHNAK2,SP4,R-211,1.0,2.659193562354017,0.3574496267953612,6.2659600425227e-18,4.5646628498896025,3.673922683663888,1.0,0.4782608695652174,23,11
204,AHNAK2,SP4,R-204,1.0,2.659193562354017,0.1177896484012124,0.005812535485062,4.506785573078846,3.658037869449022,1.0,0.4782608695652174,23,11
213,AHNAK2,SP4,R-213,1.0,2.659193562354017,0.3357521993345796,7.026683869797978e-16,2.5656492754414115,1.7004286951270555,1.0,0.4782608695652174,23,11
201,AHNAK2,SP4,R-201,1.0,2.659193562354017,0.1726041209487745,4.946669146485996e-05,4.42427667730349,3.6301381502910486,1.0,0.4782608695652174,23,11
200,AHNAK2,SP4,R-200,1.0,2.659193562354017,0.298952745302443,9.343742905916968e-13,7.818219182399583,9.325960405515088,1.0,0.4782608695652174,23,11
205,AHNAK2,SP4,R-205,1.0,2.659193562354017,0.2026836772296412,1.7597613135916877e-06,3.41679106786668,2.507998265551374,1.0,0.4782608695652174,23,11
207,AHNAK2,SP4,R-207,1.0,2.659193562354017,0.2851379928202409,1.082183387315603e-11,4.485043471968243,3.6024069673003125,1.0,0.4782608695652174,23,11
221,AHNAK2,SP4,R-221,1.0,2.659193562354017,0.3076237537666165,1.8751416306503853e-13,3.780435995721402,2.875938276069667,1.0,0.4782608695652174,23,11
3922,AHNAK2,HOXC13,R-3922,1.0,1.424123067967541,-0.2420217527838392,9.872306023423755e-09,-3.2103395231965624,2.3861958296847376,1.0,0.3333333333333333,3,1
3094,AHNAK2,E2F4,R-3094,1.0,3.0477919446403057,-0.370841984447717,2.8222943719831016e-19,-2.5896528022971856,1.7344489070732858,1.0,0.8,5,4
3093,AHNAK2,E2F4,R-3093,1.0,3.0477919446403057,0.4597061287502845,5.9178549179293175e-30,3.2104695741921327,2.296364921285026,1.0,0.8,5,4
3092,AHNAK2,E2F4,R-3092,1.0,3.0477919446403057,0.5118447252849899,7.412352317579484e-38,3.975656695516133,3.094987339619846,1.0,0.8,5,4
3090,AHNAK2,E2F4,R-3090,1.0,3.0477919446403057,0.4729092482398503,7.902752333400898e-32,5.648408424401349,4.9542343990651485,1.0,0.8,5,4
1934,AHNAK2,SOX4,R-1934,1.0,4.971920727457472,-0.2396029356623973,1.3960297446170326e-08,-4.183355515456057,3.366212768977668,1.0,0.25,16,4
1941,AHNAK2,SOX4,R-1941,1.0,4.971920727457472,-0.5165477445465169,1.224374863566463e-38,-3.4119341027161174,2.491320144292039,1.0,0.25,16,4
1931,AHNAK2,SOX4,R-1931,1.0,4.971920727457472,-0.4308282824609437,3.95569098772716e-26,-2.1193455543185395,1.3175791555804497,1.0,0.25,16,4
1937,AHNAK2,SOX4,R-1937,1.0,4.971920727457472,-0.2130164768443901,4.944224745541487e-07,-2.592250203378033,1.7749494999267008,1.0,0.25,16,4
3128,AHNAK2,SOX17,R-3128,-1.0,2.6221484764986336,-0.221370157618306,1.6896070730635257e-07,5.026091177411836,4.2643070634259255,1.0,0.3529411764705882,17,6
3136,AHNAK2,SOX17,R-3136,-1.0,2.6221484764986336,0.427966834270628,9.049574160424923e-26,-2.902157691360467,2.011332440999894,1.0,0.3529411764705882,17,6
3141,AHNAK2,SOX17,R-3141,-1.0,2.6221484764986336,0.1707041873910927,6.000483799507955e-05,-3.918419049918145,3.057366162512504,1.0,0.3529411764705882,17,6
3127,AHNAK2,SOX17,R-3127,-1.0,2.6221484764986336,-0.328387821362107,3.2111261328308338e-15,6.301065676995389,5.821250490813548,1.0,0.3529411764705882,17,6
3132,AHNAK2,SOX17,R-3132,-1.0,2.6221484764986336,0.3482752052255247,4.821781122942764e-17,-3.562056698082244,2.6602646356699813,1.0,0.3529411764705882,17,6
3133,AHNAK2,SOX17,R-3133,-1.0,2.6221484764986336,-0.2384765983292784,1.63838050332264e-08,2.417184169037735,1.5839385945999644,1.0,0.3529411764705882,17,6
1917,AHNAK2,PBX1,R-1917,1.0,1.441592842418821,-0.3365397996231073,5.958233756431895e-16,-2.816545651071161,1.9444313710862269,1.0,0.2142857142857142,14,3
1924,AHNAK2,PBX1,R-1924,1.0,1.441592842418821,0.2039619329948797,1.509236105334132e-06,2.809708624237132,1.9359154139113413,1.0,0.2142857142857142,14,3
1923,AHNAK2,PBX1,R-1923,1.0,1.441592842418821,-0.4515680812335423,7.716300062902424e-29,-2.872144062149728,1.9839303369310397,1.0,0.2142857142857142,14,3
3973,AHNAK2,GBX2,R-3973,1.0,1.900301849674296,-0.2708001042312948,1.1970927254686605e-10,-2.9877591578582687,2.082924428349976,1.0,0.2,5,1
301,AHNAK2,NFYA,R-301,1.0,2.945563812485853,0.4469597177132638,3.20441389971102e-28,2.398529408627651,1.5614024906765724,1.0,0.4705882352941176,17,8
308,AHNAK2,NFYA,R-308,1.0,2.945563812485853,0.6894829039706872,2.240584241045762e-78,3.850899494279732,2.999007652888845,1.0,0.4705882352941176,17,8
306,AHNAK2,NFYA,R-306,1.0,2.945563812485853,0.3037296708282442,3.882819256654832e-13,2.575820743257965,1.712694716261148,1.0,0.4705882352941176,17,8
309,AHNAK2,NFYA,R-309,1.0,2.945563812485853,0.6270134874533118,4.221970414747748e-61,5.160328081526562,4.260364627305807,1.0,0.4705882352941176,17,8
300,AHNAK2,NFYA,R-300,1.0,2.945563812485853,0.5622301743146696,6.560435322561904e-47,3.704422442640342,2.8218636413108564,1.0,0.4705882352941176,17,8
307,AHNAK2,NFYA,R-307,1.0,2.945563812485853,0.5296277602486652,7.039403746731098e-41,2.824182718047226,1.9376405731080972,1.0,0.4705882352941176,17,8
296,AHNAK2,NFYA,R-296,1.0,2.945563812485853,0.6768199307598017,1.578817380165005e-74,8.01666040850074,9.769277162819524,1.0,0.4705882352941176,17,8
299,AHNAK2,NFYA,R-299,1.0,2.945563812485853,0.7201777592295211,1.394789782211474e-88,4.693719434076257,3.844395506880093,1.0,0.4705882352941176,17,8
3113,AHNAK2,SIRT6,R-3113,1.0,4.030265085535297,0.4565917275721248,1.5940927225588766e-29,3.495727879509227,2.6571888200245315,1.0,0.3333333333333333,3,1
1802,AHNAK2,ZFX,R-1802,1.0,2.845585032254533,0.3828128196280959,1.5583999362272667e-20,4.1906548395489,3.502620714043251,0.25,0.1111111111111111,18,8
1811,AHNAK2,ZFX,R-1811,1.0,2.845585032254533,-0.2269848341119641,8.015010058256846e-08,-2.483913681880592,1.6482505790528794,0.25,0.1111111111111111,18,8
2207,AHNAK2,RXRA,R-2207,1.0,1.3052947141537217,0.404791794762304,5.544813163304595e-23,3.021310540027333,2.144367135326378,1.0,0.6,10,6
2204,AHNAK2,RXRA,R-2204,1.0,1.3052947141537217,-0.188762244574305,8.801620249831248e-06,-3.126825091273824,2.225961058167755,1.0,0.6,10,6
2206,AHNAK2,RXRA,R-2206,1.0,1.3052947141537217,0.311030480615076,9.831170819595303e-14,2.822147316543337,1.9658462934423824,1.0,0.6,10,6
2205,AHNAK2,RXRA,R-2205,1.0,1.3052947141537217,0.2943091150032795,2.1604584704864835e-12,3.548742511597931,2.6267855903903072,1.0,0.6,10,6
2201,AHNAK2,RXRA,R-2201,1.0,1.3052947141537217,0.1890881506702374,8.487175496436367e-06,2.202139946633423,1.389060176982618,1.0,0.6,10,6
2200,AHNAK2,RXRA,R-2200,1.0,1.3052947141537217,0.2446224760974089,6.773633308536733e-09,2.325278236180908,1.4972793367208068,1.0,0.6,10,6
864,AHNAK2,GABPA,R-864,1.0,1.7121542716858966,0.3987614688518088,2.717244444236581e-22,2.8065328668178418,1.934316129586601,0.9,0.6,15,10
867,AHNAK2,GABPA,R-867,1.0,1.7121542716858966,0.353123984063815,1.6536351142929928e-17,4.018041192017192,3.179388431636525,0.9,0.6,15,10
869,AHNAK2,GABPA,R-869,1.0,1.7121542716858966,0.4055174398987366,4.5695460760367525e-23,4.12280468077785,3.3786108852970176,0.9,0.6,15,10
870,AHNAK2,GABPA,R-870,1.0,1.7121542716858966,0.4885415229294916,3.7182025527544365e-34,2.703906658514204,1.8595671239792173,0.9,0.6,15,10
877,AHNAK2,GABPA,R-877,1.0,1.7121542716858966,0.4705932986667983,1.7080422665957874e-31,2.507778751765673,1.6562751154323572,0.9,0.6,15,10
868,AHNAK2,GABPA,R-868,1.0,1.7121542716858966,0.5317850459765883,2.941453014100774e-41,4.7733281230177536,4.036633932818817,0.9,0.6,15,10
863,AHNAK2,GABPA,R-863,1.0,1.7121542716858966,0.5036348977754653,1.60791131475144e-36,4.896207704084981,4.109403551323785,0.9,0.6,15,10
874,AHNAK2,GABPA,R-874,1.0,1.7121542716858966,0.2199073561515013,2.045412229542511e-07,3.5220231817027416,2.6324076911617422,0.9,0.6,15,10
865,AHNAK2,GABPA,R-865,1.0,1.7121542716858966,0.4056315986819462,4.432381899868455e-23,2.479408589317803,1.6644511220160316,0.9,0.6,15,10
4442,AHNAK2,ZNF282,R-4442,1.0,2.836958943617212,0.593936768205173,1.877169638508876e-53,2.1967643492075406,1.3993667907603078,1.0,0.5,2,1
3054,AHNAK2,HOXD9,R-3054,1.0,1.8534713830181275,-0.1419256893042238,0.0008727323425302,-2.716497619320311,1.8659760533568144,1.0,0.7142857142857143,7,5
3053,AHNAK2,HOXD9,R-3053,1.0,1.8534713830181275,-0.2936129443889088,2.446550597864203e-12,-5.8533576746209,5.052358558749591,1.0,0.7142857142857143,7,5
3056,AHNAK2,HOXD9,R-3056,1.0,1.8534713830181275,0.2661303721165742,2.5416547123179156e-10,3.184656971533464,2.26493392954717,1.0,0.7142857142857143,7,5
3052,AHNAK2,HOXD9,R-3052,1.0,1.8534713830181275,-0.2914130599114385,3.616210186017276e-12,-4.521158378727469,3.5967657398237125,1.0,0.7142857142857143,7,5
3050,AHNAK2,HOXD9,R-3050,1.0,1.8534713830181275,0.2220526907672452,1.544774893439417e-07,5.7101775164398765,5.199340438587792,1.0,0.7142857142857143,7,5
4069,AHNAK2,SOX15,R-4069,1.0,2.6440015083664408,-0.2540894432966651,1.6572469677928023e-09,-3.918419049918145,3.057366162512504,1.0,0.3888888888888889,18,7
4064,AHNAK2,SOX15,R-4064,1.0,2.6440015083664408,-0.3063115509772123,2.3992881820309083e-13,-2.1686333097076784,1.3590699059166285,1.0,0.3888888888888889,18,7
4059,AHNAK2,SOX15,R-4059,1.0,2.6440015083664408,-0.3497344873464116,3.5008829364511585e-17,-2.382212890693284,1.5644955084256054,1.0,0.3888888888888889,18,7
4057,AHNAK2,SOX15,R-4057,1.0,2.6440015083664408,-0.1979827109198998,3.069721743990604e-06,-3.2388322202784696,2.433659056355566,1.0,0.3888888888888889,18,7
4056,AHNAK2,SOX15,R-4056,1.0,2.6440015083664408,-0.3188750293462125,2.1526168063424372e-14,-3.120336630200064,2.2603604060749083,1.0,0.3888888888888889,18,7
4065,AHNAK2,SOX15,R-4065,1.0,2.6440015083664408,-0.4690539514262807,2.841625696264728e-31,-2.732488624353739,1.857550202312762,1.0,0.3888888888888889,18,7
4061,AHNAK2,SOX15,R-4061,1.0,2.6440015083664408,-0.3409422814071928,2.349144510557167e-16,-2.8051611132247696,1.935867188028022,1.0,0.3888888888888889,18,7
742,AHNAK2,ETV6,R-742,1.0,1.6254502679203144,0.5622555429331607,6.485997510624833e-47,2.143718837119512,1.348887555993786,0.8571428571428571,0.2727272727272727,22,7
747,AHNAK2,ETV6,R-747,1.0,1.6254502679203144,0.2203661908755384,1.926678976443973e-07,4.930698797749487,4.159974840449135,0.8571428571428571,0.2727272727272727,22,7
755,AHNAK2,ETV6,R-755,1.0,1.6254502679203144,0.3864983080011302,6.234515152077127e-21,4.225091586268372,3.438552434654436,0.8571428571428571,0.2727272727272727,22,7
749,AHNAK2,ETV6,R-749,1.0,1.6254502679203144,-0.4051883810554195,4.9888042127669616e-23,-2.8746413641460347,2.0418863401373213,0.8571428571428571,0.2727272727272727,22,7
750,AHNAK2,ETV6,R-750,1.0,1.6254502679203144,0.5064266922444906,5.700503605720381e-37,2.938713429547466,2.0773225132644977,0.8571428571428571,0.2727272727272727,22,7
739,AHNAK2,ETV6,R-739,1.0,1.6254502679203144,0.5083847683295233,2.7388056999520464e-37,4.929086192398476,4.160204366375934,0.8571428571428571,0.2727272727272727,22,7
2217,AHNAK2,GATA6,R-2217,-1.0,2.034641433626758,-0.4465994246749259,3.5784512361192523e-28,2.652463710897881,1.7958565596755405,1.0,0.3,10,3
2216,AHNAK2,GATA6,R-2216,-1.0,2.034641433626758,-0.5336729551023843,1.3635223026648959e-41,2.355321074322071,1.543380321712251,1.0,0.3,10,3
2218,AHNAK2,GATA6,R-2218,-1.0,2.034641433626758,-0.5176671898272132,7.942596974876137e-39,2.3261387555600783,1.4938530277215671,1.0,0.3,10,3
3656,AHNAK2,STAT5B,R-3656,1.0,2.0855056989244027,0.5931020233452877,2.85198502893739e-53,4.6949825884107605,3.958307981382617,1.0,0.4,5,2
3658,AHNAK2,STAT5B,R-3658,1.0,2.0855056989244027,-0.3421816777279219,1.802802954102773e-16,-2.619494365521937,1.747769356925818,1.0,0.4,5,2
3969,AHNAK2,TEAD3,R-3969,1.0,1.5219852525335822,0.460349289216768,4.8165815814189326e-30,2.4336344179004903,1.610583190530857,1.0,0.2,10,2
3964,AHNAK2,TEAD3,R-3964,1.0,1.5219852525335822,-0.3989319371697037,2.599022913695868e-22,-2.853628427064568,1.988692868271883,1.0,0.2,10,2
4356,AHNAK2,LEF1,R-4356,1.0,2.140802265488084,0.2419423475415681,9.985828295388876e-09,2.3135202678515707,1.4920550752304698,1.0,0.3333333333333333,9,3
4357,AHNAK2,LEF1,R-4357,1.0,2.140802265488084,-0.2122737482163147,5.42829954142107e-07,-2.273587644178963,1.4571140117969,1.0,0.3333333333333333,9,3
4359,AHNAK2,LEF1,R-4359,1.0,2.140802265488084,-0.0136821171329237,0.7495136663101339,-2.26853005363186,1.44093394616279,1.0,0.3333333333333333,9,3
21,AHNAK2,KLF15,R-21,1.0,9.34679759379878,0.5987359829217872,1.654992983498735e-54,4.77769041457518,3.9775490436082888,1.0,0.7777777777777778,9,7
22,AHNAK2,KLF15,R-22,1.0,9.34679759379878,0.4893500193344065,2.79680868731564e-34,4.598437527269721,3.7230355008480713,1.0,0.7777777777777778,9,7
24,AHNAK2,KLF15,R-24,1.0,9.34679759379878,0.3830550679387733,1.4678481712171188e-20,2.2187816147592034,1.409050795517394,1.0,0.7777777777777778,9,7
23,AHNAK2,KLF15,R-23,1.0,9.34679759379878,0.431939809213325,2.862092772075091e-26,3.839849539312695,3.032457892066891,1.0,0.7777777777777778,9,7
19,AHNAK2,KLF15,R-19,1.0,9.34679759379878,0.741466649285008,1.6709036440522025e-96,7.309138343850575,7.793679544785345,1.0,0.7777777777777778,9,7
25,AHNAK2,KLF15,R-25,1.0,9.34679759379878,0.5289414144749817,9.27975321344611e-41,4.033953538692421,3.2144208264744143,1.0,0.7777777777777778,9,7
20,AHNAK2,KLF15,R-20,1.0,9.34679759379878,0.5852380448918965,1.3824530400639465e-51,4.506930640535107,3.654541668503592,1.0,0.7777777777777778,9,7
2547,AHNAK2,SOX13,R-2547,1.0,1.8741920535234728,0.1746149872225746,4.023156933345141e-05,2.1254935502621,1.326026805103017,1.0,0.75,4,3
2548,AHNAK2,SOX13,R-2548,1.0,1.8741920535234728,0.240320222352275,1.2602018862442434e-08,3.309905889574034,2.39030287213495,1.0,0.75,4,3
2549,AHNAK2,SOX13,R-2549,1.0,1.8741920535234728,-0.4052817170419485,4.866169713897671e-23,-3.085145862754751,2.2215033152091177,1.0,0.75,4,3
4213,AHNAK2,HMGA2,R-4213,-1.0,1.7174596248322191,-0.225564704714413,9.696702231358753e-08,3.684853919945056,2.80595086968403,1.0,0.6,5,3
4212,AHNAK2,HMGA2,R-4212,-1.0,1.7174596248322191,-0.2984318087868975,1.0272743221474388e-12,2.806560992647434,1.916733427812778,1.0,0.6,5,3
4214,AHNAK2,HMGA2,R-4214,-1.0,1.7174596248322191,-0.3704715732898654,3.0810414397176377e-19,2.5204462009169326,1.6636971087095214,1.0,0.6,5,3
2448,AHNAK2,JDP2,R-2448,1.0,9.211387571129835,0.4405300926805082,2.2533343757721182e-27,2.1873938729384617,1.372572117303034,1.0,0.625,8,5
2454,AHNAK2,JDP2,R-2454,1.0,9.211387571129835,0.4185798588712958,1.2936175763731743e-24,2.652503444595403,1.7793312945295665,1.0,0.625,8,5
2455,AHNAK2,JDP2,R-2455,1.0,9.211387571129835,-0.2761368990368576,4.9735300763152e-11,-3.8977720781413656,2.958073230775581,1.0,0.625,8,5
2449,AHNAK2,JDP2,R-2449,1.0,9.211387571129835,0.4012221515257317,1.426197227476597e-22,2.4813966577257456,1.651011676657718,1.0,0.625,8,5
2452,AHNAK2,JDP2,R-2452,1.0,9.211387571129835,-0.4649386629330316,1.0941697642342352e-30,-4.346670888310106,3.689669881561181,1.0,0.625,8,5
1625,AHNAK2,ELF1,R-1625,-1.0,1.7693198943862791,0.3495639457088101,3.63465387102944e-17,-4.850948330862402,4.36191813400374,0.8888888888888888,0.4,20,9
1636,AHNAK2,ELF1,R-1636,-1.0,1.7693198943862791,0.3228419187532599,9.816039191906706e-15,-4.164213352630975,3.2122297386212155,0.8888888888888888,0.4,20,9
1637,AHNAK2,ELF1,R-1637,-1.0,1.7693198943862791,0.5519177575783614,6.260051301578887e-45,-2.523658512133208,1.6558798853265433,0.8888888888888888,0.4,20,9
1624,AHNAK2,ELF1,R-1624,-1.0,1.7693198943862791,-0.140239189412517,0.0010065794325963,4.650089895759372,3.8536138560736233,0.8888888888888888,0.4,20,9
1622,AHNAK2,ELF1,R-1622,-1.0,1.7693198943862791,0.4053279817768268,4.806490433499584e-23,-5.248043483862648,4.360962689023863,0.8888888888888888,0.4,20,9
1621,AHNAK2,ELF1,R-1621,-1.0,1.7693198943862791,0.461309410774976,3.539068559613636e-30,-2.881293408221266,1.981372469572618,0.8888888888888888,0.4,20,9
1638,AHNAK2,ELF1,R-1638,-1.0,1.7693198943862791,0.4579328183259379,1.0417034841881277e-29,-2.989052349478212,2.0881566675773224,0.8888888888888888,0.4,20,9
1629,AHNAK2,ELF1,R-1629,-1.0,1.7693198943862791,0.3662258490385366,8.353113331924509e-19,-3.180015318420516,2.260615416780243,0.8888888888888888,0.4,20,9
1643,AHNAK2,SPI1,R-1643,1.0,4.089243899800392,0.6356880152634031,2.910927941181892e-63,5.37171507480112,4.68995872960733,0.8333333333333334,0.2,25,6
1651,AHNAK2,SPI1,R-1651,1.0,4.089243899800392,-0.1628465144324709,0.0001305007085935,-2.536564538445996,1.6933292249736036,0.8333333333333334,0.2,25,6
1652,AHNAK2,SPI1,R-1652,1.0,4.089243899800392,0.6080744939950427,1.30206816661734e-56,2.545129115099089,1.7025135005254546,0.8333333333333334,0.2,25,6
1655,AHNAK2,SPI1,R-1655,1.0,4.089243899800392,-0.3180338323521445,2.5388482038748748e-14,-2.747242751188146,1.859932143050087,0.8333333333333334,0.2,25,6
1649,AHNAK2,SPI1,R-1649,1.0,4.089243899800392,0.7595830689546911,6.910771193806568e-104,2.952016619301281,2.081640198607337,0.8333333333333334,0.2,25,6
1955,AHNAK2,SOX2,R-1955,1.0,5.821335310946046,-0.5219630647578711,1.48653321362434e-39,-3.787393157147575,2.9414477762158526,1.0,0.25,16,4
1950,AHNAK2,SOX2,R-1950,1.0,5.821335310946046,0.6319630075685,2.515653907390827e-62,3.887867525592649,3.015172212611646,1.0,0.25,16,4
1945,AHNAK2,SOX2,R-1945,1.0,5.821335310946046,0.7510201337380775,2.5637019932212097e-100,3.10913661489411,2.233134336729758,1.0,0.25,16,4
1948,AHNAK2,SOX2,R-1948,1.0,5.821335310946046,-0.3709220495673476,2.769245610164233e-19,-3.323447481862798,2.52293339050696,1.0,0.25,16,4
1791,AHNAK2,SRF,R-1791,1.0,8.82328749900555,0.5340281157612586,1.1792666011422907e-41,5.840736208435364,5.398647827549419,1.0,0.36,25,9
1792,AHNAK2,SRF,R-1792,1.0,8.82328749900555,0.2976157604522007,1.1912566026171736e-12,2.30921592189175,1.4939374696247791,1.0,0.36,25,9
1788,AHNAK2,SRF,R-1788,1.0,8.82328749900555,-0.5564890213270896,8.464040254814257e-46,-3.141912196591419,2.2334294590098347,1.0,0.36,25,9
1778,AHNAK2,SRF,R-1778,1.0,8.82328749900555,0.6403416903623737,1.886473770095049e-64,4.027670290629023,3.281551054293561,1.0,0.36,25,9
1786,AHNAK2,SRF,R-1786,1.0,8.82328749900555,0.7144720929799458,1.3917841534150217e-86,2.6568655662858567,1.8057367968812192,1.0,0.36,25,9
1797,AHNAK2,SRF,R-1797,1.0,8.82328749900555,-0.2856825382813185,9.850485492024351e-12,-3.283694471137009,2.384157759616381,1.0,0.36,25,9
1780,AHNAK2,SRF,R-1780,1.0,8.82328749900555,0.3349239799285836,8.35326270118054e-16,2.1752876038253106,1.377767722087045,1.0,0.36,25,9
1785,AHNAK2,SRF,R-1785,1.0,8.82328749900555,0.614907597373336,3.389438407436e-58,3.880040895784408,3.030892042532215,1.0,0.36,25,9
1787,AHNAK2,SRF,R-1787,1.0,8.82328749900555,-0.3487119707178688,4.381993688680363e-17,-2.2802640800981524,1.4722914228412394,1.0,0.36,25,9
3446,AHNAK2,THRA,R-3446,1.0,8.82139381508773,0.4148286027214221,3.659066310915306e-24,3.202409668939062,2.3100444944258025,1.0,0.3333333333333333,9,3
3448,AHNAK2,THRA,R-3448,1.0,8.82139381508773,0.3845119305093417,1.0229961718487043e-20,3.329234444651291,2.4608914978700405,1.0,0.3333333333333333,9,3
3444,AHNAK2,THRA,R-3444,1.0,8.82139381508773,0.5336790406380338,1.3601366256481562e-41,2.2796597761909028,1.4497217427786089,1.0,0.3333333333333333,9,3
486,AHNAK2,SF1,R-486,1.0,4.127076874852157,0.6152997844840542,2.7415972093042266e-58,4.958253389993114,4.161006777993513,1.0,0.75,4,3
487,AHNAK2,SF1,R-487,1.0,4.127076874852157,0.3236708713563221,8.318276150344334e-15,2.4518325151535207,1.616304914418778,1.0,0.75,4,3
485,AHNAK2,SF1,R-485,1.0,4.127076874852157,0.5257404227233021,3.338755872821378e-40,7.80262459109127,9.498988413353086,1.0,0.75,4,3
2295,AHNAK2,POU3F3,R-2295,1.0,9.10240349861562,-0.5268598680039984,2.136970737628884e-40,-3.344438340089896,2.455591387274771,1.0,0.36,25,9
2289,AHNAK2,POU3F3,R-2289,1.0,9.10240349861562,-0.4185765594844979,1.2948086214603042e-24,-2.4013445765629684,1.5828691152735628,1.0,0.36,25,9
2282,AHNAK2,POU3F3,R-2282,1.0,9.10240349861562,0.3623289799513127,2.059559668548565e-18,2.1149115300835595,1.3255558011165325,1.0,0.36,25,9
2301,AHNAK2,POU3F3,R-2301,1.0,9.10240349861562,-0.4926716220034784,8.611968775311099e-35,-3.5615533278557585,2.752095211404284,1.0,0.36,25,9
2296,AHNAK2,POU3F3,R-2296,1.0,9.10240349861562,0.3471086886931773,6.220471311152984e-17,2.126649885613738,1.3232327854761743,1.0,0.36,25,9
2300,AHNAK2,POU3F3,R-2300,1.0,9.10240349861562,-0.3605579424378713,3.0912014324637488e-18,-2.368002026815046,1.549984486087897,1.0,0.36,25,9
2292,AHNAK2,POU3F3,R-2292,1.0,9.10240349861562,-0.3948926078925144,7.405811738229727e-22,-2.7713949199881447,1.896912869435721,1.0,0.36,25,9
2287,AHNAK2,POU3F3,R-2287,1.0,9.10240349861562,0.7248097316953318,3.052049162248734e-90,2.698838341274765,1.8445943597305128,1.0,0.36,25,9
2286,AHNAK2,POU3F3,R-2286,1.0,9.10240349861562,-0.4963442061081474,2.3063173332033138e-35,-3.9093324166230135,3.209176651139441,1.0,0.36,25,9
580,AHNAK2,EWSR1,R-580,1.0,2.91671156880142,0.6598233229693483,1.1733686935111926e-69,3.4811143530913986,2.688315752134992,0.9,0.36,25,10
578,AHNAK2,EWSR1,R-578,1.0,2.91671156880142,0.6343327738062121,6.401515107904792e-63,7.817398439697168,9.292370641166462,0.9,0.36,25,10
591,AHNAK2,EWSR1,R-591,1.0,2.91671156880142,0.3726809893291965,1.8227963455551992e-19,2.973892529229649,2.06830690422023,0.9,0.36,25,10
594,AHNAK2,EWSR1,R-594,1.0,2.91671156880142,0.2930008714780328,2.7284548828804565e-12,2.730656538964101,1.8644112220854931,0.9,0.36,25,10
582,AHNAK2,EWSR1,R-582,1.0,2.91671156880142,0.6733712650391548,1.6332805719911682e-73,4.270271310891827,3.3746206557606486,0.9,0.36,25,10
586,AHNAK2,EWSR1,R-586,1.0,2.91671156880142,0.5658883877568407,1.2526903074145382e-47,4.315945142340812,3.609773945229053,0.9,0.36,25,10
579,AHNAK2,EWSR1,R-579,1.0,2.91671156880142,0.7114820420242162,1.4848192063514983e-85,4.5854160692425046,3.769084358081883,0.9,0.36,25,10
581,AHNAK2,EWSR1,R-581,1.0,2.91671156880142,0.6147468805764218,3.696940115587973e-58,4.037263524292882,3.101591336832989,0.9,0.36,25,10
584,AHNAK2,EWSR1,R-584,1.0,2.91671156880142,-0.5641597290338265,2.7463791959899804e-47,-2.681483977965311,1.8294046891718785,0.9,0.36,25,10
2616,AHNAK2,CEBPD,R-2616,1.0,2.8357482362158355,0.6711454253855406,7.256105313262257e-73,2.983506220885013,2.097443899670443,1.0,0.1666666666666666,6,1
94,AHNAK2,PPARG,R-94,-1.0,2.469279693149182,0.3524866891738613,1.9053995515210226e-17,-2.4490308269946968,1.5907916353145004,1.0,0.875,8,7
88,AHNAK2,PPARG,R-88,-1.0,2.469279693149182,-0.3039359924826771,3.736943326103481e-13,7.946147549283069,10.011978914752229,1.0,0.875,8,7
93,AHNAK2,PPARG,R-93,-1.0,2.469279693149182,-0.3336941151697153,1.0788631406499346e-15,2.169605495131976,1.3658388081466926,1.0,0.875,8,7
90,AHNAK2,PPARG,R-90,-1.0,2.469279693149182,-0.1696940617929688,6.643776746139327e-05,3.191058292660645,2.337083993545675,1.0,0.875,8,7
92,AHNAK2,PPARG,R-92,-1.0,2.469279693149182,-0.4785569919211947,1.1768359945592671e-32,2.1125956301961386,1.3168898587557296,1.0,0.875,8,7
91,AHNAK2,PPARG,R-91,-1.0,2.469279693149182,-0.313573427999828,6.038158718648365e-14,3.2289224107778125,2.3756634692981247,1.0,0.875,8,7
89,AHNAK2,PPARG,R-89,-1.0,2.469279693149182,-0.3456667100230531,8.509843240549067e-17,4.53953797692843,3.7038106246281775,1.0,0.875,8,7
772,AHNAK2,ESR2,R-772,-1.0,1.648476771905953,-0.573378875624702,3.954713329971422e-49,4.863275175772675,4.0778440714003175,1.0,0.25,4,1
3108,AHNAK2,ATF7,R-3108,1.0,1.4900674535530127,0.2959085844032266,1.6214458190016006e-12,2.245600499508437,1.4543301233438082,1.0,0.3333333333333333,3,1
481,AHNAK2,PATZ1,R-481,1.0,7.671304892886511,0.5969579067165103,4.08914333840057e-54,6.951402019263363,7.047934773670032,1.0,0.6666666666666666,6,4
479,AHNAK2,PATZ1,R-479,1.0,7.671304892886511,0.6943409944117185,6.6218600443365406e-80,7.717099693905452,8.740198362731306,1.0,0.6666666666666666,6,4
482,AHNAK2,PATZ1,R-482,1.0,7.671304892886511,-0.2776523440530165,3.8620991695046906e-11,-2.5950253453802925,1.7632163121592643,1.0,0.6666666666666666,6,4
483,AHNAK2,PATZ1,R-483,1.0,7.671304892886511,0.5406025472145916,7.777553203039963e-43,3.624723248659651,2.7807994514492305,1.0,0.6666666666666666,6,4
3796,AHNAK2,TBX2,R-3796,1.0,3.117950775805787,-0.2574848789103048,9.861639536374155e-10,-2.9328501920865087,2.0817316548900946,1.0,0.5,2,1
1432,AHNAK2,TRAF4,R-1432,1.0,4.081809071129964,0.4122215005933762,7.479396420867823e-24,2.3571050951569563,1.5315159398047564,1.0,0.5,14,7
1437,AHNAK2,TRAF4,R-1437,1.0,4.081809071129964,-0.4495493697511338,1.4435681330817972e-28,-2.441081064884493,1.6082472085277348,1.0,0.5,14,7
1434,AHNAK2,TRAF4,R-1434,1.0,4.081809071129964,-0.530266594852458,5.439951016558912e-41,-3.2564581154619487,2.3630983596254898,1.0,0.5,14,7
1439,AHNAK2,TRAF4,R-1439,1.0,4.081809071129964,0.1938007748133316,4.980551798193506e-06,2.801019260796114,1.921910842241157,1.0,0.5,14,7
1431,AHNAK2,TRAF4,R-1431,1.0,4.081809071129964,-0.2705336604174325,1.25012947776524e-10,-2.3980922396424824,1.587252793236583,1.0,0.5,14,7
1433,AHNAK2,TRAF4,R-1433,1.0,4.081809071129964,0.2659347551393081,2.6222658227176087e-10,4.189265633021208,3.438693563627035,1.0,0.5,14,7
1430,AHNAK2,TRAF4,R-1430,1.0,4.081809071129964,-0.2417638873756515,1.0245601684109076e-08,-4.327954697629079,3.741137991080629,1.0,0.5,14,7
1083,AHNAK2,POU3F4,R-1083,1.0,1.9593469359744995,0.3022226575783468,5.131230301115865e-13,2.797099436629825,1.9438571302417915,1.0,0.6,15,9
1092,AHNAK2,POU3F4,R-1092,1.0,1.9593469359744995,0.3716204197729171,2.3462966513427844e-19,2.279705900395524,1.4541819765938906,1.0,0.6,15,9
1085,AHNAK2,POU3F4,R-1085,1.0,1.9593469359744995,-0.3137262995881338,5.862906713619553e-14,-2.3784930978061074,1.5407164248729437,1.0,0.6,15,9
1080,AHNAK2,POU3F4,R-1080,1.0,1.9593469359744995,0.2982557681712994,1.0606662652021636e-12,2.907798859915607,2.0308068862562982,1.0,0.6,15,9
1081,AHNAK2,POU3F4,R-1081,1.0,1.9593469359744995,0.3109641996002902,9.956253296291777e-14,3.0800678803580324,2.207981983137414,1.0,0.6,15,9
1090,AHNAK2,POU3F4,R-1090,1.0,1.9593469359744995,-0.2747549692064563,6.2551977852672e-11,-2.42790654529953,1.5951720625883992,1.0,0.6,15,9
1087,AHNAK2,POU3F4,R-1087,1.0,1.9593469359744995,-0.2484579032704841,3.855914731490511e-09,-4.1935279498270654,3.257541452150796,1.0,0.6,15,9
1084,AHNAK2,POU3F4,R-1084,1.0,1.9593469359744995,0.1711693276098992,5.724467261001914e-05,2.1047770249107045,1.3133517932665637,1.0,0.6,15,9
1091,AHNAK2,POU3F4,R-1091,1.0,1.9593469359744995,-0.4126725634285115,6.6121306088305134e-24,-3.2451017992822018,2.3275748636296862,1.0,0.6,15,9
3267,AHNAK2,CEBPA,R-3267,-1.0,2.5515041182264797,0.2335634447885745,3.262853761033832e-08,-3.187932490389098,2.290395772763788,0.75,0.3,10,4
3272,AHNAK2,CEBPA,R-3272,-1.0,2.5515041182264797,0.1781132903846043,2.7927822753450305e-05,-3.610957450053821,2.726216350853826,0.75,0.3,10,4
3271,AHNAK2,CEBPA,R-3271,-1.0,2.5515041182264797,0.5557958568206902,1.1487222284463953e-45,-2.5331724712497627,1.6642615778619416,0.75,0.3,10,4
2095,AHNAK2,MAFK,R-2095,1.0,1.5339870816073016,0.7426211413854696,5.902701805710657e-97,2.466789747346721,1.6407920075143352,0.75,0.3,10,4
2088,AHNAK2,MAFK,R-2088,1.0,1.5339870816073016,-0.4307682336212206,4.0253158334875606e-26,-2.9593599678700078,2.1524924896345534,0.75,0.3,10,4
2096,AHNAK2,MAFK,R-2096,1.0,1.5339870816073016,0.2206239096443128,1.862932131931669e-07,3.30824405457913,2.403673808533981,0.75,0.3,10,4
1043,AHNAK2,ZBTB16,R-1043,-1.0,1.4428280573491643,0.5102451825653362,1.3588432977617264e-37,-2.9345125512955827,2.0613805049956517,0.5,0.1333333333333333,15,4
1044,AHNAK2,ZBTB16,R-1044,-1.0,1.4428280573491643,0.2799539229635707,2.62245801039604e-11,-2.911980643389572,2.065081370399847,0.5,0.1333333333333333,15,4
1574,AHNAK2,NFKB1,R-1574,-1.0,1.4112356769153525,0.385934332817798,7.178198205650729e-21,-4.048188485812923,3.09826314937404,0.8,0.2222222222222222,18,5
1568,AHNAK2,NFKB1,R-1568,-1.0,1.4112356769153525,0.5643161932877566,2.558503961368136e-47,-3.3904931042055315,2.476391727937835,0.8,0.2222222222222222,18,5
1569,AHNAK2,NFKB1,R-1569,-1.0,1.4112356769153525,0.3727173559036807,1.8070546194061238e-19,-2.379385116159153,1.5627027520072527,0.8,0.2222222222222222,18,5
1561,AHNAK2,NFKB1,R-1561,-1.0,1.4112356769153525,0.4189702863090551,1.1600582533380355e-24,-2.257714782234208,1.4216323392249175,0.8,0.2222222222222222,18,5
149,AHNAK2,TFE3,R-149,1.0,3.874695179863482,0.2268382680184278,8.174598438610826e-08,3.298530424548052,2.3948188411050007,1.0,0.6666666666666666,3,2
147,AHNAK2,TFE3,R-147,1.0,3.874695179863482,0.4442660250116981,7.2917631024118525e-28,8.345644372436363,10.780601481739634,1.0,0.6666666666666666,3,2
2885,AHNAK2,TCF3,R-2885,1.0,4.133618328191449,0.5048278094021965,1.0335712291045313e-36,2.5918588850325555,1.7312569137906229,1.0,0.5833333333333334,24,14
2887,AHNAK2,TCF3,R-2887,1.0,4.133618328191449,0.4725759368535492,8.833015820193575e-32,2.125555165701293,1.3200341230148305,1.0,0.5833333333333334,24,14
2881,AHNAK2,TCF3,R-2881,1.0,4.133618328191449,0.6487344505399188,1.2012921647024836e-66,4.924537198560715,4.166593245757014,1.0,0.5833333333333334,24,14
2888,AHNAK2,TCF3,R-2888,1.0,4.133618328191449,0.6547508457061558,2.898620655637465e-68,3.986519277808523,3.150681034903235,1.0,0.5833333333333334,24,14
2883,AHNAK2,TCF3,R-2883,1.0,4.133618328191449,-0.2999429279403658,7.799109468922401e-13,-3.1880921198860044,2.2750408081865667,1.0,0.5833333333333334,24,14
2902,AHNAK2,TCF3,R-2902,1.0,4.133618328191449,-0.4525034940506189,5.764230132261838e-29,-2.7512454277307303,1.8764223677714773,1.0,0.5833333333333334,24,14
2894,AHNAK2,TCF3,R-2894,1.0,4.133618328191449,0.585794248186327,1.0542615391877536e-51,2.4960501383095965,1.6430092399316725,1.0,0.5833333333333334,24,14
2891,AHNAK2,TCF3,R-2891,1.0,4.133618328191449,-0.4332803134094851,1.9341920473403354e-26,-2.7549944726534115,1.88420603336266,1.0,0.5833333333333334,24,14
2900,AHNAK2,TCF3,R-2900,1.0,4.133618328191449,0.751737273788542,1.3048226298007578e-100,3.760662464814065,2.8279495279816254,1.0,0.5833333333333334,24,14
2889,AHNAK2,TCF3,R-2889,1.0,4.133618328191449,-0.3846260892925513,9.943824234529066e-21,-4.021052477532343,3.334018673240598,1.0,0.5833333333333334,24,14
2884,AHNAK2,TCF3,R-2884,1.0,4.133618328191449,-0.3158277156996114,3.9041606302721956e-14,-2.472936215635485,1.6702725076966705,1.0,0.5833333333333334,24,14
2901,AHNAK2,TCF3,R-2901,1.0,4.133618328191449,-0.4319442083957222,2.8584226857153273e-26,-2.151365315774417,1.3530546010360367,1.0,0.5833333333333334,24,14
2899,AHNAK2,TCF3,R-2899,1.0,4.133618328191449,0.6425608579226855,5.031316943872623e-65,2.362736815453901,1.547827811259355,1.0,0.5833333333333334,24,14
2882,AHNAK2,TCF3,R-2882,1.0,4.133618328191449,0.5136978075501407,3.658235230570605e-38,2.837174082436737,1.9766372299873376,1.0,0.5833333333333334,24,14
718,AHNAK2,MYCN,R-718,1.0,2.879289029419666,0.2997465777660335,8.084077370894421e-13,3.2652988251318606,2.419802848629471,1.0,0.4,5,2
714,AHNAK2,MYCN,R-714,1.0,2.879289029419666,0.1359415548089002,0.0014378745845595,5.027007219943822,4.249872370320449,1.0,0.4,5,2
948,AHNAK2,ELK3,R-948,1.0,2.626168901848083,0.7396698765545426,8.345845925185382e-96,5.5458011824792655,4.877737817763555,1.0,0.5714285714285714,7,4
949,AHNAK2,ELK3,R-949,1.0,2.626168901848083,0.4772488217156547,1.8350988561863948e-32,2.247123416380012,1.4568231964304192,1.0,0.5714285714285714,7,4
954,AHNAK2,ELK3,R-954,1.0,2.626168901848083,-0.5272083565695702,1.8591925976069188e-40,-3.373827555628466,2.585244770397354,1.0,0.5714285714285714,7,4
953,AHNAK2,ELK3,R-953,1.0,2.626168901848083,-0.35687326058161,7.137036072790614e-18,-3.762750539688244,2.9637275953518336,1.0,0.5714285714285714,7,4
4183,AHNAK2,VDR,R-4183,-1.0,2.1835593420268773,-0.0545893810482342,0.2023913158930708,3.12538135349456,2.339177547130441,1.0,0.6428571428571429,14,9
4184,AHNAK2,VDR,R-4184,-1.0,2.1835593420268773,-0.2217286176639783,1.6119833664735402e-07,3.417310384157863,2.5045640854614857,1.0,0.6428571428571429,14,9
4181,AHNAK2,VDR,R-4181,-1.0,2.1835593420268773,-0.5246042605494959,5.2423643568021845e-40,2.782084550075705,1.9080600273824544,1.0,0.6428571428571429,14,9
4179,AHNAK2,VDR,R-4179,-1.0,2.1835593420268773,-0.2597872643376319,6.905941184705593e-10,2.6988101026551403,1.8449290988544556,1.0,0.6428571428571429,14,9
4185,AHNAK2,VDR,R-4185,-1.0,2.1835593420268773,-0.4817560773605022,3.938734072906013e-33,4.497725637119503,3.692012634937329,1.0,0.6428571428571429,14,9
4186,AHNAK2,VDR,R-4186,-1.0,2.1835593420268773,-0.3870526049831884,5.426560992818397e-21,2.103714390002565,1.301182613310407,1.0,0.6428571428571429,14,9
4191,AHNAK2,VDR,R-4191,-1.0,2.1835593420268773,0.343134027397228,1.4698117864408234e-16,-2.228652363938724,1.3999207319270934,1.0,0.6428571428571429,14,9
4187,AHNAK2,VDR,R-4187,-1.0,2.1835593420268773,0.7628909608386247,2.6321296719624573e-105,-2.129393576527133,1.3114968694720566,1.0,0.6428571428571429,14,9
4189,AHNAK2,VDR,R-4189,-1.0,2.1835593420268773,-0.1774399221989928,2.9977052877325437e-05,2.8531803975973697,1.9828346060502933,1.0,0.6428571428571429,14,9
3707,AHNAK2,MZF1,R-3707,1.0,1.3412938640863428,0.2318277473737247,4.1468296444915966e-08,3.417971792625147,2.5182761615665705,1.0,0.4,5,2
3706,AHNAK2,MZF1,R-3706,1.0,1.3412938640863428,0.228558788254007,6.48020385352744e-08,2.4446592614706764,1.5817654218582182,1.0,0.4,5,2
837,AHNAK2,IKZF1,R-837,-1.0,2.069881201513452,-0.375028979614042,1.0388466109124792e-19,3.9060765672174296,3.003268299854721,1.0,0.25,12,3
834,AHNAK2,IKZF1,R-834,-1.0,2.069881201513452,-0.2999075145220676,7.849768673253687e-13,3.888408844275903,3.152507085992187,1.0,0.25,12,3
833,AHNAK2,IKZF1,R-833,-1.0,2.069881201513452,-0.3842566312908858,1.089957651157009e-20,4.991422153964109,4.202397195945182,1.0,0.25,12,3
1334,AHNAK2,ATF5,R-1334,1.0,3.977299860650407,0.3516714473559373,2.2830427991174878e-17,2.204429107245814,1.427732023566472,1.0,0.4166666666666667,12,5
1336,AHNAK2,ATF5,R-1336,1.0,3.977299860650407,0.4040135060765172,6.819721076356818e-23,3.0169291026833838,2.2203631913086976,1.0,0.4166666666666667,12,5
1340,AHNAK2,ATF5,R-1340,1.0,3.977299860650407,-0.2536201238545811,1.7794718104639396e-09,-3.54857101187248,2.754755564056816,1.0,0.4166666666666667,12,5
1335,AHNAK2,ATF5,R-1335,1.0,3.977299860650407,0.553878179894006,2.664069244161701e-45,2.1115007358532893,1.3105766032187476,1.0,0.4166666666666667,12,5
1339,AHNAK2,ATF5,R-1339,1.0,3.977299860650407,0.3933906537023738,1.0891242008377604e-21,3.051876125126435,2.146659449135889,1.0,0.4166666666666667,12,5
935,AHNAK2,RFX2,R-935,1.0,1.873825937087384,0.3873751383726163,5.004922807547229e-21,2.488110781972868,1.6478555858851427,0.8,0.4444444444444444,9,5
932,AHNAK2,RFX2,R-932,1.0,1.873825937087384,0.3189539213505372,2.119500602839009e-14,4.932584903085419,4.165500364486893,0.8,0.4444444444444444,9,5
938,AHNAK2,RFX2,R-938,1.0,1.873825937087384,-0.4341872781803925,1.4822578281925943e-26,-2.153368384690557,1.34769915523308,0.8,0.4444444444444444,9,5
937,AHNAK2,RFX2,R-937,1.0,1.873825937087384,0.3403134182835005,2.6856151530646393e-16,2.3920671438630907,1.552772241603555,0.8,0.4444444444444444,9,5
3101,AHNAK2,SOX12,R-3101,1.0,3.774837576051969,0.428987371267092,6.742787745296787e-26,3.1130839053704946,2.311926644249811,1.0,0.5833333333333334,12,7
3095,AHNAK2,SOX12,R-3095,1.0,3.774837576051969,0.3606029607377369,3.059554471040612e-18,5.896326110519889,5.6252415095857256,1.0,0.5833333333333334,12,7
3104,AHNAK2,SOX12,R-3104,1.0,3.774837576051969,-0.2651356436568408,2.9782189914338706e-10,-2.437992300828465,1.6024445379365355,1.0,0.5833333333333334,12,7
3102,AHNAK2,SOX12,R-3102,1.0,3.774837576051969,-0.4393224437927461,3.2353500548308406e-27,-2.716497619320311,1.8659760533568144,1.0,0.5833333333333334,12,7
3103,AHNAK2,SOX12,R-3103,1.0,3.774837576051969,-0.7224302872563456,2.195399848749935e-89,-3.472501566946016,2.582744369339846,1.0,0.5833333333333334,12,7
3099,AHNAK2,SOX12,R-3099,1.0,3.774837576051969,0.1385796711728469,0.0011565582464176,2.1383642327367203,1.3333808284228192,1.0,0.5833333333333334,12,7
3105,AHNAK2,SOX12,R-3105,1.0,3.774837576051969,0.3582122983836376,5.2723817341541516e-18,3.467555676207949,2.598273162641952,1.0,0.5833333333333334,12,7
4475,AHNAK2,NFATC1,R-4475,-1.0,1.5235784300699675,-0.3007086789563203,6.778751924212438e-13,2.610211626205093,1.749685573382276,0.5,0.2,5,2
1712,AHNAK2,E2F2,R-1712,1.0,5.190894407128641,0.2857818864837906,9.682701480601312e-12,3.081150503990653,2.187503961611077,1.0,0.25,4,1
3421,AHNAK2,RFX1,R-3421,1.0,4.127026894758468,-0.5417216258967549,4.8668982666924856e-43,-3.2278414096097228,2.3947547918576,1.0,0.7142857142857143,7,5
3420,AHNAK2,RFX1,R-3420,1.0,4.127026894758468,0.3917688951116138,1.6480902762329205e-21,2.2289741595340966,1.419698232431072,1.0,0.7142857142857143,7,5
3422,AHNAK2,RFX1,R-3422,1.0,4.127026894758468,-0.3150306571689296,4.5569088667490334e-14,-3.241143234505875,2.354227833315129,1.0,0.7142857142857143,7,5
3419,AHNAK2,RFX1,R-3419,1.0,4.127026894758468,0.4190236630554755,1.142891112691565e-24,2.845455214573472,2.015267124819926,1.0,0.7142857142857143,7,5
3417,AHNAK2,RFX1,R-3417,1.0,4.127026894758468,-0.3404334426432399,2.6179332779926395e-16,-2.78595607783065,1.916894347363802,1.0,0.7142857142857143,7,5
795,AHNAK2,JUN,R-795,1.0,2.699509217051744,-0.2969952557750633,1.3328327049650957e-12,-2.7073139251657623,1.8564738664821172,1.0,0.36,25,9
793,AHNAK2,JUN,R-793,1.0,2.699509217051744,0.7115080705200668,1.454724210776618e-85,4.026716416702872,3.1619362339256725,1.0,0.36,25,9
800,AHNAK2,JUN,R-800,1.0,2.699509217051744,0.6757664732150647,3.234205757314025e-74,2.5022268904624925,1.6633227805827837,1.0,0.36,25,9
802,AHNAK2,JUN,R-802,1.0,2.699509217051744,-0.3839022771487842,1.1901147677966032e-20,-3.7204557974414234,2.8008868737541466,1.0,0.36,25,9
797,AHNAK2,JUN,R-797,1.0,2.699509217051744,0.6346488550614572,5.328596432396351e-63,3.1861350370709336,2.379648837197267,1.0,0.36,25,9
805,AHNAK2,JUN,R-805,1.0,2.699509217051744,0.3001417709847231,7.520550424330505e-13,2.9937550668529824,2.1389378360730817,1.0,0.36,25,9
812,AHNAK2,JUN,R-812,1.0,2.699509217051744,-0.3046493199083973,3.272779797443894e-13,-3.636701662917383,2.782324434899976,1.0,0.36,25,9
789,AHNAK2,JUN,R-789,1.0,2.699509217051744,0.6620872888704057,2.748009474597005e-70,4.701998690554694,3.890915849125405,1.0,0.36,25,9
799,AHNAK2,JUN,R-799,1.0,2.699509217051744,0.5536943673895061,2.8869462568839306e-45,4.5937411720120105,3.8722032624893457,1.0,0.36,25,9
3571,AHNAK2,CEBPG,R-3571,1.0,1.6136906774460176,0.4286540598807908,7.423755414385674e-26,2.308210555235576,1.4934932180980156,1.0,0.3333333333333333,18,6
3579,AHNAK2,CEBPG,R-3579,1.0,1.6136906774460176,-0.3840125499875429,1.1580110334650047e-20,-3.622967463110829,2.7246734487671187,1.0,0.3333333333333333,18,6
3568,AHNAK2,CEBPG,R-3568,1.0,1.6136906774460176,0.5176743018387555,7.920748136575752e-39,2.941997631615405,2.0593455717491587,1.0,0.3333333333333333,18,6
3572,AHNAK2,CEBPG,R-3572,1.0,1.6136906774460176,-0.3216976914117254,1.2326014129060488e-14,-2.170340077122048,1.3793888747533256,1.0,0.3333333333333333,18,6
3567,AHNAK2,CEBPG,R-3567,1.0,1.6136906774460176,0.3476189938512627,5.565320078153645e-17,4.102692847823478,3.2434700183596874,1.0,0.3333333333333333,18,6
3566,AHNAK2,CEBPG,R-3566,1.0,1.6136906774460176,-0.2176958138406782,2.7237963011261577e-07,-3.273978694034521,2.3501303716807773,1.0,0.3333333333333333,18,6
2160,AHNAK2,ETV4,R-2160,1.0,1.8830648516420263,0.1723311516810228,5.0864904025902544e-05,2.247123416380012,1.4568231964304192,1.0,0.6666666666666666,3,2
2161,AHNAK2,ETV4,R-2161,1.0,1.8830648516420263,0.2731035161345146,8.213057925218908e-11,2.587837531109314,1.741620084611903,1.0,0.6666666666666666,3,2
3333,AHNAK2,TFAP4,R-3333,1.0,2.17339798514708,0.021947007742121,0.6085216966671155,2.3404347675994632,1.512517696784406,0.5,0.25,4,2
4424,AHNAK2,TAL1,R-4424,-1.0,1.6714938813087972,-0.1932902496961264,5.279934410581584e-06,2.677405373559318,1.805481446553713,1.0,0.5,10,5
4430,AHNAK2,TAL1,R-4430,-1.0,1.6714938813087972,0.3706209255322533,2.9740154019280343e-19,-3.440225817949557,2.548830199264754,1.0,0.5,10,5
4428,AHNAK2,TAL1,R-4428,-1.0,1.6714938813087972,0.2603274839360188,6.348923990051745e-10,-2.3676620657352783,1.524694151787726,1.0,0.5,10,5
4427,AHNAK2,TAL1,R-4427,-1.0,1.6714938813087972,0.3431109316896423,1.477121082897766e-16,-3.009297985171261,2.0988930688859844,1.0,0.5,10,5
4423,AHNAK2,TAL1,R-4423,-1.0,1.6714938813087972,-0.267903829180334,1.9128319732067672e-10,4.08962599933854,3.2520739516578385,1.0,0.5,10,5
94,APOB,PPARG,R-94,1.0,1.6920534397540534,0.3524866891738613,1.9053995515210226e-17,2.5301847659484453,1.6025175211175953,1.0,0.125,8,1
4097,ATRX,NKX2-5,R-4097,-1.0,3.190035093954973,-0.3034031048549523,4.125183422608341e-13,4.167520876383513,3.176244382276272,1.0,1.0,3,3
4098,ATRX,NKX2-5,R-4098,-1.0,3.190035093954973,-0.2149106181452489,3.8903345686381947e-07,3.732273015342341,2.7285463512644905,1.0,1.0,3,3
4099,ATRX,NKX2-5,R-4099,-1.0,3.190035093954973,-0.2865508635668364,8.475126809836496e-12,2.8434500099355127,1.935309340021073,1.0,1.0,3,3
1597,ATRX,ZNF217,R-1597,-1.0,1.916684402095749,0.2372613241920277,1.9455092883805117e-08,-2.306958100393667,1.4595562812433427,1.0,0.5,2,1
1353,ATRX,XBP1,R-1353,-1.0,3.8922872116489686,0.3253897785583556,5.891548995439187e-15,-6.649311099627934,5.307110849589235,1.0,0.3636363636363636,11,4
1351,ATRX,XBP1,R-1351,-1.0,3.8922872116489686,0.3130379008626649,6.693551431309122e-14,-2.2696387405373333,1.449917932153133,1.0,0.3636363636363636,11,4
1348,ATRX,XBP1,R-1348,-1.0,3.8922872116489686,0.2470927636528992,4.717272701674023e-09,-5.328819900218427,4.387119150032318,1.0,0.3636363636363636,11,4
1350,ATRX,XBP1,R-1350,-1.0,3.8922872116489686,0.1781374125680828,2.785693607441138e-05,-3.449362050903033,2.46472860712842,1.0,0.3636363636363636,11,4
2104,ATRX,STAT5A,R-2104,-1.0,2.197409712820217,0.3401240334812972,2.7959228021756474e-16,-2.684255063739524,1.7860912203562742,1.0,0.6086956521739131,23,14
2108,ATRX,STAT5A,R-2108,-1.0,2.197409712820217,0.3599466027240616,3.5542403114694145e-18,-2.34432813568469,1.4914445412280917,1.0,0.6086956521739131,23,14
2124,ATRX,STAT5A,R-2124,-1.0,2.197409712820217,0.3354716781370459,7.450997730040406e-16,-2.1232322733024964,1.3041253632985297,1.0,0.6086956521739131,23,14
2102,ATRX,STAT5A,R-2102,-1.0,2.197409712820217,0.3659182728692596,8.973834217981099e-19,-2.7905045766223755,1.9144914456461315,1.0,0.6086956521739131,23,14
2105,ATRX,STAT5A,R-2105,-1.0,2.197409712820217,0.31043468467907,1.1013141748833889e-13,-3.835722184421464,2.824448962595916,1.0,0.6086956521739131,23,14
2103,ATRX,STAT5A,R-2103,-1.0,2.197409712820217,0.3138250612329529,5.752348267251444e-14,-2.878546210101779,1.973947857979214,1.0,0.6086956521739131,23,14
2112,ATRX,STAT5A,R-2112,-1.0,2.197409712820217,0.4073144325883219,2.824428170952484e-23,-2.550256817820322,1.660756918079261,1.0,0.6086956521739131,23,14
2109,ATRX,STAT5A,R-2109,-1.0,2.197409712820217,0.3975097548203673,3.763904662018741e-22,-4.267745982248629,3.303622701658405,1.0,0.6086956521739131,23,14
2110,ATRX,STAT5A,R-2110,-1.0,2.197409712820217,0.4984881476494654,1.0608981732809372e-35,-2.8419385905971435,1.9621858834049009,1.0,0.6086956521739131,23,14
2115,ATRX,STAT5A,R-2115,-1.0,2.197409712820217,0.3772762286219898,6.039054305287085e-20,-2.17032447977326,1.3376770442249022,1.0,0.6086956521739131,23,14
2114,ATRX,STAT5A,R-2114,-1.0,2.197409712820217,0.3752210039256836,9.919572303271629e-20,-4.399287147016909,3.409624799864649,1.0,0.6086956521739131,23,14
2116,ATRX,STAT5A,R-2116,-1.0,2.197409712820217,0.6696741188327677,1.9306767550013e-72,-2.855915940458185,1.941895277986749,1.0,0.6086956521739131,23,14
2111,ATRX,STAT5A,R-2111,-1.0,2.197409712820217,0.3152162293463885,4.39598381539556e-14,-3.4157301619522653,2.4624001293568423,1.0,0.6086956521739131,23,14
2113,ATRX,STAT5A,R-2113,-1.0,2.197409712820217,0.1781897628386105,2.770368330014283e-05,-6.542459688541427,5.227810485227924,1.0,0.6086956521739131,23,14
1553,ATRX,RUNX1,R-1553,-1.0,1.4958041856486808,0.376916302182185,6.589070900671101e-20,-2.1808660301354164,1.3538259744669578,1.0,0.8,15,12
1552,ATRX,RUNX1,R-1552,-1.0,1.4958041856486808,0.5268988007682144,2.104001030187581e-40,-5.719599845281017,4.690037673604249,1.0,0.8,15,12
1559,ATRX,RUNX1,R-1559,-1.0,1.4958041856486808,0.2530425112058173,1.941961756182177e-09,-2.9757086391720384,2.088381353671932,1.0,0.8,15,12
1554,ATRX,RUNX1,R-1554,-1.0,1.4958041856486808,0.3051067615580085,3.0053585288221333e-13,-2.225880434591588,1.441784742958327,1.0,0.8,15,12
1550,ATRX,RUNX1,R-1550,-1.0,1.4958041856486808,-0.2216335220044903,1.6322342369209826e-07,4.937545129154834,3.84855241540948,1.0,0.8,15,12
1557,ATRX,RUNX1,R-1557,-1.0,1.4958041856486808,0.4797111907428296,7.939425845355351e-33,-4.116200628608183,3.1919477199897512,1.0,0.8,15,12
1558,ATRX,RUNX1,R-1558,-1.0,1.4958041856486808,0.2619677924125541,4.912391110733795e-10,-6.354051575978669,5.020205632770658,1.0,0.8,15,12
1556,ATRX,RUNX1,R-1556,-1.0,1.4958041856486808,0.4770084063976429,1.9908022174309382e-32,-5.469362537926877,4.631332053002734,1.0,0.8,15,12
1555,ATRX,RUNX1,R-1555,-1.0,1.4958041856486808,0.3430478034222412,1.4972826621393472e-16,-4.096770900812581,3.111906832827402,1.0,0.8,15,12
1551,ATRX,RUNX1,R-1551,-1.0,1.4958041856486808,0.3234825130300116,8.637556227341412e-15,-4.172315821489846,3.208082166699388,1.0,0.8,15,12
1560,ATRX,RUNX1,R-1560,-1.0,1.4958041856486808,0.3335596468277715,1.1093904826759333e-15,-3.137989814666196,2.182819442073723,1.0,0.8,15,12
1547,ATRX,RUNX1,R-1547,-1.0,1.4958041856486808,0.3524164488949179,1.9353562811735602e-17,-3.875716019038093,2.925687499409768,1.0,0.8,15,12
4345,ATRX,SOX11,R-4345,1.0,3.075253938019624,0.2009300164866692,2.169033148841048e-06,4.311918503737202,3.322382862707133,1.0,0.4444444444444444,18,8
4344,ATRX,SOX11,R-4344,1.0,3.075253938019624,-0.3952422695733921,6.767892611352793e-22,-2.495700013246508,1.6214971834341427,1.0,0.4444444444444444,18,8
4338,ATRX,SOX11,R-4338,1.0,3.075253938019624,-0.3631279447943668,1.7133881404822121e-18,-6.786692370753315,5.872064987387848,1.0,0.4444444444444444,18,8
4348,ATRX,SOX11,R-4348,1.0,3.075253938019624,-0.3991562954719654,2.451135173729848e-22,-3.491805567747009,2.6184705070749548,1.0,0.4444444444444444,18,8
4336,ATRX,SOX11,R-4336,1.0,3.075253938019624,-0.4091687612884853,1.7139051055688192e-23,-4.586301065854441,3.614895105784609,1.0,0.4444444444444444,18,8
4343,ATRX,SOX11,R-4343,1.0,3.075253938019624,-0.280046452433327,2.5817678529123658e-11,-7.501082423208047,5.997832710311113,1.0,0.4444444444444444,18,8
4346,ATRX,SOX11,R-4346,1.0,3.075253938019624,0.2313400246852788,4.4343050016805946e-08,4.03722503269714,3.027254045501339,1.0,0.4444444444444444,18,8
4350,ATRX,SOX11,R-4350,1.0,3.075253938019624,-0.3989241652808019,2.60430061849935e-22,-5.079570457194416,3.938900385218124,1.0,0.4444444444444444,18,8
3307,ATRX,HBP1,R-3307,1.0,2.192494145781497,-0.3170229735569544,3.093596284947339e-14,-3.165705228804753,2.2427032592463028,1.0,0.375,8,3
3306,ATRX,HBP1,R-3306,1.0,2.192494145781497,-0.1863531056541371,1.1495236120562782e-05,-7.280592921041285,6.583820007020296,1.0,0.375,8,3
3309,ATRX,HBP1,R-3309,1.0,2.192494145781497,-0.1769210386352328,3.165252761255987e-05,-2.248871742941161,1.4059879876419474,1.0,0.375,8,3
3194,ATRX,DBP,R-3194,-1.0,1.6773125687214243,-0.1382284697781301,0.0011908293787287,3.2350686587411848,2.273501212879779,0.5,0.1428571428571428,7,2
2496,ATRX,HOXB9,R-2496,-1.0,4.214272728882552,0.3356771932747058,7.137753765775771e-16,-2.8242396188386203,1.9158065111397515,0.6666666666666666,0.1428571428571428,14,3
2490,ATRX,HOXB9,R-2490,-1.0,4.214272728882552,-0.454961977133343,2.6665709429245484e-29,2.404360448050409,1.5345732932571003,0.6666666666666666,0.1428571428571428,14,3
457,ATRX,KLF13,R-457,1.0,2.486383050266324,-0.2676341592993803,1.9975859965418958e-10,-2.5377622865629004,1.6557409043393343,0.3333333333333333,0.125,8,3
2236,ATRX,ELF4,R-2236,-1.0,1.6585199946136933,-0.327742827902958,3.6610727626271976e-15,3.108285843296,2.15814628959732,0.8571428571428571,0.4285714285714285,14,7
2231,ATRX,ELF4,R-2231,-1.0,1.6585199946136933,-0.4125605309167939,6.81778487321427e-24,3.944797340521308,3.008133599143886,0.8571428571428571,0.4285714285714285,14,7
2225,ATRX,ELF4,R-2225,-1.0,1.6585199946136933,0.3412808718123707,2.1855188711667087e-16,-2.591282462273978,1.7063905393079613,0.8571428571428571,0.4285714285714285,14,7
2230,ATRX,ELF4,R-2230,-1.0,1.6585199946136933,-0.297807638124429,1.1505363018784948e-12,3.201564005638447,2.2403632730361225,0.8571428571428571,0.4285714285714285,14,7
2228,ATRX,ELF4,R-2228,-1.0,1.6585199946136933,0.4356416478809357,9.65741964518279e-27,-2.282917238496767,1.4529120905860722,0.8571428571428571,0.4285714285714285,14,7
2226,ATRX,ELF4,R-2226,-1.0,1.6585199946136933,0.3197124870352428,1.8255380807118745e-14,-2.981368749433066,2.0678190161779626,0.8571428571428571,0.4285714285714285,14,7
958,ATRX,SMAD3,R-958,1.0,2.662525176184384,0.136954979793822,0.0013230985286091,2.9512190844320894,2.050063124691881,0.3333333333333333,0.125,8,3
3850,ATRX,FOSL1,R-3850,-1.0,1.397287053001134,0.4594185688609152,6.487619310840283e-30,-3.5109186626816866,2.562603659889014,1.0,0.5384615384615384,13,7
3856,ATRX,FOSL1,R-3856,-1.0,1.397287053001134,-0.163097341148823,0.0001273725811456,2.71673262842833,1.81934748594446,1.0,0.5384615384615384,13,7
3851,ATRX,FOSL1,R-3851,-1.0,1.397287053001134,0.1812514471477094,2.000894262571952e-05,-3.011811204315067,2.0996945024634264,1.0,0.5384615384615384,13,7
3853,ATRX,FOSL1,R-3853,-1.0,1.397287053001134,0.5340103723922561,1.1878556965303898e-41,-4.376059963004857,3.302172594514731,1.0,0.5384615384615384,13,7
3845,ATRX,FOSL1,R-3845,-1.0,1.397287053001134,-0.3268792683983705,4.361603839501288e-15,3.202521227933999,2.2357812201612712,1.0,0.5384615384615384,13,7
3846,ATRX,FOSL1,R-3846,-1.0,1.397287053001134,0.3344835484509085,9.15595414614536e-16,-3.458652305079038,2.514531094014657,1.0,0.5384615384615384,13,7
3854,ATRX,FOSL1,R-3854,-1.0,1.397287053001134,0.6048356692747463,7.117092287441557e-56,-5.842625222281948,5.097412234014064,1.0,0.5384615384615384,13,7
2423,ATRX,HOXC11,R-2423,1.0,3.442545541583325,-0.2873204272075353,7.414374966257893e-12,-2.929536045920363,2.049708068814567,0.75,0.5,6,4
2427,ATRX,HOXC11,R-2427,1.0,3.442545541583325,-0.3280759193301393,3.4214822668818207e-15,-2.382332362888001,1.5359778299420244,0.75,0.5,6,4
2424,ATRX,HOXC11,R-2424,1.0,3.442545541583325,0.1781513433123409,2.7816076220583416e-05,4.931380221693895,3.9187801492418255,0.75,0.5,6,4
1058,ATRX,ZNF652,R-1058,1.0,1.421997615087347,0.2654297290000995,2.8420659260519976e-10,3.734292030128903,2.7805492069137454,1.0,1.0,8,8
1057,ATRX,ZNF652,R-1057,1.0,1.421997615087347,-0.5272324787530488,1.841347651273773e-40,-3.721070379156266,2.7584895611509106,1.0,1.0,8,8
1059,ATRX,ZNF652,R-1059,1.0,1.421997615087347,-0.2992927287820467,8.782330389481637e-13,-4.289936633083216,3.2957887754491133,1.0,1.0,8,8
1063,ATRX,ZNF652,R-1063,1.0,1.421997615087347,0.2813222153285404,2.0798029952980077e-11,2.2133500812574765,1.3812822586750595,1.0,1.0,8,8
1060,ATRX,ZNF652,R-1060,1.0,1.421997615087347,0.3277485468400745,3.656823425136596e-15,4.93078214763371,3.719484901775125,1.0,1.0,8,8
1061,ATRX,ZNF652,R-1061,1.0,1.421997615087347,-0.3362816409360932,6.289555033288702e-16,-4.51081611487487,3.4009701559465797,1.0,1.0,8,8
1056,ATRX,ZNF652,R-1056,1.0,1.421997615087347,0.6149778376522794,3.263156876447312e-58,2.337304206399585,1.4862942059127526,1.0,1.0,8,8
1062,ATRX,ZNF652,R-1062,1.0,1.421997615087347,0.4085082240515325,2.048429186018698e-23,3.272134349990124,2.3991691381428164,1.0,1.0,8,8
3804,ATRX,PLAGL1,R-3804,-1.0,3.904920377151194,-0.5349145510143121,8.201998353641174e-42,2.2413829240680085,1.4044558029003815,1.0,0.5,4,2
3806,ATRX,PLAGL1,R-3806,-1.0,3.904920377151194,0.1235828583804937,0.0037933713692396,-3.193752789364692,2.2316627572201284,1.0,0.5,4,2
226,ATRX,NR5A2,R-226,1.0,1.488444888736488,-0.0941398637925146,0.0276935342943113,-4.395514523586136,3.5436097022227733,0.5,0.25,8,4
225,ATRX,NR5A2,R-225,1.0,1.488444888736488,-0.2066818008317093,1.0849896624828998e-06,-2.2767274254633403,1.4357995643618475,0.5,0.25,8,4
245,ATRX,ASCL2,R-245,-1.0,3.926824174061056,-0.1845915997025566,1.3943487824641276e-05,2.230847413981069,1.3913580918406896,0.4285714285714285,0.1666666666666666,18,7
235,ATRX,ASCL2,R-235,-1.0,3.926824174061056,-0.2533629916434597,1.850105490437153e-09,2.265449765179421,1.4161523707920332,0.4285714285714285,0.1666666666666666,18,7
232,ATRX,ASCL2,R-232,-1.0,3.926824174061056,-0.1551274890390704,0.0002706372520174,4.12419951273612,3.134341870349119,0.4285714285714285,0.1666666666666666,18,7
3628,ATRX,HOXD10,R-3628,-1.0,2.4147325077522077,-0.2220080390659127,1.5538718985483474e-07,3.2372070819630405,2.31722068607895,0.5,0.2,5,2
3791,ATRX,VENTX,R-3791,-1.0,1.306736511788426,0.2336934406284143,3.2045465090751e-08,-2.8156472016473346,1.9155738608275144,1.0,0.8,5,4
3789,ATRX,VENTX,R-3789,-1.0,1.306736511788426,-0.3924817092993876,1.374138463562961e-21,2.5947314993015143,1.698176008891069,1.0,0.8,5,4
3788,ATRX,VENTX,R-3788,-1.0,1.306736511788426,-0.3278794225163938,3.560891707901729e-15,5.176647600744197,4.225606012032747,1.0,0.8,5,4
3792,ATRX,VENTX,R-3792,-1.0,1.306736511788426,0.4137236747426367,4.9578789310437955e-24,-5.7187692781447765,4.886108435194863,1.0,0.8,5,4
846,ATRX,EGR2,R-846,-1.0,1.8910561540170168,0.2962473947675244,1.5254558086300998e-12,-3.1640396839982983,2.2194803096606,1.0,0.5,2,1
5,ATRX,ETS1,R-5,1.0,2.2562999703284534,0.5605646438590566,1.384739646669329e-46,2.468339257761943,1.5904005244487185,0.25,0.1052631578947368,19,8
13,ATRX,ETS1,R-13,1.0,2.2562999703284534,-0.0691832287329958,0.1060305331956716,-3.2551948863512723,2.327781084670599,0.25,0.1052631578947368,19,8
2767,ATRX,FOS,R-2767,-1.0,1.4226346381797146,0.3965366556740874,4.844338377672597e-22,-3.539593035374057,2.6355273527427467,1.0,0.8333333333333334,6,5
2770,ATRX,FOS,R-2770,-1.0,1.4226346381797146,0.2970352883348786,1.3232220179107405e-12,-3.5953012963276896,2.650136998923129,1.0,0.8333333333333334,6,5
2768,ATRX,FOS,R-2768,-1.0,1.4226346381797146,0.359923873615009,3.5727123337558784e-18,-3.152477505187825,2.1874959429781264,1.0,0.8333333333333334,6,5
2769,ATRX,FOS,R-2769,-1.0,1.4226346381797146,0.2423600499101906,9.40251826189982e-09,-4.919707551550938,3.7909539797750154,1.0,0.8333333333333334,6,5
2766,ATRX,FOS,R-2766,-1.0,1.4226346381797146,-0.1222663297283988,0.004186205473483,2.7896109131387345,1.8818120722635407,1.0,0.8333333333333334,6,5
4499,ATRX,HOXB3,R-4499,-1.0,3.788541771399417,-0.3257804259552347,5.445666990342258e-15,5.888760677167187,4.709318609997871,1.0,0.25,4,1
2554,ATRX,EMX2,R-2554,-1.0,1.7980906903797875,-0.3203249998643585,1.6177024885366784e-14,2.284643885542749,1.4685662802129884,1.0,0.8333333333333334,6,5
2555,ATRX,EMX2,R-2555,-1.0,1.7980906903797875,0.2037640431067084,1.54564737607891e-06,-3.8388744299808586,2.860332661329839,1.0,0.8333333333333334,6,5
2558,ATRX,EMX2,R-2558,-1.0,1.7980906903797875,0.1779467080111604,2.842203908107841e-05,-6.8247547356419975,5.583056051646158,1.0,0.8333333333333334,6,5
2553,ATRX,EMX2,R-2553,-1.0,1.7980906903797875,0.265281256594191,2.9100288833630366e-10,-2.281370500879844,1.4285210120328045,1.0,0.8333333333333334,6,5
2557,ATRX,EMX2,R-2557,-1.0,1.7980906903797875,-0.2653976149685993,2.85663377903591e-10,2.203834419877228,1.3633727542321736,1.0,0.8333333333333334,6,5
3324,ATRX,ZEB1,R-3324,1.0,1.706887353289867,-0.2315749410252939,4.293513382064256e-08,-2.410435176266563,1.5502489337389964,0.8571428571428571,0.4285714285714285,14,7
3320,ATRX,ZEB1,R-3320,1.0,1.706887353289867,0.2631514657562509,4.077760006907624e-10,2.2885894669629203,1.4518620635013042,0.8571428571428571,0.4285714285714285,14,7
3315,ATRX,ZEB1,R-3315,1.0,1.706887353289867,-0.1305149433627262,0.0022237595992356,-2.732328747952985,1.8516256407816247,0.8571428571428571,0.4285714285714285,14,7
3321,ATRX,ZEB1,R-3321,1.0,1.706887353289867,-0.1573832431329862,0.0002194381486593,-3.3740139030539784,2.450854232134299,0.8571428571428571,0.4285714285714285,14,7
3319,ATRX,ZEB1,R-3319,1.0,1.706887353289867,-0.3420868753472604,1.8397548338591943e-16,-3.787417598850711,3.005542382575793,0.8571428571428571,0.4285714285714285,14,7
3314,ATRX,ZEB1,R-3314,1.0,1.706887353289867,-0.3280725466236348,3.423829291577428e-15,-3.748029125672409,2.764313060494388,0.8571428571428571,0.4285714285714285,14,7
181,ATRX,TFAP2B,R-181,1.0,3.1490427618896035,-0.3206654232622019,1.512420289516504e-14,-3.761583618173864,2.7996594495270397,0.8571428571428571,0.2727272727272727,22,7
190,ATRX,TFAP2B,R-190,1.0,3.1490427618896035,-0.2583866379820422,8.580807723078021e-10,-3.967167090900335,3.0028839092397464,0.8571428571428571,0.2727272727272727,22,7
191,ATRX,TFAP2B,R-191,1.0,3.1490427618896035,-0.2300721069986738,5.2747049589472186e-08,-5.524352569251885,4.271404636770112,0.8571428571428571,0.2727272727272727,22,7
195,ATRX,TFAP2B,R-195,1.0,3.1490427618896035,-0.4679536425890127,4.082227487624981e-31,-4.358159646098191,3.489801194438999,0.8571428571428571,0.2727272727272727,22,7
183,ATRX,TFAP2B,R-183,1.0,3.1490427618896035,-0.2603557120230681,6.321052786094598e-10,-2.567868035179558,1.7035209715867417,0.8571428571428571,0.2727272727272727,22,7
196,ATRX,TFAP2B,R-196,1.0,3.1490427618896035,0.3035524570973402,4.012555570665847e-13,2.9834129120775685,2.0681000341169518,0.8571428571428571,0.2727272727272727,22,7
2610,ATRX,RARG,R-2610,-1.0,1.5851129046200945,-0.328343462939601,3.2402492502308908e-15,2.667697024469337,1.7835081733712894,0.2,0.1,10,5
3261,ATRX,REST,R-3261,-1.0,2.497972710658441,-0.272306604243246,9.360270977108169e-11,2.3106399249665635,1.4642226740586524,0.4,0.1428571428571428,14,5
3259,ATRX,REST,R-3259,-1.0,2.497972710658441,-0.2030501291233353,1.6841334552732251e-06,2.2142750922600696,1.3905288400780007,0.4,0.1428571428571428,14,5
1721,ATRX,ELK4,R-1721,1.0,1.4888847979843172,0.5048267096065971,1.0339932444830605e-36,2.5958079408479438,1.7056500501676943,0.5,0.2,5,2
672,ATRX,EGR1,R-672,-1.0,1.431798310142736,0.4590160436715634,7.377394241857135e-30,-4.225997816314216,3.330324976399733,0.8888888888888888,0.32,25,9
651,ATRX,EGR1,R-651,-1.0,1.431798310142736,0.4185587427957888,1.301259010745706e-24,-2.851228834458894,1.9498289139769884,0.8888888888888888,0.32,25,9
662,ATRX,EGR1,R-662,-1.0,1.431798310142736,0.4988938989059086,9.153330566892249e-36,-4.806124507327088,3.8043559514772816,0.8888888888888888,0.32,25,9
667,ATRX,EGR1,R-667,-1.0,1.431798310142736,-0.4088308307606669,1.877688897944937e-23,2.6916210299991743,1.7924733447545511,0.8888888888888888,0.32,25,9
661,ATRX,EGR1,R-661,-1.0,1.431798310142736,0.5903067095303446,1.1470245567189798e-52,-4.209268670025894,3.195395105057998,0.8888888888888888,0.32,25,9
657,ATRX,EGR1,R-657,-1.0,1.431798310142736,0.4353691918511304,1.046612633141e-26,-2.574199857328879,1.6825514099291266,0.8888888888888888,0.32,25,9
666,ATRX,EGR1,R-666,-1.0,1.431798310142736,0.5087386825533851,2.397727753189595e-37,-3.7848811315582735,2.8083434630455977,0.8888888888888888,0.32,25,9
652,ATRX,EGR1,R-652,-1.0,1.431798310142736,0.5047332269806548,1.070495803990075e-36,-3.3450526192732672,2.4002699294662047,0.8888888888888888,0.32,25,9
1455,ATRX,IRF1,R-1455,-1.0,4.3112250949324284,0.2011267332595345,2.1189415950034783e-06,-6.06968170271167,4.823531458685579,1.0,0.3,20,6
1454,ATRX,IRF1,R-1454,-1.0,4.3112250949324284,0.4573440610817676,1.2559181557446132e-29,-5.837341489771236,4.762716628778148,1.0,0.3,20,6
1450,ATRX,IRF1,R-1450,-1.0,4.3112250949324284,0.4488469669617001,1.793340354331441e-28,-5.587782497734686,4.661759868501329,1.0,0.3,20,6
1446,ATRX,IRF1,R-1446,-1.0,4.3112250949324284,0.312643147562215,7.220824651738957e-14,-3.6609648988953785,2.775401311634154,1.0,0.3,20,6
1449,ATRX,IRF1,R-1449,-1.0,4.3112250949324284,0.3303557956075336,2.148091233685393e-15,-3.255733476142098,2.308543133638955,1.0,0.3,20,6
1460,ATRX,IRF1,R-1460,-1.0,4.3112250949324284,0.4860470398708164,8.908913580632527e-34,-2.1415512370802587,1.323387747410358,1.0,0.3,20,6
1255,ATRX,FOXF2,R-1255,-1.0,1.4631168724048624,-0.1584405133024676,0.0001987012958405,2.188319233641042,1.3496627796838965,1.0,0.2,5,1
2588,ATRX,RUNX2,R-2588,-1.0,1.6834353900704604,0.2342566826146804,2.9633523762770903e-08,-2.4839789178415743,1.6097184945443848,1.0,0.1,10,1
295,ATRX,NR2C2,R-295,1.0,1.4338089362070874,-0.2910290112881553,3.87016215602332e-12,-2.3394094520011595,1.483389785417746,0.5,0.1428571428571428,7,2
3904,ATRX,PKNOX2,R-3904,1.0,1.6005907107721349,-0.2801042283621447,2.5566739397613988e-11,-3.9310944094131446,3.0000581712578844,1.0,0.3333333333333333,3,1
3234,ATRX,SATB1,R-3234,1.0,1.6154609038393315,-0.637706873385225,8.933123126766172e-64,-3.2540566033652065,2.31550763217161,1.0,0.5882352941176471,17,10
3240,ATRX,SATB1,R-3240,1.0,1.6154609038393315,-0.6935815488905335,1.1536456972613896e-79,-5.197326128190279,4.252633293698459,1.0,0.5882352941176471,17,10
3244,ATRX,SATB1,R-3244,1.0,1.6154609038393315,-0.3953854629604239,6.522587270450082e-22,-4.793979283040917,3.86976107060933,1.0,0.5882352941176471,17,10
3243,ATRX,SATB1,R-3243,1.0,1.6154609038393315,-0.2511603210171378,2.5778069533692233e-09,-2.423539775843182,1.577341278171113,1.0,0.5882352941176471,17,10
3232,ATRX,SATB1,R-3232,1.0,1.6154609038393315,-0.6079840174770718,1.3657020713971226e-56,-3.859347181582372,2.865083811511721,1.0,0.5882352941176471,17,10
3241,ATRX,SATB1,R-3241,1.0,1.6154609038393315,-0.2294027713969265,5.778454926935571e-08,-2.76195198379001,1.882982812529693,1.0,0.5882352941176471,17,10
3247,ATRX,SATB1,R-3247,1.0,1.6154609038393315,-0.4782114361438878,1.3236199551527076e-32,-4.785476453778476,3.66759345157857,1.0,0.5882352941176471,17,10
3246,ATRX,SATB1,R-3246,1.0,1.6154609038393315,0.5300433363457956,5.953097152463398e-41,3.819778700016085,2.8667975793299685,1.0,0.5882352941176471,17,10
3233,ATRX,SATB1,R-3233,1.0,1.6154609038393315,-0.2548688317780512,1.4720701614997967e-09,-2.17359820360492,1.358725258899069,1.0,0.5882352941176471,17,10
3238,ATRX,SATB1,R-3238,1.0,1.6154609038393315,-0.3590644933336988,4.344952367417145e-18,-4.7590137217284525,3.807829043580168,1.0,0.5882352941176471,17,10
3890,ATRX,HOXC6,R-3890,1.0,3.442545541583325,-0.2405905521105883,1.2124096641854986e-08,-3.5131050683189584,2.5486626970417494,1.0,0.4,5,2
3893,ATRX,HOXC6,R-3893,1.0,3.442545541583325,-0.1027509700563784,0.0162162707514155,-5.266703198427291,4.388672835569967,1.0,0.4,5,2
2905,ATRX,PRRX1,R-2905,-1.0,3.238406147920405,0.3616381616755253,2.413761334845466e-18,-2.454030187966183,1.574326111446228,1.0,0.4285714285714285,7,3
2909,ATRX,PRRX1,R-2909,-1.0,3.238406147920405,0.5822692566510871,5.821973237082923e-51,-3.0442311122801016,2.1233332488670262,1.0,0.4285714285714285,7,3
2904,ATRX,PRRX1,R-2904,-1.0,3.238406147920405,0.4125331093465175,6.869076499758708e-24,-2.522256528835265,1.6610506853902278,1.0,0.4285714285714285,7,3
2687,ATRX,NKX6-1,R-2687,-1.0,4.823912185347049,0.3354917677366602,7.419791208456982e-16,-2.6307316747842133,1.7430656622179406,0.2857142857142857,0.1666666666666666,12,7
2686,ATRX,NKX6-1,R-2686,-1.0,4.823912185347049,-0.2612450800643864,5.501399217608712e-10,2.263330070374114,1.4136066078103602,0.2857142857142857,0.1666666666666666,12,7
3993,ATRX,VAX2,R-3993,1.0,1.816163989190482,-0.3130484589004185,6.67998030290915e-14,-2.963091936139574,2.0611574275750097,1.0,0.8,5,4
3997,ATRX,VAX2,R-3997,1.0,1.816163989190482,-0.2715041200542741,1.0672888217601886e-10,-2.2947809498010114,1.4435225056679353,1.0,0.8,5,4
3996,ATRX,VAX2,R-3996,1.0,1.816163989190482,-0.4604328003626098,4.689359593386941e-30,-6.323552400164648,5.114514782070326,1.0,0.8,5,4
3995,ATRX,VAX2,R-3995,1.0,1.816163989190482,-0.281243836562162,2.1076801274332817e-11,-3.1812668366764214,2.2286895278046126,1.0,0.8,5,4
1485,ATRX,MAF,R-1485,-1.0,1.4176109063492903,0.4389776945322121,3.5863447777474584e-27,-2.646977535911861,1.7516469892572362,0.9,0.45,20,10
1498,ATRX,MAF,R-1498,-1.0,1.4176109063492903,0.3028705838257606,4.552529184080503e-13,-3.216454760124944,2.306998442539179,0.9,0.45,20,10
1489,ATRX,MAF,R-1489,-1.0,1.4176109063492903,0.3228346601023044,9.8302580389919e-15,-2.2876021567494487,1.437489231811938,0.9,0.45,20,10
1486,ATRX,MAF,R-1486,-1.0,1.4176109063492903,0.3075357701186708,1.9064634716885969e-13,-4.343980035967735,3.299766727017088,0.9,0.45,20,10
1496,ATRX,MAF,R-1496,-1.0,1.4176109063492903,0.3635345025675827,1.5599201862969693e-18,-5.709851132741195,4.801250114420473,0.9,0.45,20,10
1483,ATRX,MAF,R-1483,-1.0,1.4176109063492903,0.3088149790400954,1.4975794200928204e-13,-3.686322697899235,2.7999080891498838,0.9,0.45,20,10
1500,ATRX,MAF,R-1500,-1.0,1.4176109063492903,0.3529437642249395,1.7213075695211518e-17,-2.139087409151445,1.3129864103566262,0.9,0.45,20,10
1487,ATRX,MAF,R-1487,-1.0,1.4176109063492903,0.331225587287184,1.796713086577531e-15,-3.95859050356916,3.005030296528042,0.9,0.45,20,10
1493,ATRX,MAF,R-1493,-1.0,1.4176109063492903,0.4306605269721937,4.153246757993179e-26,-2.432981502250981,1.5712856814423526,0.9,0.45,20,10
619,ATRX,TFAP2C,R-619,-1.0,2.550877239519454,0.5547590428493562,1.811463287881552e-45,-3.3223423878462643,2.4072118883161813,0.8,0.3333333333333333,12,5
617,ATRX,TFAP2C,R-617,-1.0,2.550877239519454,0.1322157405972241,0.0019430198296444,-2.840417653198533,1.9492739819597864,0.8,0.3333333333333333,12,5
623,ATRX,TFAP2C,R-623,-1.0,2.550877239519454,0.0819454035069402,0.0554441044131149,-2.7103201781216386,1.8178852053183088,0.8,0.3333333333333333,12,5
620,ATRX,TFAP2C,R-620,-1.0,2.550877239519454,0.2334696688838057,3.305551049697102e-08,-6.367717698666394,5.4473903075987335,0.8,0.3333333333333333,12,5
2713,ATRX,ONECUT2,R-2713,1.0,2.1534084349096942,0.3950204041411556,7.16606225403539e-22,2.3454569495431343,1.4890390942502802,1.0,0.5714285714285714,7,4
2712,ATRX,ONECUT2,R-2712,1.0,2.1534084349096942,-0.1646458533526682,0.0001095680530057,-4.021106491466903,3.122248194536033,1.0,0.5714285714285714,7,4
2708,ATRX,ONECUT2,R-2708,1.0,2.1534084349096942,-0.5691443692884863,2.8198605897354514e-48,-2.147143026458284,1.3145495983478688,1.0,0.5714285714285714,7,4
2711,ATRX,ONECUT2,R-2711,1.0,2.1534084349096942,-0.5292337401452815,8.250112181929748e-41,-3.6464475659458913,2.77384764619076,1.0,0.5714285714285714,7,4
1919,ATRX,PBX1,R-1919,1.0,2.520989002937027,-0.3345331858922912,9.061830374051313e-16,-4.297391514691335,3.302709458651096,1.0,0.6428571428571429,14,9
1917,ATRX,PBX1,R-1917,1.0,2.520989002937027,-0.3365397996231073,5.958233756431895e-16,-3.42993092452024,2.496225775340314,1.0,0.6428571428571429,14,9
1922,ATRX,PBX1,R-1922,1.0,2.520989002937027,-0.331352650338759,1.7503529412402532e-15,-5.50807538461514,4.627699070655718,1.0,0.6428571428571429,14,9
1916,ATRX,PBX1,R-1916,1.0,2.520989002937027,0.4686064812567701,3.2932023723032407e-31,2.5037719604323168,1.6196308926287364,1.0,0.6428571428571429,14,9
1913,ATRX,PBX1,R-1913,1.0,2.520989002937027,-0.3544910299937722,1.2188384665423196e-17,-3.8517255300324784,2.9055650669836512,1.0,0.6428571428571429,14,9
1920,ATRX,PBX1,R-1920,1.0,2.520989002937027,0.3671359665568288,6.753655331143234e-19,2.8797927328717403,1.950967078288874,1.0,0.6428571428571429,14,9
1918,ATRX,PBX1,R-1918,1.0,2.520989002937027,-0.265592718707919,2.7692373538574927e-10,-6.498013407148454,5.195987781738301,1.0,0.6428571428571429,14,9
1921,ATRX,PBX1,R-1921,1.0,2.520989002937027,-0.1349482194235927,0.0015591921181267,-4.48755710866336,3.5495993617660084,1.0,0.6428571428571429,14,9
1915,ATRX,PBX1,R-1915,1.0,2.520989002937027,-0.1942291818591208,4.741902603037357e-06,-3.8331952757120833,2.889196825966668,1.0,0.6428571428571429,14,9
862,ATRX,MAX,R-862,-1.0,2.5704771085976144,0.6150698538840894,3.1047718296488733e-58,-2.322593980585624,1.4693134637113034,1.0,0.2307692307692307,13,3
857,ATRX,MAX,R-857,-1.0,2.5704771085976144,0.2780278875903316,3.626595503742858e-11,-3.5261794167114697,2.6056357975291227,1.0,0.2307692307692307,13,3
859,ATRX,MAX,R-859,-1.0,2.5704771085976144,0.498060547120449,1.239158200011688e-35,-2.606805517329378,1.7217059604699436,1.0,0.2307692307692307,13,3
3720,ATRX,FOXD3,R-3720,1.0,2.569966820438837,-0.2773277577118033,4.0776191890709756e-11,-6.972704914148618,5.55682130208373,1.0,0.5714285714285714,14,8
3708,ATRX,FOXD3,R-3708,1.0,2.569966820438837,-0.3212937731479477,1.3354560643168187e-14,-3.052646544738898,2.164558114348428,1.0,0.5714285714285714,14,8
3713,ATRX,FOXD3,R-3713,1.0,2.569966820438837,0.1423048988268699,0.0008449967853002,4.2502751598117525,3.263651895195387,1.0,0.5714285714285714,14,8
3714,ATRX,FOXD3,R-3714,1.0,2.569966820438837,-0.3291622241034429,2.742210936107869e-15,-5.104021519255837,4.051453806562906,1.0,0.5714285714285714,14,8
3716,ATRX,FOXD3,R-3716,1.0,2.569966820438837,0.3332956958839342,1.171801279281055e-15,2.6714703884578963,1.7674760061246333,1.0,0.5714285714285714,14,8
3710,ATRX,FOXD3,R-3710,1.0,2.569966820438837,-0.4527455224021763,5.344454927019004e-29,-5.219839914670233,4.249935032763204,1.0,0.5714285714285714,14,8
3715,ATRX,FOXD3,R-3715,1.0,2.569966820438837,-0.3577294881155354,5.881621025041999e-18,-2.468380976884774,1.620263570380326,1.0,0.5714285714285714,14,8
3717,ATRX,FOXD3,R-3717,1.0,2.569966820438837,-0.3033535407332762,4.163239874119286e-13,-6.431568694136152,5.157559495962993,1.0,0.5714285714285714,14,8
4503,ATRX,HOXD13,R-4503,-1.0,3.953059550577926,0.2308384445722813,4.750011092504174e-08,-3.907580026155101,2.910358440095401,1.0,1.0,1,1
3352,ATRX,NR2E1,R-3352,-1.0,1.3739457932347765,0.1614603320590856,0.000149130839442,-3.605098519478023,2.700352471833537,0.8571428571428571,0.6,10,7
3354,ATRX,NR2E1,R-3354,-1.0,1.3739457932347765,0.5434958894772876,2.3061832052389483e-43,-4.826264695038548,3.756171449755108,0.8571428571428571,0.6,10,7
3358,ATRX,NR2E1,R-3358,-1.0,1.3739457932347765,-0.2331054165813102,3.47658472238419e-08,4.2003906852292205,3.111769440046286,0.8571428571428571,0.6,10,7
3355,ATRX,NR2E1,R-3355,-1.0,1.3739457932347765,0.0777922820450743,0.0690638266313884,-3.7335434279990793,2.859739316185248,0.8571428571428571,0.6,10,7
3357,ATRX,NR2E1,R-3357,-1.0,1.3739457932347765,0.5208066663450375,2.3394275653906084e-39,-5.013690995205785,3.8536063913301137,0.8571428571428571,0.6,10,7
3351,ATRX,NR2E1,R-3351,-1.0,1.3739457932347765,0.2742329328953116,6.818852575638846e-11,-6.565225782708661,5.280779268066704,0.8571428571428571,0.6,10,7
4443,ATRX,ZNF282,R-4443,-1.0,1.419623201978445,0.4858204819773561,9.6413328240563e-34,-2.8298941301487543,1.917857918656215,1.0,0.5,2,1
2842,ATRX,LHX2,R-2842,-1.0,1.5437738020071148,0.1426019902781001,0.0008238394222701,-2.879683618084402,1.9483660446415263,0.4,0.1818181818181818,11,5
2844,ATRX,LHX2,R-2844,-1.0,1.5437738020071148,-0.2623150345431133,4.6516833488949987e-10,2.6508921560814573,1.7490591970278333,0.4,0.1818181818181818,11,5
3361,ATRX,BRCA1,R-3361,1.0,1.663057303714253,0.3632393907484313,1.6698989990158912e-18,3.821830458698717,2.798800277510761,1.0,0.5,4,2
3360,ATRX,BRCA1,R-3360,1.0,1.663057303714253,-0.1700011980440061,6.441598056093197e-05,-2.988586728947055,2.06276498011128,1.0,0.5,4,2
1415,ATRX,IRF2,R-1415,-1.0,2.613183788795554,0.2153428378157824,3.682113543101114e-07,-6.146993345960504,5.088635992072318,1.0,0.3181818181818182,22,7
1421,ATRX,IRF2,R-1421,-1.0,2.613183788795554,0.2900799610056472,4.574854488886555e-12,-3.448172305193851,2.487651729172803,1.0,0.3181818181818182,22,7
1416,ATRX,IRF2,R-1416,-1.0,2.613183788795554,0.2984741875773247,1.0193907161729925e-12,-6.267682979036716,5.011599103184863,1.0,0.3181818181818182,22,7
1418,ATRX,IRF2,R-1418,-1.0,2.613183788795554,0.3538360650545227,1.4109300795581177e-17,-2.255966340349413,1.408951757028425,1.0,0.3181818181818182,22,7
1414,ATRX,IRF2,R-1414,-1.0,2.613183788795554,0.3243290623626629,7.290953761012951e-15,-2.1294708386477947,1.328198738175184,1.0,0.3181818181818182,22,7
1411,ATRX,IRF2,R-1411,-1.0,2.613183788795554,0.4499641393314913,1.2696792727403711e-28,-6.041402777328109,5.223311895377222,1.0,0.3181818181818182,22,7
1424,ATRX,IRF2,R-1424,-1.0,2.613183788795554,0.3271902172741521,4.095383450970677e-15,-4.686667918713311,3.619926157355186,1.0,0.3181818181818182,22,7
2931,ATRX,HOXB6,R-2931,-1.0,3.950720639888671,0.4961974200554912,2.431764423065643e-35,-2.9494479062415024,2.0534111602696763,0.6666666666666666,0.2,10,3
2933,ATRX,HOXB6,R-2933,-1.0,3.950720639888671,-0.1213709494711376,0.004474023547413,3.596361301376966,2.61352888929982,0.6666666666666666,0.2,10,3
3952,ATRX,POU4F1,R-3952,1.0,4.222741715830876,-0.2566328305996569,1.1241576086221203e-09,-3.806430619548419,2.9536421317792825,0.75,0.3,10,4
3953,ATRX,POU4F1,R-3953,1.0,4.222741715830876,-0.3833894058009672,1.351340351669597e-20,-6.9827109886250565,5.662334997043913,0.75,0.3,10,4
3961,ATRX,POU4F1,R-3961,1.0,4.222741715830876,-0.220550076699745,1.8809839015528807e-07,-3.540736205411679,2.5507642045923737,0.75,0.3,10,4
4411,ATRX,LMO2,R-4411,-1.0,3.9733970946532704,0.3701551987557938,3.3204455211714335e-19,-2.563312393180888,1.6779585359210965,0.75,0.5,6,4
4412,ATRX,LMO2,R-4412,-1.0,3.9733970946532704,0.5189040932779172,4.9144587381036234e-39,-3.589667756327068,2.598189275402497,0.75,0.5,6,4
4407,ATRX,LMO2,R-4407,-1.0,3.9733970946532704,-0.3776623301970583,5.499309847527468e-20,3.1197077372290964,2.20667082602023,0.75,0.5,6,4
3927,ATRX,PRDM1,R-3927,-1.0,1.4210229518880146,0.3614618277811007,2.5133879896530582e-18,-4.196591789080905,3.2342785841111192,1.0,0.5882352941176471,17,10
3937,ATRX,PRDM1,R-3937,-1.0,1.4210229518880146,0.1999380741757874,2.439387732196494e-06,-4.991486431936184,3.8582824574915984,1.0,0.5882352941176471,17,10
3926,ATRX,PRDM1,R-3926,-1.0,1.4210229518880146,0.1238245934532247,0.0037249818612615,-5.942132294542909,4.94385606799286,1.0,0.5882352941176471,17,10
3938,ATRX,PRDM1,R-3938,-1.0,1.4210229518880146,0.1797572648464706,2.346833762240685e-05,-3.214543714611208,2.2766005167203014,1.0,0.5882352941176471,17,10
3924,ATRX,PRDM1,R-3924,-1.0,1.4210229518880146,0.4503742897703318,1.1181400751226342e-28,-3.2514094627162007,2.353234081028337,1.0,0.5882352941176471,17,10
3925,ATRX,PRDM1,R-3925,-1.0,1.4210229518880146,0.3754087023746346,9.481420465156705e-20,-4.461894153784418,3.621225067333097,1.0,0.5882352941176471,17,10
3929,ATRX,PRDM1,R-3929,-1.0,1.4210229518880146,0.4034923496018519,7.831038979179487e-23,-2.946648700486844,2.07876834074584,1.0,0.5882352941176471,17,10
3934,ATRX,PRDM1,R-3934,-1.0,1.4210229518880146,0.2053503149594636,1.2759483335180598e-06,-5.896452198946074,4.807742232979984,1.0,0.5882352941176471,17,10
3935,ATRX,PRDM1,R-3935,-1.0,1.4210229518880146,-0.1490495053192713,0.000469542922556,4.443133207490682,3.300458262888599,1.0,0.5882352941176471,17,10
3932,ATRX,PRDM1,R-3932,-1.0,1.4210229518880146,0.4358698188079417,9.027937800291636e-27,-3.4616348821868823,2.486538154257274,1.0,0.5882352941176471,17,10
3966,ATRX,TEAD3,R-3966,-1.0,3.265854292040349,0.5572159128985347,6.1397640452114295e-46,-5.874753772401668,4.746294261179734,1.0,0.5,10,5
3964,ATRX,TEAD3,R-3964,-1.0,3.265854292040349,-0.3989319371697037,2.599022913695868e-22,3.92636909272907,3.062890048365674,1.0,0.5,10,5
3963,ATRX,TEAD3,R-3963,-1.0,3.265854292040349,0.2712586456765055,1.1109088943661531e-10,-2.9436180300508794,2.104967645265618,1.0,0.5,10,5
3970,ATRX,TEAD3,R-3970,-1.0,3.265854292040349,0.2851668807846498,1.076803272282049e-11,-3.4550570251767097,2.523080394960989,1.0,0.5,10,5
3962,ATRX,TEAD3,R-3962,-1.0,3.265854292040349,0.4576676942667947,1.1332786783552129e-29,-4.662378782233919,3.611561901131273,1.0,0.5,10,5
3228,ATRX,KLF12,R-3228,1.0,1.4934795089896546,-0.4422630039465064,1.3375130841327698e-27,-4.1595998970071255,3.1605453604324536,1.0,0.5,4,2
3231,ATRX,KLF12,R-3231,1.0,1.4934795089896546,-0.0417197195843828,0.330089278027234,-3.960926416984385,3.061088925257596,1.0,0.5,4,2
3063,ATRX,FOXO4,R-3063,1.0,2.616553196486267,-0.2834866130680059,1.4375418671274634e-11,-2.704633392934832,1.8224415221296093,1.0,0.4166666666666667,12,5
3072,ATRX,FOXO4,R-3072,1.0,2.616553196486267,-0.3109490224210195,9.985113703862041e-14,-4.6176879586208015,3.517305353194928,1.0,0.4166666666666667,12,5
3074,ATRX,FOXO4,R-3074,1.0,2.616553196486267,-0.191031709453359,6.8230923191625335e-06,-5.300053399053729,4.13238964562512,1.0,0.4166666666666667,12,5
3068,ATRX,FOXO4,R-3068,1.0,2.616553196486267,-0.4028248469927701,9.345032803032004e-23,-3.0706045808548152,2.163805652622666,1.0,0.4166666666666667,12,5
3066,ATRX,FOXO4,R-3066,1.0,2.616553196486267,-0.3715955643923724,2.3601939144724385e-19,-2.416189661147768,1.577958151769687,1.0,0.4166666666666667,12,5
4492,ATRX,BACH1,R-4492,-1.0,1.539636412446402,0.2912260946595538,3.737736640678551e-12,-6.948460630207312,6.47451873208369,0.5,0.2,5,2
2620,ATRX,CEBPD,R-2620,-1.0,1.980837890969137,0.3839618860702675,1.1726533592724452e-20,-4.777207401614449,3.666028647485049,1.0,0.5,6,3
2618,ATRX,CEBPD,R-2618,-1.0,1.980837890969137,-0.4711191476026874,1.4345736882899114e-31,2.611490888049921,1.731036643366317,1.0,0.5,6,3
2617,ATRX,CEBPD,R-2617,-1.0,1.980837890969137,0.3371036281670263,5.293105665529535e-16,-2.809609371636829,1.8820834628006111,1.0,0.5,6,3
2744,ATRX,MSX2,R-2744,-1.0,1.4176109063492903,0.255866566345756,1.2641629993569366e-09,-3.4342961613605283,2.5167500115051635,0.2857142857142857,0.1428571428571428,14,7
2750,ATRX,MSX2,R-2750,-1.0,1.4176109063492903,-0.2563551688706814,1.1730537584527258e-09,2.3914918426838505,1.5222270450163988,0.2857142857142857,0.1428571428571428,14,7
928,ATRX,SMAD4,R-928,1.0,2.576710260848764,-0.3471180002959182,6.207863267906466e-17,-2.7600018298885654,1.8749443235628256,0.6666666666666666,0.25,8,3
925,ATRX,SMAD4,R-925,1.0,2.576710260848764,-0.2150307158246948,3.831367719867437e-07,-2.650485554636103,1.7797953006977003,0.6666666666666666,0.25,8,3
1440,ATRX,TRAF4,R-1440,-1.0,1.3125127168615234,0.1589970098757245,0.0001885384227103,-4.398027061057272,3.308872815881274,0.8333333333333334,0.3571428571428571,14,6
1436,ATRX,TRAF4,R-1436,-1.0,1.3125127168615234,0.3868541285373642,5.7032386958974404e-21,-2.119682917092197,1.3036461075062122,0.8333333333333334,0.3571428571428571,14,6
1429,ATRX,TRAF4,R-1429,-1.0,1.3125127168615234,-0.2266831968389234,8.346787262481024e-08,3.381497551098932,2.441761719657776,0.8333333333333334,0.3571428571428571,14,6
1430,ATRX,TRAF4,R-1430,-1.0,1.3125127168615234,-0.2417638873756515,1.0245601684109076e-08,4.744674644635682,3.7313976702626817,0.8333333333333334,0.3571428571428571,14,6
1428,ATRX,TRAF4,R-1428,-1.0,1.3125127168615234,0.3673614979743964,6.406467484074924e-19,-2.2367631951284697,1.3891978282287418,0.8333333333333334,0.3571428571428571,14,6
3834,ATRX,NF1,R-3834,1.0,1.5005742519677143,-0.486387829867193,7.909764754464071e-34,-4.862548375157758,3.7761652496676814,1.0,0.3333333333333333,6,2
3838,ATRX,NF1,R-3838,1.0,1.5005742519677143,-0.600866433637087,5.557236503482732e-55,-2.584566042120999,1.700003232090865,1.0,0.3333333333333333,6,2
4272,ATRX,NKX2-2,R-4272,1.0,1.722301792651128,-0.48120273353463,4.763634883526926e-33,-3.509182005713209,2.6397804526448003,1.0,0.5714285714285714,14,8
4274,ATRX,NKX2-2,R-4274,1.0,1.722301792651128,-0.4586248830367379,8.357446830042907e-30,-3.169134581585384,2.3039495976322075,1.0,0.5714285714285714,14,8
4280,ATRX,NKX2-2,R-4280,1.0,1.722301792651128,0.4916445595531251,1.2413087532349075e-34,4.867616841948967,3.815749125186984,1.0,0.5714285714285714,14,8
4282,ATRX,NKX2-2,R-4282,1.0,1.722301792651128,-0.4072335609519184,2.886430244253989e-23,-3.613647029087452,2.751569420674549,1.0,0.5714285714285714,14,8
4279,ATRX,NKX2-2,R-4279,1.0,1.722301792651128,-0.3422080728223057,1.7926452419792452e-16,-5.23264529446723,4.222035797106811,1.0,0.5714285714285714,14,8
4277,ATRX,NKX2-2,R-4277,1.0,1.722301792651128,-0.4148908511523437,3.596858644082045e-24,-2.175411019375648,1.3468011455146676,1.0,0.5714285714285714,14,8
4281,ATRX,NKX2-2,R-4281,1.0,1.722301792651128,-0.3085767633132822,1.5665770631081105e-13,-8.145571793544951,7.859524299943422,1.0,0.5714285714285714,14,8
4273,ATRX,NKX2-2,R-4273,1.0,1.722301792651128,-0.3675401780994329,6.143939048209211e-19,-3.889142800089935,2.949226507032704,1.0,0.5714285714285714,14,8
2095,ATRX,MAFK,R-2095,-1.0,3.0371327573388767,0.7426211413854696,5.902701805710657e-97,-4.222103811349395,3.3679717932148554,1.0,0.8,10,8
2092,ATRX,MAFK,R-2092,-1.0,3.0371327573388767,0.4128964818125334,6.2192791251598485e-24,-5.130429155075783,4.20515773778844,1.0,0.8,10,8
2091,ATRX,MAFK,R-2091,-1.0,3.0371327573388767,0.1717931316738346,5.3730850560114096e-05,-5.452559916935751,4.44411582897358,1.0,0.8,10,8
2096,ATRX,MAFK,R-2096,-1.0,3.0371327573388767,0.2206239096443128,1.862932131931669e-07,-2.778138688295156,1.8541149646785349,1.0,0.8,10,8
2093,ATRX,MAFK,R-2093,-1.0,3.0371327573388767,0.3386285314253394,3.838385886870185e-16,-4.14735722083255,3.1909418135731005,1.0,0.8,10,8
2087,ATRX,MAFK,R-2087,-1.0,3.0371327573388767,0.4901549963934035,2.104759891537536e-34,-2.894662012995439,2.0065656683805546,1.0,0.8,10,8
2094,ATRX,MAFK,R-2094,-1.0,3.0371327573388767,0.2297131337150552,5.539346344178945e-08,-3.372903327833883,2.478650880829281,1.0,0.8,10,8
2089,ATRX,MAFK,R-2089,-1.0,3.0371327573388767,0.2671949009370111,2.1435322237311163e-10,-3.062779458096097,2.166264527584022,1.0,0.8,10,8
3484,ATRX,TFEB,R-3484,1.0,1.8974585188738444,0.1507725917445822,0.0004024761608618,2.846174581369912,1.903430588433521,0.5,0.3333333333333333,3,2
2552,ATRX,MSC,R-2552,-1.0,2.7445407154248755,0.1081849867929212,0.0113452635386061,-4.306655087488116,3.3451931914273643,1.0,0.5,2,1
3914,ATRX,SCRT1,R-3914,1.0,1.4700946677605482,-0.395920403539934,5.681363410092997e-22,-5.697510353467992,4.739386130057186,1.0,1.0,2,2
3913,ATRX,SCRT1,R-3913,1.0,1.4700946677605482,-0.4715944792607143,1.2249362920561622e-31,-4.525774311593863,3.532557817797707,1.0,1.0,2,2
1220,ATRX,FOXC1,R-1220,-1.0,1.407581956941689,-0.292796676095092,2.8293865039956014e-12,3.451075437506756,2.4619022270348294,1.0,0.375,8,3
1221,ATRX,FOXC1,R-1221,-1.0,1.407581956941689,-0.2891114076811777,5.422986130186007e-12,4.519386277657667,3.5836916310530427,1.0,0.375,8,3
1222,ATRX,FOXC1,R-1222,-1.0,1.407581956941689,-0.199418090816428,2.593710351672287e-06,2.618970201444578,1.722813767113797,1.0,0.375,8,3
2166,ATRX,ETV5,R-2166,-1.0,5.182225901907401,0.181539740234145,1.9399774977007957e-05,-3.227804939365611,2.3010467205390173,1.0,0.25,4,1
1862,ATRX,HOXA10,R-1862,1.0,3.2812405930868693,-0.2447443334498138,6.654421870975419e-09,-2.123362367126508,1.31483078720405,1.0,0.2857142857142857,7,2
1866,ATRX,HOXA10,R-1866,1.0,3.2812405930868693,0.2878637262336003,6.744814963661534e-12,3.875988916257269,2.94944264249944,1.0,0.2857142857142857,7,2
959,CNTNAP2,SMAD3,R-959,-1.0,3.03378480732696,0.347896875539358,5.2376151685431365e-17,-2.622027777532413,1.6568622865801932,1.0,0.125,8,1
3847,CNTNAP2,FOSL1,R-3847,-1.0,1.7724262439037757,0.3626571589581503,1.909741484170729e-18,-2.6576734064637995,1.678691214358683,1.0,0.1538461538461538,13,2
3852,CNTNAP2,FOSL1,R-3852,-1.0,1.7724262439037757,0.1473564066539686,0.0005454474454445,-2.3812043329728256,1.440230590731164,1.0,0.1538461538461538,13,2
3677,CNTNAP2,ATF2,R-3677,-1.0,2.227254633560252,0.5986806998629947,1.7023429993739184e-54,-3.152614640152252,2.0415147983225936,1.0,0.1666666666666666,6,1
3868,CNTNAP2,CDC5L,R-3868,-1.0,2.2251699000441927,-0.1508926161043216,0.0003981540608777,2.7201739167512744,1.7123477869702894,1.0,0.25,4,1
873,CNTNAP2,GABPA,R-873,-1.0,1.4590644772959804,0.4843884747873325,1.5864378783439266e-33,-2.320030986663153,1.4084415599491134,1.0,0.1333333333333333,15,2
864,CNTNAP2,GABPA,R-864,-1.0,1.4590644772959804,0.3987614688518088,2.717244444236581e-22,-2.235564711793674,1.3416248218647928,1.0,0.1333333333333333,15,2
745,CNTNAP2,ETV6,R-745,-1.0,1.794370244851408,0.3643409460207121,1.29446955132719e-18,-3.091020953247205,2.0148023319713166,1.0,0.0909090909090909,22,2
743,CNTNAP2,ETV6,R-743,-1.0,1.794370244851408,0.2304116505600378,5.035660257559956e-08,-2.7049164726531,1.7503338285110233,1.0,0.0909090909090909,22,2
4356,CNTNAP2,LEF1,R-4356,-1.0,2.022774508884402,0.2419423475415681,9.985828295388876e-09,-2.7161107023638125,1.7220405008792072,1.0,0.1111111111111111,9,1
951,CNTNAP2,ELK3,R-951,-1.0,1.651997480132709,0.3089968852322232,1.4469051575325498e-13,-3.559352456267063,2.4066820627004137,1.0,0.1428571428571428,7,1
3324,COL6A3,ZEB1,R-3324,-1.0,1.655376766946598,-0.2315749410252939,4.293513382064256e-08,2.3628771667682336,1.4567694936341713,1.0,0.1428571428571428,14,2
3325,COL6A3,ZEB1,R-3325,-1.0,1.655376766946598,0.489801815366608,2.384573421506841e-34,-2.74221197200776,1.7480045113227591,1.0,0.1428571428571428,14,2
3232,COL6A3,SATB1,R-3232,-1.0,1.950846652304552,-0.6079840174770718,1.3657020713971226e-56,2.41507588522423,1.4872226127057575,1.0,0.1176470588235294,17,2
3247,COL6A3,SATB1,R-3247,-1.0,1.950846652304552,-0.4782114361438878,1.3236199551527076e-32,2.8829442767945883,1.8625231346794984,1.0,0.1176470588235294,17,2
4285,COL6A3,NKX2-2,R-4285,-1.0,1.3645072811483163,0.0533868645399357,0.212527149868502,-3.09120424096614,2.0759385157556896,1.0,0.2142857142857142,14,3
4280,COL6A3,NKX2-2,R-4280,-1.0,1.3645072811483163,0.4916445595531251,1.2413087532349075e-34,-2.289705226957042,1.4048007779404248,1.0,0.2142857142857142,14,3
4275,COL6A3,NKX2-2,R-4275,-1.0,1.3645072811483163,0.3093075408291784,1.3642223956393298e-13,-2.5137386781350863,1.5784682780540522,1.0,0.2142857142857142,14,3
4479,COL6A3,NFATC1,R-4479,1.0,1.3232516151779308,-0.2508822193699226,2.6874549528175966e-09,-3.100680409684026,2.065803473688828,1.0,0.4,5,2
4476,COL6A3,NFATC1,R-4476,1.0,1.3232516151779308,-0.1687469911425395,7.305568482184964e-05,-3.4335421662456023,2.334072738734315,1.0,0.4,5,2
309,DNAH5,NFYA,R-309,-1.0,1.320636152580479,0.6270134874533118,4.221970414747748e-61,-2.418831350164467,1.5923067708115994,1.0,0.0588235294117647,17,1
4447,EGFR,FOXO1,R-4447,1.0,1.6203088238765826,0.245087323037389,6.329700987503794e-09,2.4623729196928994,1.8248202012045045,1.0,0.6666666666666666,3,2
4446,EGFR,FOXO1,R-4446,1.0,1.6203088238765826,0.5156459854747795,1.7330468646949206e-38,2.911104569899527,2.3903990429954614,1.0,0.6666666666666666,3,2
1831,EGFR,ELF5,R-1831,-1.0,1.564863126728596,-0.4795221725391595,8.468873275808467e-33,4.237907209027933,4.370530770968901,1.0,0.0952380952380952,21,2
1838,EGFR,ELF5,R-1838,-1.0,1.564863126728596,-0.4757031689803676,3.0942763080389197e-32,2.356000278499058,1.6987031970954356,1.0,0.0952380952380952,21,2
2339,EGFR,ELF3,R-2339,-1.0,1.3485931334621322,0.2423496385118503,9.416647630707424e-09,-3.819950767024395,3.712651595762266,1.0,0.2941176470588235,17,5
2332,EGFR,ELF3,R-2332,-1.0,1.3485931334621322,-0.5912208596325009,7.287134932858792e-53,2.747537737765388,2.1679618915695844,1.0,0.2941176470588235,17,5
2334,EGFR,ELF3,R-2334,-1.0,1.3485931334621322,-0.0478694832969643,0.2637153814917254,2.283971612431732,1.6278540406346496,1.0,0.2941176470588235,17,5
2327,EGFR,ELF3,R-2327,-1.0,1.3485931334621322,-0.4795439484920261,8.40613885387086e-33,3.8914527768919256,3.7939838206526666,1.0,0.2941176470588235,17,5
2329,EGFR,ELF3,R-2329,-1.0,1.3485931334621322,-0.4772689846349754,1.8226023488546524e-32,2.402508171233426,1.7566534738618185,1.0,0.2941176470588235,17,5
3626,EGFR,HOXD10,R-3626,1.0,2.4825679174508823,0.1588398124247281,0.0001913586966173,3.119165530989021,2.647743030903104,1.0,0.2,5,1
3777,EGFR,SOX21,R-3777,1.0,3.834057802649368,0.1796722139867898,2.368142050668698e-05,2.063646334126752,1.390169587125944,1.0,0.1428571428571428,14,2
3772,EGFR,SOX21,R-3772,1.0,3.834057802649368,-0.4299751343546962,5.066866007180901e-26,-2.175365330048052,1.505127472443236,1.0,0.1428571428571428,14,2
9,EGFR,ETS1,R-9,1.0,1.7566534738618185,0.5406053333634432,7.768498091869884e-43,2.353693102482355,1.7006662228600735,1.0,0.0526315789473684,19,1
4312,EGFR,GTF2A1,R-4312,1.0,1.8881742254707423,0.6280199470661045,2.389119054180929e-61,2.272942622004796,1.6093170607598073,1.0,0.3333333333333333,3,1
2515,EGFR,AHR,R-2515,-1.0,1.4651353278465185,-0.2212048949995813,1.7265965471008577e-07,3.799873145745943,3.6979135718708025,1.0,1.0,1,1
3595,EGFR,SOX9,R-3595,1.0,2.9162479785091104,0.2439921465795843,7.424107812712286e-09,2.3839921389456453,1.7316493857958115,1.0,0.217391304347826,23,5
3616,EGFR,SOX9,R-3616,1.0,2.9162479785091104,-0.4860309828550663,8.958956654418833e-34,-3.036930110399331,2.552172395148746,1.0,0.217391304347826,23,5
3599,EGFR,SOX9,R-3599,1.0,2.9162479785091104,-0.460368279020783,4.787355492838372e-30,-1.9774645921755696,1.3023343847794746,1.0,0.217391304347826,23,5
3614,EGFR,SOX9,R-3614,1.0,2.9162479785091104,-0.2936439586248097,2.433051361397228e-12,-2.2137003969020794,1.5502570829498878,1.0,0.217391304347826,23,5
3603,EGFR,SOX9,R-3603,1.0,2.9162479785091104,0.5945617453844144,1.3713808411714982e-53,2.358726345900658,1.7095981584134954,1.0,0.217391304347826,23,5
1301,EGFR,FOXJ1,R-1301,1.0,3.1326229504610184,0.1970284549382215,3.4312659733740563e-06,2.297623307985584,1.6393078905397684,1.0,0.3181818181818182,22,7
1311,EGFR,FOXJ1,R-1311,1.0,3.1326229504610184,0.4653150129871194,9.679835520734935e-31,2.0092950731848704,1.336035671244492,1.0,0.3181818181818182,22,7
1295,EGFR,FOXJ1,R-1295,1.0,3.1326229504610184,0.5993317788577932,1.2207151427991929e-54,3.498032757758016,3.2308270939478825,1.0,0.3181818181818182,22,7
1305,EGFR,FOXJ1,R-1305,1.0,3.1326229504610184,0.2721933986162225,9.535419573911149e-11,2.115985497036285,1.4448988154622102,1.0,0.3181818181818182,22,7
1298,EGFR,FOXJ1,R-1298,1.0,3.1326229504610184,-0.4416458719758735,1.6110890409533034e-27,-2.1616638640570365,1.4881902403546012,1.0,0.3181818181818182,22,7
1313,EGFR,FOXJ1,R-1313,1.0,3.1326229504610184,-0.1817526606621737,1.8961223946129436e-05,-3.313711228712143,2.9408783030249515,1.0,0.3181818181818182,22,7
1297,EGFR,FOXJ1,R-1297,1.0,3.1326229504610184,0.6766337720246898,1.792507319848185e-74,4.054890379152317,4.059855774675361,1.0,0.3181818181818182,22,7
2787,EGFR,FOXC2,R-2787,-1.0,1.9305146911086328,-0.5104229828538933,1.270516327452061e-37,3.635120819595169,3.4438614948604926,1.0,0.2777777777777778,18,5
2792,EGFR,FOXC2,R-2792,-1.0,1.9305146911086328,0.4193250803693963,1.0505560446007758e-24,-2.035774814811552,1.3631216483341893,1.0,0.2777777777777778,18,5
2788,EGFR,FOXC2,R-2788,-1.0,1.9305146911086328,-0.5768856838726998,7.606088306846558e-50,2.5486237317533127,1.926000628991666,1.0,0.2777777777777778,18,5
2801,EGFR,FOXC2,R-2801,-1.0,1.9305146911086328,-0.7110911013485105,2.018940750159124e-85,2.3109777104091296,1.6580447120675188,1.0,0.2777777777777778,18,5
2798,EGFR,FOXC2,R-2798,-1.0,1.9305146911086328,-0.6425523528367173,5.05697166830743e-65,3.970238891624047,3.92831299328524,1.0,0.2777777777777778,18,5
2278,EGFR,NKX3-1,R-2278,-1.0,1.9784793331587536,0.4452638328991094,5.381854836997669e-28,-3.1622589263371323,2.7240866798309065,1.0,0.4375,16,7
2266,EGFR,NKX3-1,R-2266,-1.0,1.9784793331587536,-0.4356115868012209,9.743523740234006e-27,3.323917732236847,2.9706068754201223,1.0,0.4375,16,7
2276,EGFR,NKX3-1,R-2276,-1.0,1.9784793331587536,-0.24027432421593,1.2684955623761995e-08,2.3399894933077343,1.6833425597443306,1.0,0.4375,16,7
2269,EGFR,NKX3-1,R-2269,-1.0,1.9784793331587536,-0.5112029578929322,9.456488967163586e-38,2.237045919161412,1.571949341274261,1.0,0.4375,16,7
2273,EGFR,NKX3-1,R-2273,-1.0,1.9784793331587536,-0.255463894516991,1.3443868800651915e-09,2.6911226508283064,2.1141780552931992,1.0,0.4375,16,7
2274,EGFR,NKX3-1,R-2274,-1.0,1.9784793331587536,-0.6515155403317774,2.1704752143443592e-67,2.313107737624051,1.6574759450758785,1.0,0.4375,16,7
2279,EGFR,NKX3-1,R-2279,-1.0,1.9784793331587536,-0.2528960184319876,1.985410936939044e-09,2.64169265888301,2.035598656013776,1.0,0.4375,16,7
1366,EGFR,STAT4,R-1366,-1.0,1.724921677968661,0.6676920672036699,7.151559109989438e-72,-2.021993836278526,1.3438092646587678,1.0,0.217391304347826,23,5
1355,EGFR,STAT4,R-1355,-1.0,1.724921677968661,-0.537328309075997,3.034913547458156e-42,4.078998289404088,4.11487050129049,1.0,0.217391304347826,23,5
1363,EGFR,STAT4,R-1363,-1.0,1.724921677968661,-0.5980353398053126,2.3652925520062602e-54,3.0228485566968324,2.521887756908812,1.0,0.217391304347826,23,5
1375,EGFR,STAT4,R-1375,-1.0,1.724921677968661,0.5419736257284129,4.3782553862456624e-43,-3.1927441990671723,2.7687801442942743,1.0,0.217391304347826,23,5
1364,EGFR,STAT4,R-1364,-1.0,1.724921677968661,-0.4487281157172668,1.860306984438829e-28,3.769565678935756,3.613976828365281,1.0,0.217391304347826,23,5
889,EGFR,TRIM28,R-889,1.0,1.6703008486003066,0.5725043181641214,5.947378940388132e-49,2.9382032054624263,2.409623385175618,1.0,0.1666666666666666,12,2
893,EGFR,TRIM28,R-893,1.0,1.6703008486003066,-0.4480123687412282,2.319194260095406e-28,-2.474142385470036,1.8396173452902904,1.0,0.1666666666666666,12,2
140,EGFR,NR2F1,R-140,1.0,1.7555563841615898,0.299201445747303,8.929737351522015e-13,2.98248328767664,2.4812541359912434,1.0,0.1764705882352941,17,3
132,EGFR,NR2F1,R-132,1.0,1.7555563841615898,-0.4503920331393341,1.1120047138062998e-28,-2.339031352221579,1.6905893281277535,1.0,0.1764705882352941,17,3
131,EGFR,NR2F1,R-131,1.0,1.7555563841615898,0.316234933350187,3.6070045041347945e-14,3.978452029530475,3.935798620456804,1.0,0.1764705882352941,17,3
1580,EGFR,TGIF2,R-1580,1.0,1.5107303306158648,0.2919813609574614,3.2700556378403148e-12,3.338986792347754,2.9622178628530142,1.0,0.4,5,2
1583,EGFR,TGIF2,R-1583,1.0,1.5107303306158648,-0.3578669625654506,5.70142003441794e-18,-2.8456237446640453,2.29542216656582,1.0,0.4,5,2
209,EGFR,SP4,R-209,1.0,1.9987218100115849,0.3904929855769871,2.2793946164449358e-21,3.744531724122095,3.575259270670032,1.0,0.1304347826086956,23,3
204,EGFR,SP4,R-204,1.0,1.9987218100115849,0.1177896484012124,0.005812535485062,2.8314458495750525,2.271500782554713,1.0,0.1304347826086956,23,3
207,EGFR,SP4,R-207,1.0,1.9987218100115849,0.2851379928202409,1.082183387315603e-11,2.631020809345506,2.0216418314498057,1.0,0.1304347826086956,23,3
996,EGFR,MEIS1,R-996,1.0,1.7082214135537452,0.1581310308208185,0.0002045729911315,3.13059288734716,2.6827017827052053,0.5,0.1666666666666666,6,2
1934,EGFR,SOX4,R-1934,1.0,1.6322547063085766,-0.2396029356623973,1.3960297446170326e-08,-2.153653884672159,1.4803361721911974,0.5,0.125,16,4
1939,EGFR,SOX4,R-1939,1.0,1.6322547063085766,-0.2590809756037474,7.70633094850062e-10,-2.4306424692686317,1.7945017936901315,0.5,0.125,16,4
3368,EGFR,PAX6,R-3368,1.0,1.59968291410358,-0.3256370126090832,5.605370219150797e-15,-2.232630313545697,1.560667028509533,0.1666666666666666,0.0476190476190476,21,6
3655,EGFR,CREB5,R-3655,1.0,2.1355467159247628,-0.3789405126425902,4.0300729699339934e-20,-2.278271295055571,1.6187863587415956,1.0,0.25,4,1
3720,EGFR,FOXD3,R-3720,-1.0,1.3567808109700334,-0.2773277577118033,4.0776191890709756e-11,2.305665475491314,1.649508158632628,1.0,0.2142857142857142,14,3
3714,EGFR,FOXD3,R-3714,-1.0,1.3567808109700334,-0.3291622241034429,2.742210936107869e-15,2.8861533736446576,2.3437933613085185,1.0,0.2142857142857142,14,3
3716,EGFR,FOXD3,R-3716,-1.0,1.3567808109700334,0.3332956958839342,1.171801279281055e-15,-2.431958237031366,1.7910107502521766,1.0,0.2142857142857142,14,3
4368,EGFR,IRF7,R-4368,1.0,1.7796276589673428,-0.2790853777189329,3.036222159659332e-11,-2.4925060522554907,1.8664538411046203,1.0,0.0769230769230769,13,1
3354,EGFR,NR2E1,R-3354,1.0,2.382532924805663,0.5434958894772876,2.3061832052389483e-43,2.131674436235695,1.4602012419047783,1.0,0.4,10,4
3353,EGFR,NR2E1,R-3353,1.0,2.382532924805663,0.3131906258115574,6.499847297274779e-14,2.9270103637070184,2.3973299003773363,1.0,0.4,10,4
3357,EGFR,NR2E1,R-3357,1.0,2.382532924805663,0.5208066663450375,2.3394275653906084e-39,2.4465061131676644,1.811600606745064,1.0,0.4,10,4
3351,EGFR,NR2E1,R-3351,1.0,2.382532924805663,0.2742329328953116,6.818852575638846e-11,2.348904714148856,1.6930065927817848,1.0,0.4,10,4
867,EGFR,GABPA,R-867,1.0,1.4674556326006456,0.353123984063815,1.6536351142929928e-17,2.424643948505028,1.777080899790699,1.0,0.1333333333333333,15,2
863,EGFR,GABPA,R-863,1.0,1.4674556326006456,0.5036348977754653,1.60791131475144e-36,2.037019769788161,1.3607483983119193,1.0,0.1333333333333333,15,2
1421,EGFR,IRF2,R-1421,1.0,1.7215277542877725,0.2900799610056472,4.574854488886555e-12,3.5110815516462166,3.2090677184406173,1.0,0.1363636363636363,22,3
1424,EGFR,IRF2,R-1424,1.0,1.7215277542877725,0.3271902172741521,4.095383450970677e-15,2.302809836103408,1.649168178712618,1.0,0.1363636363636363,22,3
1408,EGFR,IRF2,R-1408,1.0,1.7215277542877725,0.3619513834622122,2.2462926110412593e-18,3.7518463617043776,3.630913228281009,1.0,0.1363636363636363,22,3
3050,EGFR,HOXD9,R-3050,1.0,2.8308764026431072,0.2220526907672452,1.544774893439417e-07,2.3051878169431523,1.6464342527735083,1.0,0.1428571428571428,7,1
4410,EGFR,LMO2,R-4410,1.0,1.549995599544343,0.4256103388998143,1.7784538881030526e-25,2.4542265227123283,1.8259207430270412,1.0,0.3333333333333333,6,2
4411,EGFR,LMO2,R-4411,1.0,1.549995599544343,0.3701551987557938,3.3204455211714335e-19,3.358273459208694,2.987760529547693,1.0,0.3333333333333333,6,2
3656,EGFR,STAT5B,R-3656,1.0,1.3716469388777666,0.5931020233452877,2.85198502893739e-53,3.200672830105625,2.764098323744608,1.0,0.2,5,1
4355,EGFR,LEF1,R-4355,1.0,1.6184959915635924,0.2434748760493699,8.002796335392513e-09,2.4319520837232163,1.7896766509159,1.0,0.3333333333333333,9,3
4358,EGFR,LEF1,R-4358,1.0,1.6184959915635924,-0.1215137762596361,0.0044269454001329,-2.377216574873579,1.725844637949667,1.0,0.3333333333333333,9,3
4359,EGFR,LEF1,R-4359,1.0,1.6184959915635924,-0.0136821171329237,0.7495136663101339,-2.0666619291882657,1.388877846509344,1.0,0.3333333333333333,9,3
4213,EGFR,HMGA2,R-4213,-1.0,2.467879666026418,-0.225564704714413,9.696702231358753e-08,2.133544000600731,1.461346836690493,1.0,0.2,5,1
1955,EGFR,SOX2,R-1955,1.0,1.9987707901290588,-0.5219630647578711,1.48653321362434e-39,-2.155189848125609,1.481736676841771,1.0,0.25,16,4
1950,EGFR,SOX2,R-1950,1.0,1.9987707901290588,0.6319630075685,2.515653907390827e-62,2.233412834072403,1.5653874233381015,1.0,0.25,16,4
1949,EGFR,SOX2,R-1949,1.0,1.9987707901290588,0.1809765715675855,2.0606641218292106e-05,2.049292436791011,1.3770211953420195,1.0,0.25,16,4
1945,EGFR,SOX2,R-1945,1.0,1.9987707901290588,0.7510201337380775,2.5637019932212097e-100,3.92326446823152,3.844862862402042,1.0,0.25,16,4
2620,EGFR,CEBPD,R-2620,1.0,2.077670225638569,0.3839618860702675,1.1726533592724452e-20,2.5292421222017727,1.9118189685103253,1.0,0.5,6,3
2617,EGFR,CEBPD,R-2617,1.0,2.077670225638569,0.3371036281670263,5.293105665529535e-16,3.7750781718938535,3.664574081485419,1.0,0.5,6,3
2616,EGFR,CEBPD,R-2616,1.0,2.077670225638569,0.6711454253855406,7.256105313262257e-73,2.8474538591559986,2.2953728933032527,1.0,0.5,6,3
1110,EGFR,PITX1,R-1110,-1.0,1.9305146911086328,-0.2093861982104418,7.780259057763509e-07,2.0768851443373846,1.4025525779576344,0.5,0.1428571428571428,7,2
4258,EGFR,POU3F2,R-4258,1.0,3.0428727401849294,0.2567039507150797,1.1119557102988511e-09,2.423302315230231,1.78596082909698,1.0,0.2083333333333333,24,5
4262,EGFR,POU3F2,R-4262,1.0,3.0428727401849294,0.3753889060538468,9.526716863290391e-20,3.757109692713073,3.64678142976399,1.0,0.2083333333333333,24,5
4243,EGFR,POU3F2,R-4243,1.0,3.0428727401849294,-0.4521152662040584,6.506693223556455e-29,-2.0438319509186536,1.3711957087870152,1.0,0.2083333333333333,24,5
4251,EGFR,POU3F2,R-4251,1.0,3.0428727401849294,0.4490962539642131,1.6605296696025675e-28,2.932696927797338,2.4228807504246315,1.0,0.2083333333333333,24,5
4244,EGFR,POU3F2,R-4244,1.0,3.0428727401849294,0.3135677823824182,6.044728243378789e-14,2.24092245593665,1.5804526741763485,1.0,0.2083333333333333,24,5
1092,EGFR,POU3F4,R-1092,1.0,3.771266256529623,0.3716204197729171,2.3462966513427844e-19,2.64169265888301,2.035598656013776,1.0,0.4,15,6
1085,EGFR,POU3F4,R-1085,1.0,3.771266256529623,-0.3137262995881338,5.862906713619553e-14,-2.11078349266612,1.4399494332156777,1.0,0.4,15,6
1088,EGFR,POU3F4,R-1088,1.0,3.771266256529623,-0.2808713724525251,2.2452198731770544e-11,-4.247098916978285,4.434546179072247,1.0,0.4,15,6
1081,EGFR,POU3F4,R-1081,1.0,3.771266256529623,0.3109641996002902,9.956253296291777e-14,2.3751822440070884,1.7255275925994462,1.0,0.4,15,6
1090,EGFR,POU3F4,R-1090,1.0,3.771266256529623,-0.2747549692064563,6.2551977852672e-11,-3.078797585724712,2.6081150700408067,1.0,0.4,15,6
1086,EGFR,POU3F4,R-1086,1.0,3.771266256529623,0.1452887909272434,0.0006535777482491,2.082130331578925,1.408894611738532,1.0,0.4,15,6
340,EGFR,RFX3,R-340,1.0,1.9570804179714956,0.3097624162890579,1.251445916591775e-13,2.7743359279773347,2.1996617634982543,1.0,0.125,8,1
2165,EGFR,ETV5,R-2165,1.0,1.3279056338341215,0.3493256566622904,3.830022076232846e-17,2.6099291196432333,2.0009316700907926,1.0,0.25,4,1
4005,HMCN1,DLX6,R-4005,-1.0,1.4717323755933684,-0.1799555213331751,2.2978675534088387e-05,2.441619870095497,1.5728875035426189,1.0,0.25,4,1
3974,HMCN1,GBX2,R-3974,-1.0,1.4717323755933684,-0.2132785947955618,4.783517758636265e-07,2.1692347077554075,1.3400389470175111,1.0,0.2,5,1
734,IDH1,MAZ,R-734,1.0,2.758711407346291,0.3175821829593563,2.773474674248545e-14,2.184746054853509,1.3660366242365825,0.6363636363636364,0.35,20,11
731,IDH1,MAZ,R-731,1.0,2.758711407346291,-0.1703019554805673,6.249256824083625e-05,-3.6255245220603305,2.6106512710727823,0.6363636363636364,0.35,20,11
732,IDH1,MAZ,R-732,1.0,2.758711407346291,0.4130707627551726,5.9295493274571564e-24,7.3437620776556605,5.92827569185496,0.6363636363636364,0.35,20,11
729,IDH1,MAZ,R-729,1.0,2.758711407346291,0.2581734975948936,8.868091337908175e-10,2.578161628823884,1.6733858153728531,0.6363636363636364,0.35,20,11
736,IDH1,MAZ,R-736,1.0,2.758711407346291,-0.2741075561969889,6.96143229040663e-11,-9.750682741998046,8.141475923122043,0.6363636363636364,0.35,20,11
730,IDH1,MAZ,R-730,1.0,2.758711407346291,-0.3037919192591659,3.838230004662486e-13,-5.31362849991019,4.189594714926696,0.6363636363636364,0.35,20,11
723,IDH1,MAZ,R-723,1.0,2.758711407346291,0.18761889706925,9.994868713883512e-06,4.168801000096836,3.043321608826514,0.6363636363636364,0.35,20,11
4097,IDH1,NKX2-5,R-4097,-1.0,3.083420919061653,-0.3034031048549523,4.125183422608341e-13,5.361257044693251,4.240063330823049,1.0,1.0,3,3
4098,IDH1,NKX2-5,R-4098,-1.0,3.083420919061653,-0.2149106181452489,3.8903345686381947e-07,4.7005357625824775,3.505648932114505,1.0,1.0,3,3
4099,IDH1,NKX2-5,R-4099,-1.0,3.083420919061653,-0.2865508635668364,8.475126809836496e-12,3.575633511249224,2.587209747432872,1.0,1.0,3,3
1597,IDH1,ZNF217,R-1597,-1.0,2.91608943263912,0.2372613241920277,1.9455092883805117e-08,-6.529140305643575,5.478972233766664,1.0,0.5,2,1
2245,IDH1,FEV,R-2245,1.0,1.3660366242365825,-0.2860300736907043,9.275657094618668e-12,-4.477012307473834,3.560313364662005,1.0,0.6153846153846154,13,8
2247,IDH1,FEV,R-2247,1.0,1.3660366242365825,-0.4991500046411373,8.338330592744757e-36,-4.866831414262609,3.8749478086801767,1.0,0.6153846153846154,13,8
2239,IDH1,FEV,R-2239,1.0,1.3660366242365825,-0.3484774942960933,4.612943998623497e-17,-5.342115011277847,4.278139704222348,1.0,0.6153846153846154,13,8
2250,IDH1,FEV,R-2250,1.0,1.3660366242365825,-0.1764432141071807,3.327357135807927e-05,-5.624054624988447,4.34222219088315,1.0,0.6153846153846154,13,8
2243,IDH1,FEV,R-2243,1.0,1.3660366242365825,-0.4437063756910565,8.642151730558027e-28,-8.263750210873615,6.778283890890828,1.0,0.6153846153846154,13,8
2240,IDH1,FEV,R-2240,1.0,1.3660366242365825,-0.3126987972195407,7.144099537750593e-14,-4.4135082121534,3.3661041324980365,1.0,0.6153846153846154,13,8
2242,IDH1,FEV,R-2242,1.0,1.3660366242365825,-0.0997168539569692,0.0196658781503999,-5.432782653851856,4.240556764633206,1.0,0.6153846153846154,13,8
2248,IDH1,FEV,R-2248,1.0,1.3660366242365825,-0.339545540996054,3.161181419712702e-16,-3.205888015693682,2.2201041964701678,1.0,0.6153846153846154,13,8
1352,IDH1,XBP1,R-1352,-1.0,4.963815840136778,-0.1684040015549643,7.560220886806831e-05,3.0875528264864727,2.1500398992085734,0.8,0.3636363636363636,11,5
1353,IDH1,XBP1,R-1353,-1.0,4.963815840136778,0.3253897785583556,5.891548995439187e-15,-9.400248267573842,7.261514723707556,0.8,0.3636363636363636,11,5
1348,IDH1,XBP1,R-1348,-1.0,4.963815840136778,0.2470927636528992,4.717272701674023e-09,-6.4850627227968,5.268547610513546,0.8,0.3636363636363636,11,5
1350,IDH1,XBP1,R-1350,-1.0,4.963815840136778,0.1781374125680828,2.785693607441138e-05,-4.665061013875036,3.500156084912148,0.8,0.3636363636363636,11,5
1640,IDH1,TCF7L2,R-1640,1.0,3.4705778376277685,-0.2794690597436831,2.8461285792727654e-11,-4.405013200986291,3.4942147005120843,1.0,0.5,2,1
2104,IDH1,STAT5A,R-2104,-1.0,2.5361154534690398,0.3401240334812972,2.7959228021756474e-16,-2.48596754540381,1.5991201771298904,1.0,0.6521739130434783,23,15
2108,IDH1,STAT5A,R-2108,-1.0,2.5361154534690398,0.3599466027240616,3.5542403114694145e-18,-2.625884941302747,1.7136938654525458,1.0,0.6521739130434783,23,15
2120,IDH1,STAT5A,R-2120,-1.0,2.5361154534690398,0.3151774432215857,4.4291510972712095e-14,-2.9219075412706013,2.016022323617458,1.0,0.6521739130434783,23,15
2124,IDH1,STAT5A,R-2124,-1.0,2.5361154534690398,0.3354716781370459,7.450997730040406e-16,-4.4782040024856204,3.425166126370796,1.0,0.6521739130434783,23,15
2102,IDH1,STAT5A,R-2102,-1.0,2.5361154534690398,0.3659182728692596,8.973834217981099e-19,-2.896186090875535,1.9738907948368027,1.0,0.6521739130434783,23,15
2105,IDH1,STAT5A,R-2105,-1.0,2.5361154534690398,0.31043468467907,1.1013141748833889e-13,-5.538610143496105,4.227095069709415,1.0,0.6521739130434783,23,15
2103,IDH1,STAT5A,R-2103,-1.0,2.5361154534690398,0.3138250612329529,5.752348267251444e-14,-3.409478600722576,2.447433276824393,1.0,0.6521739130434783,23,15
2112,IDH1,STAT5A,R-2112,-1.0,2.5361154534690398,0.4073144325883219,2.824428170952484e-23,-2.434046448940693,1.5446041499471637,1.0,0.6521739130434783,23,15
2109,IDH1,STAT5A,R-2109,-1.0,2.5361154534690398,0.3975097548203673,3.763904662018741e-22,-4.913194994549573,3.8885593522606423,1.0,0.6521739130434783,23,15
2110,IDH1,STAT5A,R-2110,-1.0,2.5361154534690398,0.4984881476494654,1.0608981732809372e-35,-4.182505624415287,3.235977866060599,1.0,0.6521739130434783,23,15
2107,IDH1,STAT5A,R-2107,-1.0,2.5361154534690398,-0.4778084710362962,1.5178122027621022e-32,6.187793621302353,5.488905358769362,1.0,0.6521739130434783,23,15
2114,IDH1,STAT5A,R-2114,-1.0,2.5361154534690398,0.3752210039256836,9.919572303271629e-20,-5.346811539728124,4.166009990084595,1.0,0.6521739130434783,23,15
2116,IDH1,STAT5A,R-2116,-1.0,2.5361154534690398,0.6696741188327677,1.9306767550013e-72,-3.2959339899315165,2.324649021743771,1.0,0.6521739130434783,23,15
2111,IDH1,STAT5A,R-2111,-1.0,2.5361154534690398,0.3152162293463885,4.39598381539556e-14,-5.038278181685616,3.917169478957175,1.0,0.6521739130434783,23,15
2113,IDH1,STAT5A,R-2113,-1.0,2.5361154534690398,0.1781897628386105,2.770368330014283e-05,-11.97173312806168,9.247061426628646,1.0,0.6521739130434783,23,15
1553,IDH1,RUNX1,R-1553,-1.0,1.4637176562893413,0.376916302182185,6.589070900671101e-20,-2.546338749282791,1.665752356255116,1.0,0.8,15,12
1552,IDH1,RUNX1,R-1552,-1.0,1.4637176562893413,0.5268988007682144,2.104001030187581e-40,-6.316034613159359,5.050682054297486,1.0,0.8,15,12
1559,IDH1,RUNX1,R-1559,-1.0,1.4637176562893413,0.2530425112058173,1.941961756182177e-09,-2.1654512631039475,1.3418067710532566,1.0,0.8,15,12
1554,IDH1,RUNX1,R-1554,-1.0,1.4637176562893413,0.3051067615580085,3.0053585288221333e-13,-3.103370063858072,2.241983860860317,1.0,0.8,15,12
1550,IDH1,RUNX1,R-1550,-1.0,1.4637176562893413,-0.2216335220044903,1.6322342369209826e-07,4.582338204581143,3.395006858772644,1.0,0.8,15,12
1557,IDH1,RUNX1,R-1557,-1.0,1.4637176562893413,0.4797111907428296,7.939425845355351e-33,-5.084559187031232,4.012942923430471,1.0,0.8,15,12
1558,IDH1,RUNX1,R-1558,-1.0,1.4637176562893413,0.2619677924125541,4.912391110733795e-10,-5.736881725273407,4.345470650766548,1.0,0.8,15,12
1556,IDH1,RUNX1,R-1556,-1.0,1.4637176562893413,0.4770084063976429,1.9908022174309382e-32,-8.42791192342681,8.077998429332595,1.0,0.8,15,12
1555,IDH1,RUNX1,R-1555,-1.0,1.4637176562893413,0.3430478034222412,1.4972826621393472e-16,-6.289266425826873,5.246690202205125,1.0,0.8,15,12
1551,IDH1,RUNX1,R-1551,-1.0,1.4637176562893413,0.3234825130300116,8.637556227341412e-15,-6.386230509190575,5.2540877061532285,1.0,0.8,15,12
1560,IDH1,RUNX1,R-1560,-1.0,1.4637176562893413,0.3335596468277715,1.1093904826759333e-15,-4.862214910383639,3.6475066259907294,1.0,0.8,15,12
1547,IDH1,RUNX1,R-1547,-1.0,1.4637176562893413,0.3524164488949179,1.9353562811735602e-17,-6.184864325041168,5.0764830952866085,1.0,0.8,15,12
4447,IDH1,FOXO1,R-4447,-1.0,1.497580994966553,0.245087323037389,6.329700987503794e-09,-3.0197984353071115,2.069888063907308,0.6666666666666666,0.6666666666666666,3,3
4446,IDH1,FOXO1,R-4446,-1.0,1.497580994966553,0.5156459854747795,1.7330468646949206e-38,-2.3879545629261423,1.5216207871090044,0.6666666666666666,0.6666666666666666,3,3
4345,IDH1,SOX11,R-4345,1.0,3.2666267320619755,0.2009300164866692,2.169033148841048e-06,6.318831781268216,5.0497763357158165,1.0,0.6111111111111112,18,11
4337,IDH1,SOX11,R-4337,1.0,3.2666267320619755,0.2978680535626851,1.137999236504925e-12,2.605346905887906,1.7205984619031955,1.0,0.6111111111111112,18,11
4344,IDH1,SOX11,R-4344,1.0,3.2666267320619755,-0.3952422695733921,6.767892611352793e-22,-2.611660536995413,1.7127358978472278,1.0,0.6111111111111112,18,11
4338,IDH1,SOX11,R-4338,1.0,3.2666267320619755,-0.3631279447943668,1.7133881404822121e-18,-9.094337499498083,7.777953880679973,1.0,0.6111111111111112,18,11
4340,IDH1,SOX11,R-4340,1.0,3.2666267320619755,0.4784614563434669,1.215723450811636e-32,2.2700188204550167,1.4093348572876154,1.0,0.6111111111111112,18,11
4351,IDH1,SOX11,R-4351,1.0,3.2666267320619755,0.3019589265936294,5.386884877342858e-13,2.9102301695752413,1.973841808939215,1.0,0.6111111111111112,18,11
4348,IDH1,SOX11,R-4348,1.0,3.2666267320619755,-0.3991562954719654,2.451135173729848e-22,-5.723446160915876,4.949850366410793,1.0,0.6111111111111112,18,11
4336,IDH1,SOX11,R-4336,1.0,3.2666267320619755,-0.4091687612884853,1.7139051055688192e-23,-4.632011847934367,3.5716337253225325,1.0,0.6111111111111112,18,11
4343,IDH1,SOX11,R-4343,1.0,3.2666267320619755,-0.280046452433327,2.5817678529123658e-11,-9.11482973077058,6.96234223248412,1.0,0.6111111111111112,18,11
4346,IDH1,SOX11,R-4346,1.0,3.2666267320619755,0.2313400246852788,4.4343050016805946e-08,2.976925291461118,2.020233193915496,1.0,0.6111111111111112,18,11
4350,IDH1,SOX11,R-4350,1.0,3.2666267320619755,-0.3989241652808019,2.60430061849935e-22,-8.646400196977897,6.749742823371084,1.0,0.6111111111111112,18,11
3307,IDH1,HBP1,R-3307,1.0,2.247875034341186,-0.3170229735569544,3.093596284947339e-14,-3.6874920467789263,2.682614699181858,1.0,0.375,8,3
3306,IDH1,HBP1,R-3306,1.0,2.247875034341186,-0.1863531056541371,1.1495236120562782e-05,-8.46693287482439,7.246152373747685,1.0,0.375,8,3
3309,IDH1,HBP1,R-3309,1.0,2.247875034341186,-0.1769210386352328,3.165252761255987e-05,-2.1692037558035446,1.3296108618739797,1.0,0.375,8,3
2495,IDH1,HOXB9,R-2495,-1.0,5.840878239669054,0.330105848727661,2.2609913400626504e-15,-3.342549175099488,2.417098061099971,0.7142857142857143,0.3571428571428571,14,7
2501,IDH1,HOXB9,R-2501,-1.0,5.840878239669054,0.491022441842442,1.5480815726945423e-34,-2.5981783739686954,1.721902471254825,0.7142857142857143,0.3571428571428571,14,7
2496,IDH1,HOXB9,R-2496,-1.0,5.840878239669054,0.3356771932747058,7.137753765775771e-16,-4.474482993477609,3.3951045832997124,0.7142857142857143,0.3571428571428571,14,7
2492,IDH1,HOXB9,R-2492,-1.0,5.840878239669054,0.5199318156056303,3.2930228097882466e-39,-3.269903218253753,2.361883105219259,0.7142857142857143,0.3571428571428571,14,7
2490,IDH1,HOXB9,R-2490,-1.0,5.840878239669054,-0.454961977133343,2.6665709429245484e-29,3.702832896256156,2.6713926980332947,0.7142857142857143,0.3571428571428571,14,7
457,IDH1,KLF13,R-457,1.0,3.1142633866242733,-0.2676341592993803,1.9975859965418958e-10,-2.163161184230778,1.3248468355721832,0.25,0.125,8,4
2236,IDH1,ELF4,R-2236,-1.0,2.361094376326688,-0.327742827902958,3.6610727626271976e-15,4.367331055435288,3.2701271203801427,0.75,0.6428571428571429,14,12
2237,IDH1,ELF4,R-2237,-1.0,2.361094376326688,0.3043146887673769,3.483029860802573e-13,-2.4385570608111204,1.5617274657202576,0.75,0.6428571428571429,14,12
2231,IDH1,ELF4,R-2231,-1.0,2.361094376326688,-0.4125605309167939,6.81778487321427e-24,3.848138521625685,2.836978950930755,0.75,0.6428571428571429,14,12
2225,IDH1,ELF4,R-2225,-1.0,2.361094376326688,0.3412808718123707,2.1855188711667087e-16,-4.113068460727042,3.0816133582944785,0.75,0.6428571428571429,14,12
2230,IDH1,ELF4,R-2230,-1.0,2.361094376326688,-0.297807638124429,1.1505363018784948e-12,2.9107585010010992,1.9479051513330208,0.75,0.6428571428571429,14,12
2233,IDH1,ELF4,R-2233,-1.0,2.361094376326688,-0.2732294060707836,8.044845668366609e-11,3.382263046920815,2.376579279450402,0.75,0.6428571428571429,14,12
2228,IDH1,ELF4,R-2228,-1.0,2.361094376326688,0.4356416478809357,9.65741964518279e-27,-3.665394850097876,2.717112874883968,0.75,0.6428571428571429,14,12
2232,IDH1,ELF4,R-2232,-1.0,2.361094376326688,-0.3246693391210931,6.809770261343809e-15,3.319956450428207,2.319918134303082,0.75,0.6428571428571429,14,12
2226,IDH1,ELF4,R-2226,-1.0,2.361094376326688,0.3197124870352428,1.8255380807118745e-14,-3.467982379381684,2.497294701193199,0.75,0.6428571428571429,14,12
958,IDH1,SMAD3,R-958,1.0,1.7261956654192758,0.136954979793822,0.0013230985286091,3.518480496432017,2.55403597788222,0.25,0.125,8,4
3850,IDH1,FOSL1,R-3850,-1.0,4.071888434463415,0.4594185688609152,6.487619310840283e-30,-4.260134877805372,3.266734781510102,1.0,0.6923076923076923,13,9
3847,IDH1,FOSL1,R-3847,-1.0,4.071888434463415,0.3626571589581503,1.909741484170729e-18,-6.096344414839932,5.548695800479149,1.0,0.6923076923076923,13,9
3856,IDH1,FOSL1,R-3856,-1.0,4.071888434463415,-0.163097341148823,0.0001273725811456,4.087542107693881,3.029315528436705,1.0,0.6923076923076923,13,9
3848,IDH1,FOSL1,R-3848,-1.0,4.071888434463415,0.4968303890827542,1.934866389532929e-35,-2.3814374414674986,1.5126222543936292,1.0,0.6923076923076923,13,9
3851,IDH1,FOSL1,R-3851,-1.0,4.071888434463415,0.1812514471477094,2.000894262571952e-05,-4.554610833092231,3.503390734366369,1.0,0.6923076923076923,13,9
3853,IDH1,FOSL1,R-3853,-1.0,4.071888434463415,0.5340103723922561,1.1878556965303898e-41,-8.028328755928392,6.201566105514718,1.0,0.6923076923076923,13,9
3845,IDH1,FOSL1,R-3845,-1.0,4.071888434463415,-0.3268792683983705,4.361603839501288e-15,3.36252192957963,2.329115658303706,1.0,0.6923076923076923,13,9
3846,IDH1,FOSL1,R-3846,-1.0,4.071888434463415,0.3344835484509085,9.15595414614536e-16,-4.675942607683868,3.6090755762159543,1.0,0.6923076923076923,13,9
3854,IDH1,FOSL1,R-3854,-1.0,4.071888434463415,0.6048356692747463,7.117092287441557e-56,-7.529511845726337,6.77233932637355,1.0,0.6923076923076923,13,9
2423,IDH1,HOXC11,R-2423,1.0,3.512284788415665,-0.2873204272075353,7.414374966257893e-12,-4.099004933175928,3.128241717422224,0.6,0.5,6,5
2427,IDH1,HOXC11,R-2427,1.0,3.512284788415665,-0.3280759193301393,3.4214822668818207e-15,-2.902050544231204,2.033840150971682,0.6,0.5,6,5
2424,IDH1,HOXC11,R-2424,1.0,3.512284788415665,0.1781513433123409,2.7816076220583416e-05,4.49086262834481,3.3922560265105486,0.6,0.5,6,5
1058,IDH1,ZNF652,R-1058,1.0,1.4950761261977077,0.2654297290000995,2.8420659260519976e-10,6.00500450600575,5.297155592574982,1.0,1.0,8,8
1057,IDH1,ZNF652,R-1057,1.0,1.4950761261977077,-0.5272324787530488,1.841347651273773e-40,-4.595601148706664,3.5320052945415683,1.0,1.0,8,8
1059,IDH1,ZNF652,R-1059,1.0,1.4950761261977077,-0.2992927287820467,8.782330389481637e-13,-5.656090588339397,4.365180892136381,1.0,1.0,8,8
1063,IDH1,ZNF652,R-1063,1.0,1.4950761261977077,0.2813222153285404,2.0798029952980077e-11,2.304848954417153,1.4495226720008798,1.0,1.0,8,8
1060,IDH1,ZNF652,R-1060,1.0,1.4950761261977077,0.3277485468400745,3.656823425136596e-15,9.966717578462228,7.104665655722652,1.0,1.0,8,8
1061,IDH1,ZNF652,R-1061,1.0,1.4950761261977077,-0.3362816409360932,6.289555033288702e-16,-4.7418376030497145,3.5137848088912835,1.0,1.0,8,8
1056,IDH1,ZNF652,R-1056,1.0,1.4950761261977077,0.6149778376522794,3.263156876447312e-58,2.1783657471408437,1.336543328574799,1.0,1.0,8,8
1062,IDH1,ZNF652,R-1062,1.0,1.4950761261977077,0.4085082240515325,2.048429186018698e-23,3.3011109523524094,2.373198538593073,1.0,1.0,8,8
3805,IDH1,PLAGL1,R-3805,-1.0,5.231231948611873,-0.3767673898580368,6.830810206262435e-20,2.3255773469236134,1.4634037042632486,1.0,0.75,4,3
3804,IDH1,PLAGL1,R-3804,-1.0,5.231231948611873,-0.5349145510143121,8.201998353641174e-42,3.0395439397534605,2.0878429098355284,1.0,0.75,4,3
3806,IDH1,PLAGL1,R-3806,-1.0,5.231231948611873,0.1235828583804937,0.0037933713692396,-4.771424183695662,3.564495011359419,1.0,0.75,4,3
226,IDH1,NR5A2,R-226,1.0,4.485291829026671,-0.0941398637925146,0.0276935342943113,-5.4743856834682845,4.574537111220065,0.5,0.25,8,4
225,IDH1,NR5A2,R-225,1.0,4.485291829026671,-0.2066818008317093,1.0849896624828998e-06,-2.585446900229817,1.700175631375909,0.5,0.25,8,4
245,IDH1,ASCL2,R-245,-1.0,5.233733446250769,-0.1845915997025566,1.3943487824641276e-05,3.276557671620832,2.275329779109433,0.3636363636363636,0.2222222222222222,18,11
235,IDH1,ASCL2,R-235,-1.0,5.233733446250769,-0.2533629916434597,1.850105490437153e-09,3.071093528086148,2.08918508295705,0.3636363636363636,0.2222222222222222,18,11
232,IDH1,ASCL2,R-232,-1.0,5.233733446250769,-0.1551274890390704,0.0002706372520174,4.237292274656797,3.1360262814327173,0.3636363636363636,0.2222222222222222,18,11
242,IDH1,ASCL2,R-242,-1.0,5.233733446250769,-0.4035681621784985,7.675207144522173e-23,2.2472702596448264,1.389619264414515,0.3636363636363636,0.2222222222222222,18,11
3628,IDH1,HOXD10,R-3628,-1.0,3.2266690055653178,-0.2220080390659127,1.5538718985483474e-07,3.2031519329629328,2.2184912769807714,0.5,0.2,5,2
846,IDH1,EGR2,R-846,-1.0,2.2932275097156025,0.2962473947675244,1.5254558086300998e-12,-4.0327551074945305,3.0065922854717653,1.0,0.5,2,1
1884,IDH1,HOXB2,R-1884,-1.0,5.83078469609134,-0.2765211676192606,4.6652654089107976e-11,2.8504911225235907,1.9143309368675512,1.0,0.5,2,1
4329,IDH1,PAX3,R-4329,-1.0,5.834417492770131,-0.240873786137267,1.164221260948566e-08,3.226737480479,2.315902835648086,0.3333333333333333,0.2,5,3
13,IDH1,ETS1,R-13,1.0,1.9281391209918128,-0.0691832287329958,0.1060305331956716,-3.006205331160825,2.0604411662438467,0.1111111111111111,0.0526315789473684,19,9
2767,IDH1,FOS,R-2767,-1.0,1.3355595304053922,0.3965366556740874,4.844338377672597e-22,-6.996287547300277,6.211326686915661,1.0,1.0,6,6
2770,IDH1,FOS,R-2770,-1.0,1.3355595304053922,0.2970352883348786,1.3232220179107405e-12,-4.292658530770288,3.3076151357517687,1.0,1.0,6,6
2771,IDH1,FOS,R-2771,-1.0,1.3355595304053922,0.3557895219980381,9.109598282502805e-18,-2.4658006546039664,1.5916840429347332,1.0,1.0,6,6
2768,IDH1,FOS,R-2768,-1.0,1.3355595304053922,0.359923873615009,3.5727123337558784e-18,-4.5136215304444,3.3526363207839283,1.0,1.0,6,6
2769,IDH1,FOS,R-2769,-1.0,1.3355595304053922,0.2423600499101906,9.40251826189982e-09,-11.746002859250831,9.190988619451634,1.0,1.0,6,6
2766,IDH1,FOS,R-2766,-1.0,1.3355595304053922,-0.1222663297283988,0.004186205473483,3.028581977844817,2.0835509336820004,1.0,1.0,6,6
4499,IDH1,HOXB3,R-4499,-1.0,6.939079770388247,-0.3257804259552347,5.445666990342258e-15,6.360768131938278,4.8908952273317565,1.0,0.5,4,2
4496,IDH1,HOXB3,R-4496,-1.0,6.939079770388247,-0.23708462369907,1.9945690607278957e-08,2.623829349191492,1.715258715785413,1.0,0.5,4,2
2555,IDH1,EMX2,R-2555,-1.0,2.4939181062076665,0.2037640431067084,1.54564737607891e-06,-4.2178656323221855,3.1582976823111166,1.0,0.8333333333333334,6,5
2558,IDH1,EMX2,R-2558,-1.0,2.4939181062076665,0.1779467080111604,2.842203908107841e-05,-6.046873495921092,4.6985226640452,1.0,0.8333333333333334,6,5
2553,IDH1,EMX2,R-2553,-1.0,2.4939181062076665,0.265281256594191,2.9100288833630366e-10,-3.893909200686591,2.8394059559778237,1.0,0.8333333333333334,6,5
2557,IDH1,EMX2,R-2557,-1.0,2.4939181062076665,-0.2653976149685993,2.85663377903591e-10,2.4602703947866007,1.5674903040633816,1.0,0.8333333333333334,6,5
2556,IDH1,EMX2,R-2556,-1.0,2.4939181062076665,-0.2613994913665312,5.370047042863003e-10,5.140825531536013,4.191229473783128,1.0,0.8333333333333334,6,5
4318,IDH1,HOXD11,R-4318,-1.0,3.837492335375321,0.3561676317250851,8.366990023481003e-18,-2.5981783739686954,1.721902471254825,0.5,0.5,2,2
3324,IDH1,ZEB1,R-3324,1.0,2.422382490804423,-0.2315749410252939,4.293513382064256e-08,-2.491944318312393,1.611576336754303,0.8571428571428571,0.4285714285714285,14,7
3318,IDH1,ZEB1,R-3318,1.0,2.422382490804423,-0.4385006765209329,4.1348525540399226e-27,-2.750698097456693,1.8507192436620892,0.8571428571428571,0.4285714285714285,14,7
3315,IDH1,ZEB1,R-3315,1.0,2.422382490804423,-0.1305149433627262,0.0022237595992356,-4.397442744897227,3.428040321348637,0.8571428571428571,0.4285714285714285,14,7
3321,IDH1,ZEB1,R-3321,1.0,2.422382490804423,-0.1573832431329862,0.0002194381486593,-3.2692934202231263,2.297461089014183,0.8571428571428571,0.4285714285714285,14,7
3319,IDH1,ZEB1,R-3319,1.0,2.422382490804423,-0.3420868753472604,1.8397548338591943e-16,-4.705358575672777,3.882971412229446,0.8571428571428571,0.4285714285714285,14,7
3314,IDH1,ZEB1,R-3314,1.0,2.422382490804423,-0.3280725466236348,3.423829291577428e-15,-4.58619070764134,3.46213757006128,0.8571428571428571,0.4285714285714285,14,7
182,IDH1,TFAP2B,R-182,1.0,3.1018559613854477,-0.5169820171688357,1.0353426394003283e-38,-2.3343673727118976,1.4619367574240156,0.8181818181818182,0.4090909090909091,22,11
181,IDH1,TFAP2B,R-181,1.0,3.1018559613854477,-0.3206654232622019,1.512420289516504e-14,-4.590294592694582,3.5196906340887133,0.8181818181818182,0.4090909090909091,22,11
187,IDH1,TFAP2B,R-187,1.0,3.1018559613854477,-0.3483744801082902,4.7181560958019954e-17,-2.436276349775223,1.5662414551367971,0.8181818181818182,0.4090909090909091,22,11
190,IDH1,TFAP2B,R-190,1.0,3.1018559613854477,-0.2583866379820422,8.580807723078021e-10,-5.480767609234022,4.318754421198326,0.8181818181818182,0.4090909090909091,22,11
191,IDH1,TFAP2B,R-191,1.0,3.1018559613854477,-0.2300721069986738,5.2747049589472186e-08,-7.717116311512578,5.812133885939154,0.8181818181818182,0.4090909090909091,22,11
195,IDH1,TFAP2B,R-195,1.0,3.1018559613854477,-0.4679536425890127,4.082227487624981e-31,-5.659656583002697,4.609719790699553,0.8181818181818182,0.4090909090909091,22,11
183,IDH1,TFAP2B,R-183,1.0,3.1018559613854477,-0.2603557120230681,6.321052786094598e-10,-4.217683583611501,3.223715197451052,0.8181818181818182,0.4090909090909091,22,11
193,IDH1,TFAP2B,R-193,1.0,3.1018559613854477,-0.302288865273426,5.068939129043664e-13,-2.170124407960757,1.3381164053488268,0.8181818181818182,0.4090909090909091,22,11
196,IDH1,TFAP2B,R-196,1.0,3.1018559613854477,0.3035524570973402,4.012555570665847e-13,4.2357311526054335,3.161300429864887,0.8181818181818182,0.4090909090909091,22,11
2609,IDH1,RARG,R-2609,-1.0,1.9412376824108184,-0.2982779840424057,1.0563944334194753e-12,5.317353939434705,4.3757353325021215,0.2857142857142857,0.2,10,7
2610,IDH1,RARG,R-2610,-1.0,1.9412376824108184,-0.328343462939601,3.2402492502308908e-15,3.0354167969809813,2.0879819526342094,0.2857142857142857,0.2,10,7
3261,IDH1,REST,R-3261,-1.0,2.6407165003484656,-0.272306604243246,9.360270977108169e-11,3.3144074595945274,2.34412463175445,0.4,0.1428571428571428,14,5
3259,IDH1,REST,R-3259,-1.0,2.6407165003484656,-0.2030501291233353,1.6841334552732251e-06,2.54988352539802,1.6788398066451349,0.4,0.1428571428571428,14,5
672,IDH1,EGR1,R-672,-1.0,1.3411204159212693,0.4590160436715634,7.377394241857135e-30,-5.608660687050631,4.54435500609724,0.8333333333333334,0.4,25,12
663,IDH1,EGR1,R-663,-1.0,1.3411204159212693,0.3256919290693426,5.543680018502009e-15,-4.114322075217127,3.0743305040054136,0.8333333333333334,0.4,25,12
651,IDH1,EGR1,R-651,-1.0,1.3411204159212693,0.4185587427957888,1.301259010745706e-24,-4.865553764294397,3.850489037303884,0.8333333333333334,0.4,25,12
670,IDH1,EGR1,R-670,-1.0,1.3411204159212693,-0.1252704580677998,0.0033387534055837,2.27349010664297,1.422440172637058,0.8333333333333334,0.4,25,12
662,IDH1,EGR1,R-662,-1.0,1.3411204159212693,0.4988938989059086,9.153330566892249e-36,-5.4726960051458,4.323478085189733,0.8333333333333334,0.4,25,12
667,IDH1,EGR1,R-667,-1.0,1.3411204159212693,-0.4088308307606669,1.877688897944937e-23,3.5996973787599846,2.5915506335447245,0.8333333333333334,0.4,25,12
661,IDH1,EGR1,R-661,-1.0,1.3411204159212693,0.5903067095303446,1.1470245567189798e-52,-4.205740246333184,3.1044700891630352,0.8333333333333334,0.4,25,12
657,IDH1,EGR1,R-657,-1.0,1.3411204159212693,0.4353691918511304,1.046612633141e-26,-3.388087178029171,2.36834680466369,0.8333333333333334,0.4,25,12
666,IDH1,EGR1,R-666,-1.0,1.3411204159212693,0.5087386825533851,2.397727753189595e-37,-4.658637589456587,3.494259709846454,0.8333333333333334,0.4,25,12
652,IDH1,EGR1,R-652,-1.0,1.3411204159212693,0.5047332269806548,1.070495803990075e-36,-3.955225914550967,2.924378956410904,0.8333333333333334,0.4,25,12
1455,IDH1,IRF1,R-1455,-1.0,5.642727922491715,0.2011267332595345,2.1189415950034783e-06,-10.723847265126516,8.189084370159788,1.0,0.3,20,6
1454,IDH1,IRF1,R-1454,-1.0,5.642727922491715,0.4573440610817676,1.2559181557446132e-29,-7.849549802340753,6.366475046816947,1.0,0.3,20,6
1450,IDH1,IRF1,R-1450,-1.0,5.642727922491715,0.4488469669617001,1.793340354331441e-28,-5.629402452561648,4.530219819481142,1.0,0.3,20,6
1446,IDH1,IRF1,R-1446,-1.0,5.642727922491715,0.312643147562215,7.220824651738957e-14,-5.976404668320592,5.124426977662663,1.0,0.3,20,6
1449,IDH1,IRF1,R-1449,-1.0,5.642727922491715,0.3303557956075336,2.148091233685393e-15,-4.33330844586313,3.225840957997753,1.0,0.3,20,6
1460,IDH1,IRF1,R-1460,-1.0,5.642727922491715,0.4860470398708164,8.908913580632527e-34,-2.574024380536618,1.6881076484890574,1.0,0.3,20,6
3911,IDH1,ZSCAN16,R-3911,1.0,3.1999642948461906,-0.2585436887936253,8.374937995700186e-10,-2.759129444604121,1.8325923022274624,1.0,0.6666666666666666,6,4
3908,IDH1,ZSCAN16,R-3908,1.0,3.1999642948461906,-0.3691051139175613,4.25409146686189e-19,-3.228496322106443,2.30062353007529,1.0,0.6666666666666666,6,4
3907,IDH1,ZSCAN16,R-3907,1.0,3.1999642948461906,-0.4056519082406803,4.408409097616824e-23,-4.593070333568141,3.731080180139035,1.0,0.6666666666666666,6,4
3909,IDH1,ZSCAN16,R-3909,1.0,3.1999642948461906,-0.236634880618654,2.1249027951017272e-08,-3.700934752139378,2.762576758806647,1.0,0.6666666666666666,6,4
2361,IDH1,ETV3,R-2361,-1.0,2.940921760470694,0.3147703722104234,4.792395426922229e-14,-3.3430477766999305,2.347859178563767,1.0,0.6666666666666666,3,2
2359,IDH1,ETV3,R-2359,-1.0,2.940921760470694,0.4471361249273951,3.035652677144672e-28,-2.2859651920117363,1.4207435172342968,1.0,0.6666666666666666,3,2
2594,IDH1,RUNX2,R-2594,-1.0,2.989342688425584,-0.2931009528775711,2.6802801181800146e-12,2.747047903505712,1.802742998148696,0.75,0.3,10,4
2592,IDH1,RUNX2,R-2592,-1.0,2.989342688425584,-0.3294767656448489,2.571574944214154e-15,4.714318879953609,3.582326192009184,0.75,0.3,10,4
2593,IDH1,RUNX2,R-2593,-1.0,2.989342688425584,0.3614999540285439,2.4915096716508334e-18,-2.590201824536318,1.747314370126244,0.75,0.3,10,4
3904,IDH1,PKNOX2,R-3904,1.0,6.503575526198716,-0.2801042283621447,2.5566739397613988e-11,-5.252274168456384,4.167917477260393,1.0,0.3333333333333333,3,1
3594,IDH1,BARX1,R-3594,-1.0,2.151749052926856,0.3456449340701865,8.550104845814175e-17,-2.386737557098019,1.5389089685164166,0.4,0.1818181818181818,11,5
3589,IDH1,BARX1,R-3589,-1.0,2.151749052926856,-0.2733032390153515,7.947759141938572e-11,2.851970772740138,1.903283765629309,0.4,0.1818181818181818,11,5
3235,IDH1,SATB1,R-3235,1.0,6.884913215000614,0.1982127881592779,2.988168814228096e-06,3.12196382691218,2.149877922385864,1.0,0.6470588235294118,17,11
3234,IDH1,SATB1,R-3234,1.0,6.884913215000614,-0.637706873385225,8.933123126766172e-64,-3.853663637722944,2.8223682859830483,1.0,0.6470588235294118,17,11
3240,IDH1,SATB1,R-3240,1.0,6.884913215000614,-0.6935815488905335,1.1536456972613896e-79,-6.953774678389854,5.7898841417616165,1.0,0.6470588235294118,17,11
3244,IDH1,SATB1,R-3244,1.0,6.884913215000614,-0.3953854629604239,6.522587270450082e-22,-5.053095995169796,3.8267014566851074,1.0,0.6470588235294118,17,11
3237,IDH1,SATB1,R-3237,1.0,6.884913215000614,-0.5079838561737171,3.1835469878491297e-37,-5.53414545278053,4.742819086814192,1.0,0.6470588235294118,17,11
3232,IDH1,SATB1,R-3232,1.0,6.884913215000614,-0.6079840174770718,1.3657020713971226e-56,-4.291180771392312,3.216300739752204,1.0,0.6470588235294118,17,11
3241,IDH1,SATB1,R-3241,1.0,6.884913215000614,-0.2294027713969265,5.778454926935571e-08,-4.196473656995619,3.208401969779217,1.0,0.6470588235294118,17,11
3247,IDH1,SATB1,R-3247,1.0,6.884913215000614,-0.4782114361438878,1.3236199551527076e-32,-6.736445721078436,5.225904188945402,1.0,0.6470588235294118,17,11
3246,IDH1,SATB1,R-3246,1.0,6.884913215000614,0.5300433363457956,5.953097152463398e-41,4.44481837052677,3.3622245244948465,1.0,0.6470588235294118,17,11
3233,IDH1,SATB1,R-3233,1.0,6.884913215000614,-0.2548688317780512,1.4720701614997967e-09,-3.3210823316213096,2.384132864100548,1.0,0.6470588235294118,17,11
3238,IDH1,SATB1,R-3238,1.0,6.884913215000614,-0.3590644933336988,4.344952367417145e-18,-5.501243908564748,4.381998338691586,1.0,0.6470588235294118,17,11
3890,IDH1,HOXC6,R-3890,1.0,3.512284788415665,-0.2405905521105883,1.2124096641854986e-08,-3.640385702748747,2.605709711331622,1.0,0.6,5,3
3891,IDH1,HOXC6,R-3891,1.0,3.512284788415665,-0.3249560924936897,6.4285877590005805e-15,-4.698780086994989,3.86648039268998,1.0,0.6,5,3
3893,IDH1,HOXC6,R-3893,1.0,3.512284788415665,-0.1027509700563784,0.0162162707514155,-4.48471052355421,3.414578622195814,1.0,0.6,5,3
2905,IDH1,PRRX1,R-2905,-1.0,3.062227401543707,0.3616381616755253,2.413761334845466e-18,-3.955651508563258,2.890328639441577,1.0,0.7142857142857143,7,5
2903,IDH1,PRRX1,R-2903,-1.0,3.062227401543707,0.4150630791431975,3.43013529645417e-24,-3.3098495174900804,2.336090802147955,1.0,0.7142857142857143,7,5
2907,IDH1,PRRX1,R-2907,-1.0,3.062227401543707,0.5592421763107253,2.498458324199284e-46,-3.5015852470565827,2.58288423179182,1.0,0.7142857142857143,7,5
2909,IDH1,PRRX1,R-2909,-1.0,3.062227401543707,0.5822692566510871,5.821973237082923e-51,-4.480654735350921,3.4288409739651584,1.0,0.7142857142857143,7,5
2904,IDH1,PRRX1,R-2904,-1.0,3.062227401543707,0.4125331093465175,6.869076499758708e-24,-3.711269633275006,2.7829610902559194,1.0,0.7142857142857143,7,5
2687,IDH1,NKX6-1,R-2687,-1.0,6.419511613598851,0.3354917677366602,7.419791208456982e-16,-3.1758423663194533,2.221230453105689,0.2222222222222222,0.1666666666666666,12,9
2686,IDH1,NKX6-1,R-2686,-1.0,6.419511613598851,-0.2612450800643864,5.501399217608712e-10,2.4263273208179337,1.5386482588211376,0.2222222222222222,0.1666666666666666,12,9
422,IDH1,ZNF410,R-422,-1.0,2.082046922413516,-0.5621841295389113,6.697714513286593e-47,3.007968999187097,2.0374748827335174,0.1428571428571428,0.0625,16,7
3921,IDH1,HOXC13,R-3921,1.0,1.9430515162778743,-0.211557634641743,5.93797249488117e-07,-4.773448474405272,3.801176191389726,0.5,0.3333333333333333,3,2
3994,IDH1,VAX2,R-3994,1.0,6.029376383703337,-0.4321956216697272,2.656229732262152e-26,-2.898979399299892,1.9720870759549227,1.0,1.0,5,5
3993,IDH1,VAX2,R-3993,1.0,6.029376383703337,-0.3130484589004185,6.67998030290915e-14,-3.229729880356535,2.2627833405551536,1.0,1.0,5,5
3997,IDH1,VAX2,R-3997,1.0,6.029376383703337,-0.2715041200542741,1.0672888217601886e-10,-3.024939136534347,2.0528631874727137,1.0,1.0,5,5
3996,IDH1,VAX2,R-3996,1.0,6.029376383703337,-0.4604328003626098,4.689359593386941e-30,-7.675556154165326,6.041862368697832,1.0,1.0,5,5
3995,IDH1,VAX2,R-3995,1.0,6.029376383703337,-0.281243836562162,2.1076801274332817e-11,-4.648310715496457,3.478600274821697,1.0,1.0,5,5
1485,IDH1,MAF,R-1485,-1.0,2.080470420657617,0.4389776945322121,3.5863447777474584e-27,-2.5622360574665204,1.6629742974700326,0.8333333333333334,0.5,20,12
1498,IDH1,MAF,R-1498,-1.0,2.080470420657617,0.3028705838257606,4.552529184080503e-13,-4.32434028341225,3.3547694069346563,0.8333333333333334,0.5,20,12
1489,IDH1,MAF,R-1489,-1.0,2.080470420657617,0.3228346601023044,9.8302580389919e-15,-2.7223734152570467,1.7891920430715662,0.8333333333333334,0.5,20,12
1486,IDH1,MAF,R-1486,-1.0,2.080470420657617,0.3075357701186708,1.9064634716885969e-13,-5.901309580854722,4.572647472177309,0.8333333333333334,0.5,20,12
1496,IDH1,MAF,R-1496,-1.0,2.080470420657617,0.3635345025675827,1.5599201862969693e-18,-8.174534817611015,7.042632557009373,0.8333333333333334,0.5,20,12
1483,IDH1,MAF,R-1483,-1.0,2.080470420657617,0.3088149790400954,1.4975794200928204e-13,-4.160414796817189,3.1682843892239387,0.8333333333333334,0.5,20,12
1500,IDH1,MAF,R-1500,-1.0,2.080470420657617,0.3529437642249395,1.7213075695211518e-17,-2.1433993061380874,1.3069638823779277,0.8333333333333334,0.5,20,12
1494,IDH1,MAF,R-1494,-1.0,2.080470420657617,0.0924911235497178,0.0305508168455901,-3.596675712446244,2.585479235175667,0.8333333333333334,0.5,20,12
1487,IDH1,MAF,R-1487,-1.0,2.080470420657617,0.331225587287184,1.796713086577531e-15,-4.391260183849952,3.33061071100035,0.8333333333333334,0.5,20,12
1493,IDH1,MAF,R-1493,-1.0,2.080470420657617,0.4306605269721937,4.153246757993179e-26,-2.8047255129669413,1.891852363551124,0.8333333333333334,0.5,20,12
4007,IDH1,DLX6,R-4007,1.0,1.802742998148696,-0.3453598670508423,9.094764101361155e-17,-6.5750184472655615,5.129797257207315,1.0,0.75,4,3
4006,IDH1,DLX6,R-4006,1.0,1.802742998148696,-0.3630560914818777,1.7420165571826898e-18,-4.8596708849066514,3.9152560255715807,1.0,0.75,4,3
4005,IDH1,DLX6,R-4005,1.0,1.802742998148696,-0.1799555213331751,2.2978675534088387e-05,-2.8187482080704567,1.88862326147761,1.0,0.75,4,3
4153,IDH1,TTF1,R-4153,1.0,1.3957630909190122,0.4247601969015384,2.266367679615815e-25,2.381853215502896,1.5125600291024115,1.0,0.7142857142857143,7,5
4156,IDH1,TTF1,R-4156,1.0,1.3957630909190122,-0.3836514504324322,1.2664427117577807e-20,-4.4248326201936,3.370144722643424,1.0,0.7142857142857143,7,5
4154,IDH1,TTF1,R-4154,1.0,1.3957630909190122,-0.2189333771687419,2.3212673060361386e-07,-2.499051055397169,1.616419077892392,1.0,0.7142857142857143,7,5
4157,IDH1,TTF1,R-4157,1.0,1.3957630909190122,0.5093119693394583,1.932375742122075e-37,5.502901027389089,4.506083265085511,1.0,0.7142857142857143,7,5
4155,IDH1,TTF1,R-4155,1.0,1.3957630909190122,-0.3226619188735042,1.0174665475525556e-14,-5.173306345977306,4.179467449603074,1.0,0.7142857142857143,7,5
619,IDH1,TFAP2C,R-619,-1.0,2.855165448619958,0.5547590428493562,1.811463287881552e-45,-3.958190760946655,2.9655294752704324,0.6666666666666666,0.3333333333333333,12,6
617,IDH1,TFAP2C,R-617,-1.0,2.855165448619958,0.1322157405972241,0.0019430198296444,-4.314332395791281,3.3087008332112093,0.6666666666666666,0.3333333333333333,12,6
623,IDH1,TFAP2C,R-623,-1.0,2.855165448619958,0.0819454035069402,0.0554441044131149,-5.540988002725782,4.4714836585976725,0.6666666666666666,0.3333333333333333,12,6
620,IDH1,TFAP2C,R-620,-1.0,2.855165448619958,0.2334696688838057,3.305551049697102e-08,-6.061860428860883,4.996005716118363,0.6666666666666666,0.3333333333333333,12,6
4417,IDH1,VBP1,R-4417,1.0,2.4656927904147623,-0.5973778819960379,3.304206913871198e-54,-3.5249429920770567,2.532312080074332,1.0,0.3333333333333333,3,1
1677,IDH1,E2F3,R-1677,1.0,1.463309861417193,0.2061988439241938,1.1508461705785022e-06,3.4233509216609934,2.4212140127529707,1.0,0.6,5,3
1678,IDH1,E2F3,R-1678,1.0,1.463309861417193,0.5383536851730981,1.9845785327638488e-42,2.1637346574798157,1.3323673486605077,1.0,0.6,5,3
1676,IDH1,E2F3,R-1676,1.0,1.463309861417193,-0.3839510347536875,1.1758131463222727e-20,-3.1654425363925416,2.2193891600361275,1.0,0.6,5,3
2713,IDH1,ONECUT2,R-2713,1.0,1.6516089016505409,0.3950204041411556,7.16606225403539e-22,7.053777480025826,6.20233769601926,1.0,0.5714285714285714,7,4
2712,IDH1,ONECUT2,R-2712,1.0,1.6516089016505409,-0.1646458533526682,0.0001095680530057,-3.2707271981050394,2.3359904671677616,1.0,0.5714285714285714,7,4
2708,IDH1,ONECUT2,R-2708,1.0,1.6516089016505409,-0.5691443692884863,2.8198605897354514e-48,-2.703219168587164,1.7707089135118603,1.0,0.5714285714285714,7,4
2711,IDH1,ONECUT2,R-2711,1.0,1.6516089016505409,-0.5292337401452815,8.250112181929748e-41,-6.727325881152593,6.158887586920633,1.0,0.5714285714285714,7,4
3371,IDH1,PAX6,R-3371,-1.0,1.3474003920044222,0.0048837523383487,0.9092689165844792,-6.685936040018321,5.284434656494649,0.25,0.1428571428571428,21,12
3365,IDH1,PAX6,R-3365,-1.0,1.3474003920044222,-0.2408301609118273,1.1715206536052828e-08,2.2587239007196795,1.409667812985004,0.25,0.1428571428571428,21,12
3368,IDH1,PAX6,R-3368,-1.0,1.3474003920044222,-0.3256370126090832,5.605370219150797e-15,3.539540305433374,2.598483551864034,0.25,0.1428571428571428,21,12
1919,IDH1,PBX1,R-1919,1.0,3.00387218512475,-0.3345331858922912,9.061830374051313e-16,-5.651860111590545,4.4307199615264485,1.0,0.6428571428571429,14,9
1917,IDH1,PBX1,R-1917,1.0,3.00387218512475,-0.3365397996231073,5.958233756431895e-16,-4.6634515399644,3.6012973744315606,1.0,0.6428571428571429,14,9
1922,IDH1,PBX1,R-1922,1.0,3.00387218512475,-0.331352650338759,1.7503529412402532e-15,-7.786911088949024,6.779933087243841,1.0,0.6428571428571429,14,9
1916,IDH1,PBX1,R-1916,1.0,3.00387218512475,0.4686064812567701,3.2932023723032407e-31,4.883041765539443,3.7527462857470777,1.0,0.6428571428571429,14,9
1913,IDH1,PBX1,R-1913,1.0,3.00387218512475,-0.3544910299937722,1.2188384665423196e-17,-4.316543721001084,3.253544218668273,1.0,0.6428571428571429,14,9
1920,IDH1,PBX1,R-1920,1.0,3.00387218512475,0.3671359665568288,6.753655331143234e-19,3.954010407434752,2.899141287517258,1.0,0.6428571428571429,14,9
1918,IDH1,PBX1,R-1918,1.0,3.00387218512475,-0.265592718707919,2.7692373538574927e-10,-10.68269615263257,8.187326538166785,1.0,0.6428571428571429,14,9
1921,IDH1,PBX1,R-1921,1.0,3.00387218512475,-0.1349482194235927,0.0015591921181267,-5.877726278632886,4.75682926869709,1.0,0.6428571428571429,14,9
1915,IDH1,PBX1,R-1915,1.0,3.00387218512475,-0.1942291818591208,4.741902603037357e-06,-3.842490400875034,2.8312558443693097,1.0,0.6428571428571429,14,9
3976,IDH1,GBX2,R-3976,1.0,1.802742998148696,-0.2236418220885587,1.252460632479122e-07,-5.501003913094902,4.162634956655208,1.0,0.6,5,3
3972,IDH1,GBX2,R-3972,1.0,1.802742998148696,0.1986439813539187,2.8408781033760344e-06,4.603438834198763,3.4363540091290656,1.0,0.6,5,3
3975,IDH1,GBX2,R-3975,1.0,1.802742998148696,-0.2751495025477864,5.859622698975303e-11,-3.883019417753462,2.8852840780538083,1.0,0.6,5,3
862,IDH1,MAX,R-862,-1.0,3.591840979217127,0.6150698538840894,3.1047718296488733e-58,-2.43758937292392,1.5517414623976835,0.75,0.2307692307692307,13,4
857,IDH1,MAX,R-857,-1.0,3.591840979217127,0.2780278875903316,3.626595503742858e-11,-3.241263289492608,2.2783675637175564,0.75,0.2307692307692307,13,4
859,IDH1,MAX,R-859,-1.0,3.591840979217127,0.498060547120449,1.239158200011688e-35,-2.981776095123017,2.0284077856729223,0.75,0.2307692307692307,13,4
3720,IDH1,FOXD3,R-3720,1.0,2.1770448433036296,-0.2773277577118033,4.0776191890709756e-11,-8.321396512737387,6.364239621416893,1.0,0.5714285714285714,14,8
3708,IDH1,FOXD3,R-3708,1.0,2.1770448433036296,-0.3212937731479477,1.3354560643168187e-14,-4.629028721443219,3.682493271999636,1.0,0.5714285714285714,14,8
3713,IDH1,FOXD3,R-3713,1.0,2.1770448433036296,0.1423048988268699,0.0008449967853002,4.3953989764072015,3.3137001761447635,1.0,0.5714285714285714,14,8
3714,IDH1,FOXD3,R-3714,1.0,2.1770448433036296,-0.3291622241034429,2.742210936107869e-15,-5.853591346052394,4.558835102300181,1.0,0.5714285714285714,14,8
3716,IDH1,FOXD3,R-3716,1.0,2.1770448433036296,0.3332956958839342,1.171801279281055e-15,10.032797000700036,9.0679956387976,1.0,0.5714285714285714,14,8
3710,IDH1,FOXD3,R-3710,1.0,2.1770448433036296,-0.4527455224021763,5.344454927019004e-29,-5.327786652365554,4.23085259311965,1.0,0.5714285714285714,14,8
3715,IDH1,FOXD3,R-3715,1.0,2.1770448433036296,-0.3577294881155354,5.881621025041999e-18,-6.0545619511394975,5.463914210226814,1.0,0.5714285714285714,14,8
3717,IDH1,FOXD3,R-3717,1.0,2.1770448433036296,-0.3033535407332762,4.163239874119286e-13,-13.598537241735777,10.929614804060936,1.0,0.5714285714285714,14,8
4503,IDH1,HOXD13,R-4503,-1.0,5.013524993221711,0.2308384445722813,4.750011092504174e-08,-5.020139118130183,3.7867473555104234,1.0,1.0,1,1
3352,IDH1,NR2E1,R-3352,-1.0,3.043199800874645,0.1614603320590856,0.000149130839442,-2.607248435426782,1.7129191625007598,0.875,0.7,10,8
3354,IDH1,NR2E1,R-3354,-1.0,3.043199800874645,0.5434958894772876,2.3061832052389483e-43,-6.333479835668413,4.951758958087587,0.875,0.7,10,8
3358,IDH1,NR2E1,R-3358,-1.0,3.043199800874645,-0.2331054165813102,3.47658472238419e-08,6.206012749682108,4.691139501782749,0.875,0.7,10,8
3355,IDH1,NR2E1,R-3355,-1.0,3.043199800874645,0.0777922820450743,0.0690638266313884,-4.609176417597217,3.68239851898928,0.875,0.7,10,8
3353,IDH1,NR2E1,R-3353,-1.0,3.043199800874645,0.3131906258115574,6.499847297274779e-14,-3.870498164684617,2.873092881343001,0.875,0.7,10,8
3357,IDH1,NR2E1,R-3357,-1.0,3.043199800874645,0.5208066663450375,2.3394275653906084e-39,-9.97378952751625,7.590966706291675,0.875,0.7,10,8
3351,IDH1,NR2E1,R-3351,-1.0,3.043199800874645,0.2742329328953116,6.818852575638846e-11,-10.61141810625086,8.225082791939563,0.875,0.7,10,8
4443,IDH1,ZNF282,R-4443,-1.0,2.0065135488700263,0.4858204819773561,9.6413328240563e-34,-2.955014646474277,1.995956776755944,1.0,0.5,2,1
2842,IDH1,LHX2,R-2842,-1.0,1.824152936605198,0.1426019902781001,0.0008238394222701,-4.2278199365848375,3.1243989080543515,0.2857142857142857,0.1818181818181818,11,7
2844,IDH1,LHX2,R-2844,-1.0,1.824152936605198,-0.2623150345431133,4.6516833488949987e-10,2.746480320605248,1.8033348253317625,0.2857142857142857,0.1818181818181818,11,7
1415,IDH1,IRF2,R-1415,-1.0,3.0002610915182464,0.2153428378157824,3.682113543101114e-07,-8.923628719722926,7.452028226055291,1.0,0.3636363636363636,22,8
1421,IDH1,IRF2,R-1421,-1.0,3.0002610915182464,0.2900799610056472,4.574854488886555e-12,-5.466058437482171,4.232002139240168,1.0,0.3636363636363636,22,8
1416,IDH1,IRF2,R-1416,-1.0,3.0002610915182464,0.2984741875773247,1.0193907161729925e-12,-12.108752422468552,9.507619855406436,1.0,0.3636363636363636,22,8
1418,IDH1,IRF2,R-1418,-1.0,3.0002610915182464,0.3538360650545227,1.4109300795581177e-17,-2.272562075466986,1.411105831251321,1.0,0.3636363636363636,22,8
1414,IDH1,IRF2,R-1414,-1.0,3.0002610915182464,0.3243290623626629,7.290953761012951e-15,-4.037463273782544,3.1509373990122533,1.0,0.3636363636363636,22,8
1411,IDH1,IRF2,R-1411,-1.0,3.0002610915182464,0.4499641393314913,1.2696792727403711e-28,-5.468163510705436,4.3959306846887545,1.0,0.3636363636363636,22,8
1424,IDH1,IRF2,R-1424,-1.0,3.0002610915182464,0.3271902172741521,4.095383450970677e-15,-8.868547641468574,7.202171480337396,1.0,0.3636363636363636,22,8
1408,IDH1,IRF2,R-1408,-1.0,3.0002610915182464,0.3619513834622122,2.2462926110412593e-18,-4.032014704698992,2.970261052557089,1.0,0.3636363636363636,22,8
2931,IDH1,HOXB6,R-2931,-1.0,6.082827492353085,0.4961974200554912,2.431764423065643e-35,-3.8814393614457767,2.909305246574499,0.5,0.2,10,4
2933,IDH1,HOXB6,R-2933,-1.0,6.082827492353085,-0.1213709494711376,0.004474023547413,5.463866653655135,4.313632812941251,0.5,0.2,10,4
3952,IDH1,POU4F1,R-3952,1.0,5.006546727129642,-0.2566328305996569,1.1241576086221203e-09,-5.650810286932486,4.837877326247304,0.8333333333333334,0.5,10,6
3953,IDH1,POU4F1,R-3953,1.0,5.006546727129642,-0.3833894058009672,1.351340351669597e-20,-12.0593743126635,9.486413861801172,0.8333333333333334,0.5,10,6
3961,IDH1,POU4F1,R-3961,1.0,5.006546727129642,-0.220550076699745,1.8809839015528807e-07,-3.655217697456428,2.6131364411060174,0.8333333333333334,0.5,10,6
3955,IDH1,POU4F1,R-3955,1.0,5.006546727129642,-0.4869348681982957,6.533037527716108e-34,-4.15010110923571,3.101073083809604,0.8333333333333334,0.5,10,6
3959,IDH1,POU4F1,R-3959,1.0,5.006546727129642,-0.3784369528975141,4.555832133815394e-20,-2.149433818676473,1.3193910350727045,0.8333333333333334,0.5,10,6
742,IDH1,ETV6,R-742,-1.0,3.5450030407225293,0.5622555429331607,6.485997510624833e-47,-2.625651052979934,1.7249126894177171,0.8571428571428571,0.2727272727272727,22,7
744,IDH1,ETV6,R-744,-1.0,3.5450030407225293,0.2254858127100884,9.799489639816552e-08,-3.199884008577384,2.230611056224882,0.8571428571428571,0.2727272727272727,22,7
758,IDH1,ETV6,R-758,-1.0,3.5450030407225293,-0.3852896326374754,8.430332878560598e-21,2.8700589554210163,1.9185829340785765,0.8571428571428571,0.2727272727272727,22,7
751,IDH1,ETV6,R-751,-1.0,3.5450030407225293,0.1282407860224484,0.0026570816755029,-3.715213348878208,2.665059929931044,0.8571428571428571,0.2727272727272727,22,7
749,IDH1,ETV6,R-749,-1.0,3.5450030407225293,-0.4051883810554195,4.9888042127669616e-23,2.3875848972039164,1.5068935614701502,0.8571428571428571,0.2727272727272727,22,7
750,IDH1,ETV6,R-750,-1.0,3.5450030407225293,0.5064266922444906,5.700503605720381e-37,-2.573126332350649,1.664253186798758,0.8571428571428571,0.2727272727272727,22,7
3181,IDH1,BCL6,R-3181,1.0,2.381152319759438,0.3536004155174413,1.4870901014223536e-17,3.3710794030429936,2.3674946995853903,0.2,0.1111111111111111,9,5
3871,IDH1,RORA,R-3871,-1.0,1.4924268696880445,0.2023373149355614,1.83422724551728e-06,-3.4277760457087703,2.483685963126876,0.5,0.3,10,6
3873,IDH1,RORA,R-3873,-1.0,1.4924268696880445,-0.1648398572963885,0.0001075102724349,5.386036590866576,4.073141398883082,0.5,0.3,10,6
3877,IDH1,RORA,R-3877,-1.0,1.4924268696880445,-0.302632074820121,4.757711565982767e-13,9.314607871636785,7.160888475879195,0.5,0.3,10,6
4411,IDH1,LMO2,R-4411,-1.0,4.516861391660271,0.3701551987557938,3.3204455211714335e-19,-5.4430155676840775,4.365505845655062,0.75,0.5,6,4
4412,IDH1,LMO2,R-4412,-1.0,4.516861391660271,0.5189040932779172,4.9144587381036234e-39,-5.907238814468234,4.514107991158906,0.75,0.5,6,4
4407,IDH1,LMO2,R-4407,-1.0,4.516861391660271,-0.3776623301970583,5.499309847527468e-20,3.903983640185891,2.965329759260372,0.75,0.5,6,4
3966,IDH1,TEAD3,R-3966,-1.0,4.34461867667319,0.5572159128985347,6.1397640452114295e-46,-9.370300726030544,7.615365747235662,0.875,0.7,10,8
3964,IDH1,TEAD3,R-3964,-1.0,4.34461867667319,-0.3989319371697037,2.599022913695868e-22,4.309368339637283,3.332934757380742,0.875,0.7,10,8
3968,IDH1,TEAD3,R-3968,-1.0,4.34461867667319,0.2385689811596215,1.6170588482186956e-08,-2.36608281994381,1.5058256183940435,0.875,0.7,10,8
3963,IDH1,TEAD3,R-3963,-1.0,4.34461867667319,0.2712586456765055,1.1109088943661531e-10,-3.88511656862157,3.036109152142315,0.875,0.7,10,8
3970,IDH1,TEAD3,R-3970,-1.0,4.34461867667319,0.2851668807846498,1.076803272282049e-11,-5.560471156956902,4.481755435247167,0.875,0.7,10,8
3962,IDH1,TEAD3,R-3962,-1.0,4.34461867667319,0.4576676942667947,1.1332786783552129e-29,-5.937853028175724,4.653442443303056,0.875,0.7,10,8
3965,IDH1,TEAD3,R-3965,-1.0,4.34461867667319,0.4901810248892541,2.085475365160308e-34,-3.278749653542801,2.314634375708209,0.875,0.7,10,8
2192,IDH1,FLI1,R-2192,-1.0,1.6555551628329872,0.1800928491436771,2.2645198669284915e-05,-2.445212113312893,1.5643798272868077,0.8,0.4444444444444444,9,5
2191,IDH1,FLI1,R-2191,-1.0,1.6555551628329872,0.5341957979303019,1.1010778584435765e-41,-5.971932252915903,4.790261105542656,0.8,0.4444444444444444,9,5
2189,IDH1,FLI1,R-2189,-1.0,1.6555551628329872,0.1723448624661611,5.079379221522953e-05,-2.8862719121868707,1.934921620707258,0.8,0.4444444444444444,9,5
2190,IDH1,FLI1,R-2190,-1.0,1.6555551628329872,-0.2534192278584383,1.8344284854027278e-09,2.2477288883092617,1.380986717653765,0.8,0.4444444444444444,9,5
4304,IDH1,IRF5,R-4304,-1.0,1.43078577968799,0.3040958294431118,3.62763605688878e-13,-5.043107949799412,3.992771760556179,1.0,0.5,8,4
4300,IDH1,IRF5,R-4300,-1.0,1.43078577968799,0.1295209481000591,0.0024045270483107,-13.085225330334591,9.635487390802218,1.0,0.5,8,4
4306,IDH1,IRF5,R-4306,-1.0,1.43078577968799,0.238883229422201,1.5465245464400847e-08,-2.215678232240529,1.3661310548888592,1.0,0.5,8,4
4303,IDH1,IRF5,R-4303,-1.0,1.43078577968799,0.2164431466530506,3.1993175013158977e-07,-8.726478440378527,8.28370074753607,1.0,0.5,8,4
3063,IDH1,FOXO4,R-3063,1.0,3.5790499814139216,-0.2834866130680059,1.4375418671274634e-11,-4.579051782103099,3.559203667483892,1.0,0.5,12,6
3071,IDH1,FOXO4,R-3071,1.0,3.5790499814139216,0.2659447999391152,2.6180665259182866e-10,4.646740589053598,3.569005827640205,1.0,0.5,12,6
3072,IDH1,FOXO4,R-3072,1.0,3.5790499814139216,-0.3109490224210195,9.985113703862041e-14,-8.589884954301933,6.583076714072353,1.0,0.5,12,6
3074,IDH1,FOXO4,R-3074,1.0,3.5790499814139216,-0.191031709453359,6.8230923191625335e-06,-7.535226747326375,5.82617644842031,1.0,0.5,12,6
3068,IDH1,FOXO4,R-3068,1.0,3.5790499814139216,-0.4028248469927701,9.345032803032004e-23,-4.085161638706476,3.090008105147328,1.0,0.5,12,6
3066,IDH1,FOXO4,R-3066,1.0,3.5790499814139216,-0.3715955643923724,2.3601939144724385e-19,-3.629861079370131,2.759789040148348,1.0,0.5,12,6
4492,IDH1,BACH1,R-4492,-1.0,2.6736695508206987,0.2912260946595538,3.737736640678551e-12,-9.558845584574824,9.722729792053087,1.0,0.2,5,1
2620,IDH1,CEBPD,R-2620,-1.0,2.1195967618795795,0.3839618860702675,1.1726533592724452e-20,-6.739748679526935,5.167697454216746,1.0,0.3333333333333333,6,2
2617,IDH1,CEBPD,R-2617,-1.0,2.1195967618795795,0.3371036281670263,5.293105665529535e-16,-4.6094860525962185,3.458421733634347,1.0,0.3333333333333333,6,2
2744,IDH1,MSX2,R-2744,-1.0,2.080470420657617,0.255866566345756,1.2641629993569366e-09,-4.4536373362051735,3.465636121498717,0.2222222222222222,0.1428571428571428,14,9
2750,IDH1,MSX2,R-2750,-1.0,2.080470420657617,-0.2563551688706814,1.1730537584527258e-09,2.539847491656662,1.6358812928787343,0.2222222222222222,0.1428571428571428,14,9
3797,IDH1,TBX2,R-3797,-1.0,1.3924123370530035,0.2976471412866346,1.1845018102944122e-12,-6.567641867919491,5.667565428050693,1.0,0.5,2,1
1432,IDH1,TRAF4,R-1432,-1.0,1.5306321701731422,0.4122215005933762,7.479396420867823e-24,-2.276047108011183,1.4510272133883138,0.8571428571428571,0.4285714285714285,14,7
1440,IDH1,TRAF4,R-1440,-1.0,1.5306321701731422,0.1589970098757245,0.0001885384227103,-10.016281699838617,7.536965310448827,0.8571428571428571,0.4285714285714285,14,7
1436,IDH1,TRAF4,R-1436,-1.0,1.5306321701731422,0.3868541285373642,5.7032386958974404e-21,-3.0412138690689,2.087674850476831,0.8571428571428571,0.4285714285714285,14,7
1429,IDH1,TRAF4,R-1429,-1.0,1.5306321701731422,-0.2266831968389234,8.346787262481024e-08,3.467356145531267,2.470572725463143,0.8571428571428571,0.4285714285714285,14,7
1430,IDH1,TRAF4,R-1430,-1.0,1.5306321701731422,-0.2417638873756515,1.0245601684109076e-08,4.763481873172341,3.587272332100931,0.8571428571428571,0.4285714285714285,14,7
1428,IDH1,TRAF4,R-1428,-1.0,1.5306321701731422,0.3673614979743964,6.406467484074924e-19,-3.341389565186764,2.332660335218027,0.8571428571428571,0.4285714285714285,14,7
4272,IDH1,NKX2-2,R-4272,1.0,3.294169889789152,-0.48120273353463,4.763634883526926e-33,-4.206073437729765,3.3419027253385467,1.0,0.6428571428571429,14,9
4274,IDH1,NKX2-2,R-4274,1.0,3.294169889789152,-0.4586248830367379,8.357446830042907e-30,-3.977827786054109,2.992383115723185,1.0,0.6428571428571429,14,9
4280,IDH1,NKX2-2,R-4280,1.0,3.294169889789152,0.4916445595531251,1.2413087532349075e-34,7.469553222510645,6.234953740078027,1.0,0.6428571428571429,14,9
4275,IDH1,NKX2-2,R-4275,1.0,3.294169889789152,0.3093075408291784,1.3642223956393298e-13,2.545929071217271,1.6587696834507537,1.0,0.6428571428571429,14,9
4282,IDH1,NKX2-2,R-4282,1.0,3.294169889789152,-0.4072335609519184,2.886430244253989e-23,-4.525929476195344,3.5283398584394075,1.0,0.6428571428571429,14,9
4279,IDH1,NKX2-2,R-4279,1.0,3.294169889789152,-0.3422080728223057,1.7926452419792452e-16,-7.59360851565792,6.218777640238213,1.0,0.6428571428571429,14,9
4277,IDH1,NKX2-2,R-4277,1.0,3.294169889789152,-0.4148908511523437,3.596858644082045e-24,-2.3109317059927394,1.445011029101843,1.0,0.6428571428571429,14,9
4281,IDH1,NKX2-2,R-4281,1.0,3.294169889789152,-0.3085767633132822,1.5665770631081105e-13,-6.263977502315081,5.23123917965311,1.0,0.6428571428571429,14,9
4273,IDH1,NKX2-2,R-4273,1.0,3.294169889789152,-0.3675401780994329,6.143939048209211e-19,-5.666696032045525,4.611434946003074,1.0,0.6428571428571429,14,9
2095,IDH1,MAFK,R-2095,-1.0,4.1720084675432005,0.7426211413854696,5.902701805710657e-97,-6.351822289722552,5.440303054465962,1.0,0.9,10,9
2088,IDH1,MAFK,R-2088,-1.0,4.1720084675432005,-0.4307682336212206,4.0253158334875606e-26,2.5084961783550006,1.6165814513281094,1.0,0.9,10,9
2092,IDH1,MAFK,R-2092,-1.0,4.1720084675432005,0.4128964818125334,6.2192791251598485e-24,-6.922259978789825,5.769145009919278,1.0,0.9,10,9
2091,IDH1,MAFK,R-2091,-1.0,4.1720084675432005,0.1717931316738346,5.3730850560114096e-05,-6.283915244474089,5.07521607062207,1.0,0.9,10,9
2096,IDH1,MAFK,R-2096,-1.0,4.1720084675432005,0.2206239096443128,1.862932131931669e-07,-6.2005267485788345,4.85563406550009,1.0,0.9,10,9
2093,IDH1,MAFK,R-2093,-1.0,4.1720084675432005,0.3386285314253394,3.838385886870185e-16,-4.909455592989385,3.821415653692671,1.0,0.9,10,9
2087,IDH1,MAFK,R-2087,-1.0,4.1720084675432005,0.4901549963934035,2.104759891537536e-34,-3.020149198092948,2.0837272385184,1.0,0.9,10,9
2094,IDH1,MAFK,R-2094,-1.0,4.1720084675432005,0.2297131337150552,5.539346344178945e-08,-4.885006899072129,3.873777966521598,1.0,0.9,10,9
2089,IDH1,MAFK,R-2089,-1.0,4.1720084675432005,0.2671949009370111,2.1435322237311163e-10,-4.547603567519624,3.5490663649713983,1.0,0.9,10,9
1963,IDH1,HOXA4,R-1963,-1.0,1.5561516608636092,-0.2466384747506726,5.0433018714475686e-09,2.650403859279609,1.7330366366436991,0.5,0.25,8,4
1965,IDH1,HOXA4,R-1965,-1.0,1.5561516608636092,0.3416684397815717,2.0119475825298075e-16,-2.7236581117110656,1.8074142938515003,0.5,0.25,8,4
4170,IDH1,SOX1,R-4170,1.0,1.3660366242365825,-0.2540019728866657,1.6793906081052023e-09,-8.076644622303782,6.967750493968298,1.0,0.8181818181818182,11,9
4171,IDH1,SOX1,R-4171,1.0,1.3660366242365825,-0.3428262312688311,1.5702118700696935e-16,-10.95592152529727,8.258920474971397,1.0,0.8181818181818182,11,9
4168,IDH1,SOX1,R-4168,1.0,1.3660366242365825,-0.2904563110597351,4.281548379340973e-12,-4.402770666356275,3.2903151180435346,1.0,0.8181818181818182,11,9
4176,IDH1,SOX1,R-4176,1.0,1.3660366242365825,-0.3006333796176201,6.87299152454476e-13,-2.312009839348448,1.4550006814938177,1.0,0.8181818181818182,11,9
4173,IDH1,SOX1,R-4173,1.0,1.3660366242365825,-0.2730821067801812,8.242003982058404e-11,-9.36956489556014,7.81847355981233,1.0,0.8181818181818182,11,9
4174,IDH1,SOX1,R-4174,1.0,1.3660366242365825,-0.3679058234763541,5.639302598454121e-19,-3.4510039865965383,2.4633289509672927,1.0,0.8181818181818182,11,9
4169,IDH1,SOX1,R-4169,1.0,1.3660366242365825,-0.3628933950528847,1.808591717959856e-18,-5.102608351370073,4.024448138476418,1.0,0.8181818181818182,11,9
4177,IDH1,SOX1,R-4177,1.0,1.3660366242365825,-0.3805294973244905,2.7331139429312964e-20,-2.920597433508024,2.005521592255165,1.0,0.8181818181818182,11,9
4172,IDH1,SOX1,R-4172,1.0,1.3660366242365825,-0.208641636589701,8.53000385450361e-07,-4.341114885634252,3.3639339294871817,1.0,0.8181818181818182,11,9
3794,IDH1,HOXB13,R-3794,1.0,1.3660366242365825,-0.3527952918190311,1.7791001211228984e-17,-2.7086070600608525,1.7996423945665383,1.0,0.3333333333333333,3,1
716,IDH1,MYCN,R-716,1.0,1.3402301642316146,-0.363399447667986,1.6093361062668608e-18,-2.89527737107711,1.9516734589645293,1.0,0.6,5,3
717,IDH1,MYCN,R-717,1.0,1.3402301642316146,0.2577512494044606,9.465104709115395e-10,2.665959578601265,1.791989019162581,1.0,0.6,5,3
715,IDH1,MYCN,R-715,1.0,1.3402301642316146,0.4710941455827295,1.4465340931331004e-31,4.348614163814663,3.2350667359451,1.0,0.6,5,3
949,IDH1,ELK3,R-949,-1.0,3.266812548411918,0.4772488217156547,1.8350988561863948e-32,-2.385622439142581,1.4995178253297374,1.0,0.4285714285714285,7,3
953,IDH1,ELK3,R-953,-1.0,3.266812548411918,-0.35687326058161,7.137036072790614e-18,3.4834398131397006,2.4934819073394774,1.0,0.4285714285714285,7,3
950,IDH1,ELK3,R-950,-1.0,3.266812548411918,0.1827462893263077,1.7036252947052675e-05,-4.120865521977844,3.1142666184230987,1.0,0.4285714285714285,7,3
3484,IDH1,TFEB,R-3484,1.0,4.067978634600183,0.1507725917445822,0.0004024761608618,6.280540033223378,4.720722845236202,1.0,0.3333333333333333,3,1
1034,IDH1,ZNF232,R-1034,1.0,1.3885894224979796,-0.4904954931109536,1.8658701636761607e-34,-2.8865824872557724,1.9811488006664757,1.0,0.3333333333333333,9,3
1040,IDH1,ZNF232,R-1040,1.0,1.3885894224979796,-0.1776534291846745,2.9312348492837134e-05,-5.596241661302095,4.305619627785047,1.0,0.3333333333333333,9,3
1036,IDH1,ZNF232,R-1036,1.0,1.3885894224979796,0.4937964196227583,5.762316391364552e-35,2.734999959337711,1.7981465546218252,1.0,0.3333333333333333,9,3
2552,IDH1,MSC,R-2552,-1.0,3.278445513976094,0.1081849867929212,0.0113452635386061,-5.4814079510882285,4.368479503647479,0.5,0.5,2,2
3865,IDH1,INSM1,R-3865,1.0,3.713596747828632,0.3915826630567953,1.728129016821261e-21,2.317283017037358,1.433027514662594,0.5,0.5,2,2
3914,IDH1,SCRT1,R-3914,1.0,1.801889313798688,-0.395920403539934,5.681363410092997e-22,-6.852690631024509,5.755060829884487,1.0,1.0,2,2
3913,IDH1,SCRT1,R-3913,1.0,1.801889313798688,-0.4715944792607143,1.2249362920561622e-31,-8.9601189578462,7.834725484495846,1.0,1.0,2,2
1220,IDH1,FOXC1,R-1220,-1.0,1.309203039085519,-0.292796676095092,2.8293865039956014e-12,5.26598171007308,4.050905851987347,0.8,0.5,8,5
1221,IDH1,FOXC1,R-1221,-1.0,1.309203039085519,-0.2891114076811777,5.422986130186007e-12,4.9722920801820765,3.9160795271569127,0.8,0.5,8,5
1226,IDH1,FOXC1,R-1226,-1.0,1.309203039085519,0.1722194124481317,5.144796472385844e-05,-2.1413060842213145,1.306741978773982,0.8,0.5,8,5
1222,IDH1,FOXC1,R-1222,-1.0,1.309203039085519,-0.199418090816428,2.593710351672287e-06,7.849932487844668,6.558589434423966,0.8,0.5,8,5
3920,IDH1,HOXA11,R-3920,-1.0,2.925854782685852,0.2487427503307084,3.6965022257321587e-09,-3.097173713666828,2.1711811835922528,0.2,0.1666666666666666,6,5
4325,IDH1,TBX5,R-4325,1.0,1.9430515162778743,-0.2164375743553474,3.201601495864496e-07,-6.395248439742436,5.451221825411686,1.0,0.6666666666666666,6,4
4323,IDH1,TBX5,R-4323,1.0,1.9430515162778743,-0.3400015162515328,2.869643143427138e-16,-3.199365753142682,2.238063462443108,1.0,0.6666666666666666,6,4
4327,IDH1,TBX5,R-4327,1.0,1.9430515162778743,-0.2811783620641491,2.1312469579628518e-11,-4.116323717903253,3.254475959708484,1.0,0.6666666666666666,6,4
4328,IDH1,TBX5,R-4328,1.0,1.9430515162778743,-0.3307073636007835,1.9986065435190148e-15,-2.9349547779393568,1.9883096420750497,1.0,0.6666666666666666,6,4
2160,IDH1,ETV4,R-2160,-1.0,3.8342376142893615,0.1723311516810228,5.0864904025902544e-05,-2.385622439142581,1.4995178253297374,1.0,0.3333333333333333,3,1
2166,IDH1,ETV5,R-2166,-1.0,9.022585243195788,0.181539740234145,1.9399774977007957e-05,-3.3896348219406702,2.4070777415613422,1.0,0.25,4,1
1862,IDH1,HOXA10,R-1862,1.0,3.36423443369604,-0.2447443334498138,6.654421870975419e-09,-3.336941280925214,2.397794994826317,1.0,0.2857142857142857,7,2
1866,IDH1,HOXA10,R-1866,1.0,3.36423443369604,0.2878637262336003,6.744814963661534e-12,3.378959454979346,2.405445311265024,1.0,0.2857142857142857,7,2
2158,IDH1,HOXA3,R-2158,1.0,1.802742998148696,-0.2982327457834203,1.065111016286493e-12,-2.2972276761654133,1.4413615368236092,1.0,0.4285714285714285,7,3
2154,IDH1,HOXA3,R-2154,1.0,1.802742998148696,-0.2148549684879232,3.9179532146637467e-07,-4.733390243247568,3.69753908772945,1.0,0.4285714285714285,7,3
2157,IDH1,HOXA3,R-2157,1.0,1.802742998148696,-0.1590452542426814,0.00018768071608,-9.693114926443734,8.012246307190699,1.0,0.4285714285714285,7,3
4426,IDH1,TAL1,R-4426,1.0,1.384226625184834,-0.2250864402681213,1.033617646738849e-07,-13.087648561809129,10.50811948710936,0.6,0.3,10,5
4425,IDH1,TAL1,R-4425,1.0,1.384226625184834,-0.2377194990387052,1.8236803237800516e-08,-8.426346578524432,6.439160548308886,0.6,0.3,10,5
4432,IDH1,TAL1,R-4432,1.0,1.384226625184834,-0.2227700507768296,1.4054791563566014e-07,-7.9881047121435556,6.377289604156387,0.6,0.3,10,5
4097,KEL,NKX2-5,R-4097,1.0,1.742801179110011,-0.3034031048549523,4.125183422608341e-13,-2.514821228522655,1.6484635970470247,1.0,0.6666666666666666,3,2
4099,KEL,NKX2-5,R-4099,1.0,1.742801179110011,-0.2865508635668364,8.475126809836496e-12,-2.716171000270734,1.822313758911913,1.0,0.6666666666666666,3,2
565,KEL,ETV1,R-565,1.0,1.4244543181154443,0.5406149382450106,7.737361882484567e-43,2.899173008936123,2.0478304453888727,1.0,0.0769230769230769,13,1
2735,KEL,NFIX,R-2735,1.0,2.0218918595394264,0.4902807396902593,2.0132028589499197e-34,2.999555865342733,2.083315379833821,1.0,0.2,10,2
2736,KEL,NFIX,R-2736,1.0,2.0218918595394264,-0.3083886982657982,1.6232403881075234e-13,-2.6375289716876344,1.748696411470977,1.0,0.2,10,2
2173,KEL,ELK1,R-2173,1.0,1.984174681926359,-0.2442242767707478,7.177805879015491e-09,-2.981327339715813,2.105515616928705,1.0,0.2352941176470588,17,4
2171,KEL,ELK1,R-2171,1.0,1.984174681926359,-0.2356306205970599,2.446376416805216e-08,-3.279062720409564,2.3899422083463877,1.0,0.2352941176470588,17,4
2179,KEL,ELK1,R-2179,1.0,1.984174681926359,-0.1330672756699258,0.0018150108357445,-3.353458801148562,2.448757764630476,1.0,0.2352941176470588,17,4
2177,KEL,ELK1,R-2177,1.0,1.984174681926359,0.6608446664825852,6.105404196637836e-70,2.1331878895790912,1.3168115889566578,1.0,0.2352941176470588,17,4
1475,KEL,ARID5A,R-1475,1.0,1.504283073736142,-0.4599292406175336,5.510160403578237e-30,-3.0023948374830622,2.07986436701012,1.0,0.25,16,4
1470,KEL,ARID5A,R-1470,1.0,1.504283073736142,-0.266830208716276,2.2725505706991784e-10,-4.230766198968938,3.3657698992785043,1.0,0.25,16,4
1479,KEL,ARID5A,R-1479,1.0,1.504283073736142,-0.2137106678266821,4.529518752535191e-07,-2.640164987194567,1.7822646759819447,1.0,0.25,16,4
1471,KEL,ARID5A,R-1471,1.0,1.504283073736142,0.4008575326247031,1.5696748707547786e-22,2.2995760208962928,1.4559580391555274,1.0,0.25,16,4
549,KEL,ZNF281,R-549,-1.0,2.971925715055928,-0.3030137772127923,4.4335336557420054e-13,2.3567517691159527,1.5058935481578093,1.0,0.1428571428571428,21,3
543,KEL,ZNF281,R-543,-1.0,2.971925715055928,-0.2295300544076214,5.679211347543003e-08,2.730377640555456,1.8369527070259224,1.0,0.1428571428571428,21,3
537,KEL,ZNF281,R-537,-1.0,2.971925715055928,-0.252188189984264,2.20901127510452e-09,2.843713467962383,1.9883537975088128,1.0,0.1428571428571428,21,3
167,KEL,SP1,R-167,1.0,1.995608503478724,-0.3547380440853798,1.153285585358627e-17,-2.8544912472382578,2.086185004639139,1.0,0.12,25,3
153,KEL,SP1,R-153,1.0,1.995608503478724,0.7427238622944462,5.379296596284772e-97,2.854606778021067,2.0039206749753444,1.0,0.12,25,3
169,KEL,SP1,R-169,1.0,1.995608503478724,0.5878315095545108,3.8893922463024694e-52,2.555613225221617,1.6823747651610916,1.0,0.12,25,3
19,KEL,KLF15,R-19,1.0,2.134628261159934,0.741466649285008,1.6709036440522025e-96,2.7641994739382305,1.9022426837449455,1.0,0.2222222222222222,9,2
25,KEL,KLF15,R-25,1.0,2.134628261159934,0.5289414144749817,9.27975321344611e-41,2.236262189834072,1.4021033588986411,1.0,0.2222222222222222,9,2
2452,KEL,JDP2,R-2452,1.0,2.008674933272266,-0.4649386629330316,1.0941697642342352e-30,-4.734932543386064,3.870918895815708,1.0,0.125,8,1
1791,KEL,SRF,R-1791,1.0,1.931888521464118,0.5340281157612586,1.1792666011422907e-41,3.854729309009609,2.960170789156652,1.0,0.16,25,4
1794,KEL,SRF,R-1794,1.0,1.931888521464118,-0.3204547757450784,1.5767450055586352e-14,-3.190182390211469,2.2422420744171823,1.0,0.16,25,4
1800,KEL,SRF,R-1800,1.0,1.931888521464118,-0.2046591300851432,1.3873944804850932e-06,-2.418618891906412,1.5601788127783538,1.0,0.16,25,4
1787,KEL,SRF,R-1787,1.0,1.931888521464118,-0.3487119707178688,4.381993688680363e-17,-3.2523903032837094,2.319321809002542,1.0,0.16,25,4
3451,KEL,THRA,R-3451,1.0,1.9489029865504888,0.5574534687479882,5.5272771740467045e-46,2.375549713552277,1.5626670072407856,1.0,0.2222222222222222,9,2
3448,KEL,THRA,R-3448,1.0,1.9489029865504888,0.3845119305093417,1.0229961718487043e-20,2.611769615646231,1.730925036372348,1.0,0.2222222222222222,9,2
2285,KEL,POU3F3,R-2285,1.0,2.033787833912491,-0.4132036913832774,5.717564524133099e-24,-3.4590343435180544,2.507540295583625,1.0,0.32,25,8
2289,KEL,POU3F3,R-2289,1.0,2.033787833912491,-0.4185765594844979,1.2948086214603042e-24,-3.2615990869890186,2.329248320551462,1.0,0.32,25,8
2301,KEL,POU3F3,R-2301,1.0,2.033787833912491,-0.4926716220034784,8.611968775311099e-35,-2.2853949377206138,1.453148112458607,1.0,0.32,25,8
2288,KEL,POU3F3,R-2288,1.0,2.033787833912491,-0.4498961719634533,1.2966829498967315e-28,-3.6166047588590216,2.736364672639584,1.0,0.32,25,8
2300,KEL,POU3F3,R-2300,1.0,2.033787833912491,-0.3605579424378713,3.0912014324637488e-18,-4.163151116661987,3.21574645836706,1.0,0.32,25,8
2298,KEL,POU3F3,R-2298,1.0,2.033787833912491,-0.4353769637400324,1.0442155809859424e-26,-2.569014909298911,1.683011767593583,1.0,0.32,25,8
2297,KEL,POU3F3,R-2297,1.0,2.033787833912491,0.6844450336090202,8.030462866016744e-77,2.1612904654004743,1.354482032591864,1.0,0.32,25,8
2286,KEL,POU3F3,R-2286,1.0,2.033787833912491,-0.4963442061081474,2.3063173332033138e-35,-4.299883599637513,3.4225468341969214,1.0,0.32,25,8
2753,KEL,MSX2,R-2753,-1.0,2.1272606028627346,-0.4599807843712886,5.4200000645810814e-30,2.450152844761046,1.5837429453245853,0.6666666666666666,0.1428571428571428,14,3
2748,KEL,MSX2,R-2748,-1.0,2.1272606028627346,-0.2554062652275864,1.3562656950013504e-09,2.2297561912056367,1.408761046414334,0.6666666666666666,0.1428571428571428,14,3
481,KEL,PATZ1,R-481,1.0,1.7182024084574858,0.5969579067165103,4.08914333840057e-54,2.237511251965774,1.4172886275188092,1.0,0.3333333333333333,6,2
479,KEL,PATZ1,R-479,1.0,1.7182024084574858,0.6943409944117185,6.6218600443365406e-80,2.4577899475510048,1.6148391108806586,1.0,0.3333333333333333,6,2
930,KEL,SMAD4,R-930,-1.0,1.5601788127783538,-0.2713267596839568,1.098634014945796e-10,3.727644902673507,2.8834161273744425,0.6666666666666666,0.25,8,3
925,KEL,SMAD4,R-925,-1.0,1.5601788127783538,-0.2150307158246948,3.831367719867437e-07,2.1451018193777114,1.3112241670664508,0.6666666666666666,0.25,8,3
1436,KEL,TRAF4,R-1436,1.0,2.015257182494333,0.3868541285373642,5.7032386958974404e-21,2.454332010956018,1.6054186708037612,1.0,0.3571428571428571,14,5
1431,KEL,TRAF4,R-1431,1.0,2.015257182494333,-0.2705336604174325,1.25012947776524e-10,-3.8069786138122046,2.917964493302471,1.0,0.3571428571428571,14,5
1435,KEL,TRAF4,R-1435,1.0,2.015257182494333,-0.385534740416711,7.930757175941332e-21,-2.885486318463589,1.9662873228080295,1.0,0.3571428571428571,14,5
1429,KEL,TRAF4,R-1429,1.0,2.015257182494333,-0.2266831968389234,8.346787262481024e-08,-2.4056438693702544,1.53956233312541,1.0,0.3571428571428571,14,5
1430,KEL,TRAF4,R-1430,1.0,2.015257182494333,-0.2417638873756515,1.0245601684109076e-08,-5.277175387744018,4.452669985434753,1.0,0.3571428571428571,14,5
682,KEL,ZNF350,R-682,-1.0,1.3530361635580044,-0.3201702219636805,1.6679169824162323e-14,2.7469832191990893,1.902926260625048,1.0,0.3333333333333333,3,1
3596,KRTAP4-11,SOX9,R-3596,1.0,1.3552088590803075,-0.2585252855472633,8.398811078202096e-10,-3.0516449328602806,2.1981194680984397,1.0,0.0869565217391304,23,2
3603,KRTAP4-11,SOX9,R-3603,1.0,1.3552088590803075,0.5945617453844144,1.3713808411714982e-53,2.261898832559357,1.3986562214716909,1.0,0.0869565217391304,23,2
917,KRTAP4-11,ZNF219,R-917,1.0,1.5782689510366696,-0.2695242680163748,1.4726269711197083e-10,-2.349744103200233,1.46020863656543,1.0,0.0476190476190476,21,1
2586,KRTAP4-11,RUNX2,R-2586,-1.0,1.797917506924632,0.1830298166318128,1.652198215079013e-05,-3.7696830228644274,2.9538089737220825,1.0,0.1,10,1
4417,KRTAP4-11,VBP1,R-4417,1.0,1.4492690926935303,-0.5973778819960379,3.304206913871198e-54,-2.18484244282656,1.3097119867264495,1.0,0.3333333333333333,3,1
4468,KRTAP4-11,AR,R-4468,1.0,1.412511577452004,0.4207641262512556,7.018414812827574e-25,2.197357071388519,1.3195415937792871,1.0,0.5,2,1
4244,KRTAP4-11,POU3F2,R-4244,1.0,2.3770904919136155,0.3135677823824182,6.044728243378789e-14,2.1766275975133627,1.307422149651618,1.0,0.0833333333333333,24,2
4249,KRTAP4-11,POU3F2,R-4249,1.0,2.3770904919136155,0.3874130446609395,4.957542338687208e-21,2.705605260839181,1.7484488849287498,1.0,0.0833333333333333,24,2
3835,KRTAP4-11,NF1,R-3835,-1.0,1.5322738963567355,0.2557813688466619,1.2807388509506972e-09,-3.305240142707085,2.387941877944764,1.0,0.1666666666666666,6,1
6281,LRP2,PRDM1,R-6281,1.0,1.3966600872273371,0.8291368554849516,9.404449239753373e-140,2.3330078453071224,1.4968156554800605,1.0,0.0952380952380952,21,2
6284,LRP2,PRDM1,R-6284,1.0,1.3966600872273371,0.8251767114909135,2.6947591124827595e-137,2.2559283731891417,1.4282773695566355,1.0,0.0952380952380952,21,2
956,MUC16,SMAD3,R-956,-1.0,1.4430209714704374,0.3261438717409572,5.0606719941569955e-15,-2.1801501577118243,1.4678266891951135,1.0,0.125,8,1
2550,MUC16,SOX13,R-2550,-1.0,1.8331776413825205,-0.2571184270166108,1.0433660054480916e-09,2.188591953943513,1.488708576294875,1.0,0.25,4,1
5,MUC17,ETS1,R-5,-1.0,1.369413873566225,0.5605646438590566,1.384739646669329e-46,-3.066827694182844,2.3524842202036016,0.5,0.1052631578947368,19,4
12,MUC17,ETS1,R-12,-1.0,1.369413873566225,0.1032419921316223,0.015710984002294,-2.496697423502697,1.7221759891802997,0.5,0.1052631578947368,19,4
1721,MUC17,ELK4,R-1721,-1.0,2.2697925482678785,0.5048267096065971,1.0339932444830605e-36,-2.820471384565568,2.060198744256365,1.0,0.2,5,1
4394,MUC17,FOXP3,R-4394,-1.0,1.3683845930573642,-0.4453396454757561,5.258869973450623e-28,2.704701502840576,1.90516365961229,0.5,0.0714285714285714,14,2
862,MUC17,MAX,R-862,1.0,1.8799603695974607,0.6150698538840894,3.1047718296488733e-58,2.342843236754892,1.5477684726351728,1.0,0.0769230769230769,13,1
3230,MUC17,KLF12,R-3230,-1.0,2.272589356967204,0.4965995053266033,2.1032226580055528e-35,-2.091678927932238,1.3178161968374873,1.0,0.25,4,1
340,MUC17,RFX3,R-340,-1.0,1.513762602443708,0.3097624162890579,1.251445916591775e-13,-2.7823237307070023,2.016715292489036,1.0,0.125,8,1
735,NF1,MAZ,R-735,-1.0,1.6735688879538944,0.45432900810608,3.253937996537896e-29,-2.7138299859432804,1.9587895781182776,0.5454545454545454,0.3,20,11
737,NF1,MAZ,R-737,-1.0,1.6735688879538944,0.5048095527952478,1.0405988396602545e-36,-2.198612326004405,1.4423939122612215,0.5454545454545454,0.3,20,11
732,NF1,MAZ,R-732,-1.0,1.6735688879538944,0.4130707627551726,5.9295493274571564e-24,-3.261373495929682,2.6401880699625098,0.5454545454545454,0.3,20,11
729,NF1,MAZ,R-729,-1.0,1.6735688879538944,0.2581734975948936,8.868091337908175e-10,-3.958037921564546,3.4040758218110474,0.5454545454545454,0.3,20,11
736,NF1,MAZ,R-736,-1.0,1.6735688879538944,-0.2741075561969889,6.96143229040663e-11,2.4115862932769336,1.6436014697453716,0.5454545454545454,0.3,20,11
730,NF1,MAZ,R-730,-1.0,1.6735688879538944,-0.3037919192591659,3.838230004662486e-13,3.715388548376042,3.0558192058660785,0.5454545454545454,0.3,20,11
4193,NF1,TEAD4,R-4193,1.0,1.8796727334776409,0.3404288968214293,2.620465849853584e-16,4.672174207659131,4.246769691076557,1.0,0.6666666666666666,3,2
4194,NF1,TEAD4,R-4194,1.0,1.8796727334776409,0.3213835897885591,1.3118806974900084e-14,3.52361506766006,2.849974440779754,1.0,0.6666666666666666,3,2
1597,NF1,ZNF217,R-1597,1.0,2.788893676644946,0.2372613241920277,1.9455092883805117e-08,2.4661247731424343,1.695678684574805,1.0,0.5,2,1
1352,NF1,XBP1,R-1352,1.0,2.445203971225425,-0.1684040015549643,7.560220886806831e-05,-2.7434490111172725,1.978408950881238,1.0,0.2727272727272727,11,3
1351,NF1,XBP1,R-1351,1.0,2.445203971225425,0.3130379008626649,6.693551431309122e-14,2.4856358235163456,1.72129778533141,1.0,0.2727272727272727,11,3
1348,NF1,XBP1,R-1348,1.0,2.445203971225425,0.2470927636528992,4.717272701674023e-09,3.920963443333133,3.3116779584221736,1.0,0.2727272727272727,11,3
2104,NF1,STAT5A,R-2104,1.0,1.728003387885486,0.3401240334812972,2.7959228021756474e-16,2.3268185153815963,1.564651111695311,1.0,0.6956521739130435,23,16
2108,NF1,STAT5A,R-2108,1.0,1.728003387885486,0.3599466027240616,3.5542403114694145e-18,3.6532185174868297,2.987950452967832,1.0,0.6956521739130435,23,16
2120,NF1,STAT5A,R-2120,1.0,1.728003387885486,0.3151774432215857,4.4291510972712095e-14,3.5598091096048914,2.9250909613529004,1.0,0.6956521739130435,23,16
2124,NF1,STAT5A,R-2124,1.0,1.728003387885486,0.3354716781370459,7.450997730040406e-16,2.2274909734045933,1.472552813699049,1.0,0.6956521739130435,23,16
2106,NF1,STAT5A,R-2106,1.0,1.728003387885486,0.3949514836169314,7.2943916248401e-22,2.719894542512652,1.9705174030098416,1.0,0.6956521739130435,23,16
2118,NF1,STAT5A,R-2118,1.0,1.728003387885486,-0.3010918477431241,6.318457610338924e-13,-2.7135923891490856,1.9505626569568957,1.0,0.6956521739130435,23,16
2102,NF1,STAT5A,R-2102,1.0,1.728003387885486,0.3659182728692596,8.973834217981099e-19,2.139903360933767,1.3837789358475494,1.0,0.6956521739130435,23,16
2105,NF1,STAT5A,R-2105,1.0,1.728003387885486,0.31043468467907,1.1013141748833889e-13,4.944741583438976,4.656434446671125,1.0,0.6956521739130435,23,16
2112,NF1,STAT5A,R-2112,1.0,1.728003387885486,0.4073144325883219,2.824428170952484e-23,2.7547214554241406,2.003046010743463,1.0,0.6956521739130435,23,16
2110,NF1,STAT5A,R-2110,1.0,1.728003387885486,0.4984881476494654,1.0608981732809372e-35,4.018656977129941,3.467317329528497,1.0,0.6956521739130435,23,16
2107,NF1,STAT5A,R-2107,1.0,1.728003387885486,-0.4778084710362962,1.5178122027621022e-32,-3.4874650805755367,2.7779728153936603,1.0,0.6956521739130435,23,16
2121,NF1,STAT5A,R-2121,1.0,1.728003387885486,0.3488777465745399,4.225612764350943e-17,3.70829536105608,3.07496000337125,1.0,0.6956521739130435,23,16
2123,NF1,STAT5A,R-2123,1.0,1.728003387885486,0.4608769711453226,4.066564542052104e-30,2.297958885786182,1.532338603542764,1.0,0.6956521739130435,23,16
2114,NF1,STAT5A,R-2114,1.0,1.728003387885486,0.3752210039256836,9.919572303271629e-20,3.790346002500149,3.1580351194297744,1.0,0.6956521739130435,23,16
2116,NF1,STAT5A,R-2116,1.0,1.728003387885486,0.6696741188327677,1.9306767550013e-72,2.4484135171288828,1.6786018291010396,1.0,0.6956521739130435,23,16
2113,NF1,STAT5A,R-2113,1.0,1.728003387885486,0.1781897628386105,2.770368330014283e-05,4.030035671434884,3.5846757164462826,1.0,0.6956521739130435,23,16
1552,NF1,RUNX1,R-1552,1.0,1.6993075177475223,0.5268988007682144,2.104001030187581e-40,3.710389117800843,3.049101611416657,1.0,0.6,15,9
1554,NF1,RUNX1,R-1554,1.0,1.6993075177475223,0.3051067615580085,3.0053585288221333e-13,2.956861667932072,2.206706180364561,1.0,0.6,15,9
1557,NF1,RUNX1,R-1557,1.0,1.6993075177475223,0.4797111907428296,7.939425845355351e-33,2.902380966899912,2.138342322646478,1.0,0.6,15,9
1558,NF1,RUNX1,R-1558,1.0,1.6993075177475223,0.2619677924125541,4.912391110733795e-10,2.6606596430509555,1.912065762518019,1.0,0.6,15,9
1556,NF1,RUNX1,R-1556,1.0,1.6993075177475223,0.4770084063976429,1.9908022174309382e-32,3.3872443877217315,2.699698305628949,1.0,0.6,15,9
1548,NF1,RUNX1,R-1548,1.0,1.6993075177475223,0.3158057931073316,3.9208216563726974e-14,2.8084592205191137,2.0558528944444485,1.0,0.6,15,9
1555,NF1,RUNX1,R-1555,1.0,1.6993075177475223,0.3430478034222412,1.4972826621393472e-16,2.377682577949467,1.6132203437796844,1.0,0.6,15,9
1551,NF1,RUNX1,R-1551,1.0,1.6993075177475223,0.3234825130300116,8.637556227341412e-15,3.547461970592564,2.926422779383304,1.0,0.6,15,9
1547,NF1,RUNX1,R-1547,1.0,1.6993075177475223,0.3524164488949179,1.9353562811735602e-17,3.9574620724761234,3.359338850815555,1.0,0.6,15,9
4337,NF1,SOX11,R-4337,-1.0,2.809119512989479,0.2978680535626851,1.137999236504925e-12,-2.5111570567368062,1.7458246468706482,1.0,0.4444444444444444,18,8
4344,NF1,SOX11,R-4344,-1.0,2.809119512989479,-0.3952422695733921,6.767892611352793e-22,2.5117405378595814,1.7473715193414117,1.0,0.4444444444444444,18,8
4338,NF1,SOX11,R-4338,-1.0,2.809119512989479,-0.3631279447943668,1.7133881404822121e-18,3.266349346764148,2.597051546718179,1.0,0.4444444444444444,18,8
4349,NF1,SOX11,R-4349,-1.0,2.809119512989479,-0.1512394183166411,0.0003859074173851,3.05539830999052,2.3243294885994925,1.0,0.4444444444444444,18,8
4342,NF1,SOX11,R-4342,-1.0,2.809119512989479,-0.2066489536031429,1.0893516373465429e-06,2.3963655337656498,1.6331761137254908,1.0,0.4444444444444444,18,8
4348,NF1,SOX11,R-4348,-1.0,2.809119512989479,-0.3991562954719654,2.451135173729848e-22,4.160158713962438,3.5403917840325683,1.0,0.4444444444444444,18,8
4336,NF1,SOX11,R-4336,-1.0,2.809119512989479,-0.4091687612884853,1.7139051055688192e-23,5.370848783588938,5.276487764530992,1.0,0.4444444444444444,18,8
4347,NF1,SOX11,R-4347,-1.0,2.809119512989479,-0.3393275615082683,3.310650497274802e-16,4.616729292788922,4.266846696977836,1.0,0.4444444444444444,18,8
4321,NF1,SIX6,R-4321,-1.0,1.4542622844777455,-0.4051852283080348,4.992999461614064e-23,2.372510999236859,1.6073563047260937,1.0,0.75,4,3
4319,NF1,SIX6,R-4319,-1.0,1.4542622844777455,-0.3348763954389863,8.436540045191698e-16,3.535239278143947,2.8857020021225326,1.0,0.75,4,3
4320,NF1,SIX6,R-4320,-1.0,1.4542622844777455,-0.4670927959135701,5.414890549493407e-31,4.127593325307883,3.667215684269765,1.0,0.75,4,3
2403,NF1,PRDM4,R-2403,1.0,3.0133692107490937,0.3838694299202178,1.1998461111182332e-20,5.247063872141109,5.288265355570527,1.0,1.0,2,2
2404,NF1,PRDM4,R-2404,1.0,3.0133692107490937,0.4595546502364046,6.2115263624641725e-30,4.265368960606473,3.912366511444533,1.0,1.0,2,2
2495,NF1,HOXB9,R-2495,1.0,1.926746810035225,0.330105848727661,2.2609913400626504e-15,4.233097766169685,3.7213696756784698,0.6666666666666666,0.2857142857142857,14,6
2497,NF1,HOXB9,R-2497,1.0,1.926746810035225,0.4106002552405625,1.163001815168688e-23,2.920301461429041,2.183744853019868,0.6666666666666666,0.2857142857142857,14,6
2496,NF1,HOXB9,R-2496,1.0,1.926746810035225,0.3356771932747058,7.137753765775771e-16,3.3499510655495794,2.679515054078573,0.6666666666666666,0.2857142857142857,14,6
2492,NF1,HOXB9,R-2492,1.0,1.926746810035225,0.5199318156056303,3.2930228097882466e-39,2.156897578675291,1.413799850196055,0.6666666666666666,0.2857142857142857,14,6
2666,NF1,MSX1,R-2666,-1.0,4.057444391297199,-0.145244139225911,0.0006561184339448,2.8479838424986563,2.09098579147223,0.8333333333333334,0.3571428571428571,14,6
2664,NF1,MSX1,R-2664,-1.0,4.057444391297199,-0.1800669672872397,2.2707694952966502e-05,3.795864904975148,3.188159449923326,0.8333333333333334,0.3571428571428571,14,6
2669,NF1,MSX1,R-2669,-1.0,4.057444391297199,0.1157237190277396,0.0067391448347076,-2.071347881834162,1.3229473736829376,0.8333333333333334,0.3571428571428571,14,6
2668,NF1,MSX1,R-2668,-1.0,4.057444391297199,-0.1104829730378509,0.0097100013055844,3.7616420327556654,3.175658737317632,0.8333333333333334,0.3571428571428571,14,6
2672,NF1,MSX1,R-2672,-1.0,4.057444391297199,-0.2092560557311888,7.906573829606244e-07,3.8699642973544304,3.208883028692106,0.8333333333333334,0.3571428571428571,14,6
1592,NF1,MAFB,R-1592,1.0,1.3168597395960375,0.3339185467916835,1.0297401593094616e-15,2.2350488139820284,1.4799731781234602,1.0,0.5,12,6
1594,NF1,MAFB,R-1594,1.0,1.3168597395960375,0.7038389025271689,5.507083338051104e-83,2.371189279256664,1.59839171317456,1.0,0.5,12,6
1587,NF1,MAFB,R-1587,1.0,1.3168597395960375,0.4206132342950287,7.3222970621756805e-25,3.1688689295603205,2.459711846601626,1.0,0.5,12,6
1586,NF1,MAFB,R-1586,1.0,1.3168597395960375,0.3184321049985122,2.3481834821815004e-14,3.863566949483885,3.2472586399922534,1.0,0.5,12,6
1591,NF1,MAFB,R-1591,1.0,1.3168597395960375,0.3740410698870245,1.3168468174004717e-19,4.1326067117922864,3.6179678383099296,1.0,0.5,12,6
1590,NF1,MAFB,R-1590,1.0,1.3168597395960375,0.5685828869751793,3.6510817125216576e-48,3.8283668872839662,3.1958336756153534,1.0,0.5,12,6
2238,NF1,ELF4,R-2238,1.0,2.437156475195364,-0.0098430239745175,0.8183343059218573,-2.2540700685545825,1.4965473629319874,1.0,0.4285714285714285,14,6
2237,NF1,ELF4,R-2237,1.0,2.437156475195364,0.3043146887673769,3.483029860802573e-13,3.3571377712671717,2.670946390950624,1.0,0.4285714285714285,14,6
2231,NF1,ELF4,R-2231,1.0,2.437156475195364,-0.4125605309167939,6.81778487321427e-24,-4.207004849951353,3.6888926285297288,1.0,0.4285714285714285,14,6
2225,NF1,ELF4,R-2225,1.0,2.437156475195364,0.3412808718123707,2.1855188711667087e-16,4.481791728574007,4.087769218424411,1.0,0.4285714285714285,14,6
2229,NF1,ELF4,R-2229,1.0,2.437156475195364,-0.1802444009772636,2.228251413689608e-05,-2.286126132172466,1.5336930801451107,1.0,0.4285714285714285,14,6
2228,NF1,ELF4,R-2228,1.0,2.437156475195364,0.4356416478809357,9.65741964518279e-27,3.526366460762128,2.850620860732276,1.0,0.4285714285714285,14,6
3855,NF1,FOSL1,R-3855,1.0,1.900366951451612,0.5686805488243991,3.4907801300368616e-48,2.5000111154396985,1.7276513545108865,1.0,0.6153846153846154,13,8
3847,NF1,FOSL1,R-3847,1.0,1.900366951451612,0.3626571589581503,1.909741484170729e-18,2.576071524711948,1.809498647410752,1.0,0.6153846153846154,13,8
3848,NF1,FOSL1,R-3848,1.0,1.900366951451612,0.4968303890827542,1.934866389532929e-35,4.388098129766157,3.960462835509967,1.0,0.6153846153846154,13,8
3851,NF1,FOSL1,R-3851,1.0,1.900366951451612,0.1812514471477094,2.000894262571952e-05,3.350197481037955,2.6696257745098477,1.0,0.6153846153846154,13,8
3853,NF1,FOSL1,R-3853,1.0,1.900366951451612,0.5340103723922561,1.1878556965303898e-41,3.5442201564481177,2.8789166449335517,1.0,0.6153846153846154,13,8
3849,NF1,FOSL1,R-3849,1.0,1.900366951451612,0.3313830046973002,1.7394529214684036e-15,2.2791974737252363,1.5111599706277692,1.0,0.6153846153846154,13,8
3846,NF1,FOSL1,R-3846,1.0,1.900366951451612,0.3344835484509085,9.15595414614536e-16,4.971831945152127,4.692250332842143,1.0,0.6153846153846154,13,8
3854,NF1,FOSL1,R-3854,1.0,1.900366951451612,0.6048356692747463,7.117092287441557e-56,3.629466067781867,2.964532822908812,1.0,0.6153846153846154,13,8
4240,NF1,SNAI2,R-4240,1.0,3.0622878548469874,0.2183655160409587,2.498290301619773e-07,2.9963233520617614,2.2773880753935374,1.0,1.0,1,1
2423,NF1,HOXC11,R-2423,-1.0,3.1274272199066124,-0.2873204272075353,7.414374966257893e-12,3.555483935493621,2.8922655394722336,0.75,0.5,6,4
2427,NF1,HOXC11,R-2427,-1.0,3.1274272199066124,-0.3280759193301393,3.4214822668818207e-15,6.7059358346697815,7.03890833074557,0.75,0.5,6,4
2424,NF1,HOXC11,R-2424,-1.0,3.1274272199066124,0.1781513433123409,2.7816076220583416e-05,-3.3811505567037345,2.695012967285846,0.75,0.5,6,4
3804,NF1,PLAGL1,R-3804,1.0,2.305434654441374,-0.5349145510143121,8.201998353641174e-42,-2.9898490138181466,2.2825463808740003,1.0,0.5,4,2
3806,NF1,PLAGL1,R-3806,1.0,2.305434654441374,0.1235828583804937,0.0037933713692396,4.5424020223095605,4.232400922429762,1.0,0.5,4,2
3778,NF1,SOX21,R-3778,-1.0,1.4394864770461364,-0.3903827127382284,2.3440285472553437e-21,2.773141740457327,2.024239617215724,0.7777777777777778,0.5,14,9
3781,NF1,SOX21,R-3781,-1.0,1.4394864770461364,-0.2850808034490762,1.0929119411284535e-11,3.509103545951143,2.855589459979773,0.7777777777777778,0.5,14,9
3782,NF1,SOX21,R-3782,-1.0,1.4394864770461364,-0.2407969470847277,1.177107722488838e-08,4.789356552856884,4.50763198364243,0.7777777777777778,0.5,14,9
3775,NF1,SOX21,R-3775,-1.0,1.4394864770461364,-0.355016732290248,1.0834867412505419e-17,2.576348733518111,1.813793179437448,0.7777777777777778,0.5,14,9
3779,NF1,SOX21,R-3779,-1.0,1.4394864770461364,-0.3358525006932377,6.880806479955559e-16,2.882288657281203,2.1429287280460514,0.7777777777777778,0.5,14,9
3776,NF1,SOX21,R-3776,-1.0,1.4394864770461364,-0.0066890301547822,0.87596435670329,4.015993479628808,3.440468796744657,0.7777777777777778,0.5,14,9
3774,NF1,SOX21,R-3774,-1.0,1.4394864770461364,-0.4148088064006343,3.679071502156262e-24,4.262800003107148,3.771235898101828,0.7777777777777778,0.5,14,9
59,NF1,CTF1,R-59,-1.0,1.3498154770029458,-0.0112425505345079,0.793053228633369,3.0438670298982147,2.2977935128321048,1.0,0.3333333333333333,3,1
4334,NF1,NR4A1,R-4334,1.0,1.6126235239080615,0.1275030431344233,0.0028133829242839,3.291824660741699,2.5843155573369674,1.0,0.5,2,1
2767,NF1,FOS,R-2767,1.0,1.558091661750466,0.3965366556740874,4.844338377672597e-22,2.8263460586567275,2.068758864132225,1.0,0.5,6,3
2771,NF1,FOS,R-2771,1.0,1.558091661750466,0.3557895219980381,9.109598282502805e-18,2.3622262427992524,1.593189525375596,1.0,0.5,6,3
2766,NF1,FOS,R-2766,1.0,1.558091661750466,-0.1222663297283988,0.004186205473483,-4.523886471112131,4.096861013014654,1.0,0.5,6,3
4496,NF1,HOXB3,R-4496,1.0,3.63704946444735,-0.23708462369907,1.9945690607278957e-08,-2.2125031032235385,1.4466314552949056,1.0,0.25,4,1
1893,NF1,MEF2A,R-1893,1.0,1.8506411977835169,0.4384894586058198,4.1487032498601566e-27,4.231967282119244,3.730058361688159,1.0,0.2857142857142857,21,6
1897,NF1,MEF2A,R-1897,1.0,1.8506411977835169,0.3603589527541007,3.2349917017455197e-18,3.7406785453018463,3.1207568950567524,1.0,0.2857142857142857,21,6
1900,NF1,MEF2A,R-1900,1.0,1.8506411977835169,0.5450469678708645,1.1960462123052317e-43,2.294878185979113,1.5335833525305345,1.0,0.2857142857142857,21,6
1888,NF1,MEF2A,R-1888,1.0,1.8506411977835169,0.3944386855888209,8.323130708959352e-22,3.102488162960111,2.375116575794063,1.0,0.2857142857142857,21,6
1902,NF1,MEF2A,R-1902,1.0,1.8506411977835169,0.5520529591173714,5.902939005588481e-45,3.0536591585119086,2.3109772094990237,1.0,0.2857142857142857,21,6
1892,NF1,MEF2A,R-1892,1.0,1.8506411977835169,0.2947955912567129,1.9802414818925197e-12,2.5759297674011963,1.819742561748182,1.0,0.2857142857142857,21,6
1310,NF1,FOXJ1,R-1310,-1.0,1.8327362009761243,-0.3059613027386816,2.5619149953310133e-13,2.8613753926472745,2.1115884836115195,0.5555555555555556,0.2272727272727272,22,9
1308,NF1,FOXJ1,R-1308,-1.0,1.8327362009761243,-0.2349487473254803,2.690970555217002e-08,3.441726291590716,2.771913388899528,0.5555555555555556,0.2272727272727272,22,9
1298,NF1,FOXJ1,R-1298,-1.0,1.8327362009761243,-0.4416458719758735,1.6110890409533034e-27,2.0596447284112225,1.3160391545923995,0.5555555555555556,0.2272727272727272,22,9
1307,NF1,FOXJ1,R-1307,-1.0,1.8327362009761243,-0.1298811678186903,0.0023375227203475,4.517700712977218,4.105716292643749,0.5555555555555556,0.2272727272727272,22,9
1297,NF1,FOXJ1,R-1297,-1.0,1.8327362009761243,0.6766337720246898,1.792507319848185e-74,-2.065147644174544,1.32300658155158,0.5555555555555556,0.2272727272727272,22,9
523,NF1,HIC1,R-523,1.0,1.692594088117186,-0.1279945784476135,0.0027083416555771,-2.534845386961797,1.7729339318901751,1.0,0.5,6,3
524,NF1,HIC1,R-524,1.0,1.692594088117186,0.1535556611685196,0.000312696079789,2.74519095336633,1.9914841642415144,1.0,0.5,6,3
520,NF1,HIC1,R-520,1.0,1.692594088117186,-0.3526098662809854,1.853963559976473e-17,-2.4770150886711617,1.712856749122304,1.0,0.5,6,3
403,NF1,ETS2,R-403,1.0,2.1325269092224004,0.2369152551767745,2.0427161680660572e-08,4.005992570056586,3.49574866955618,1.0,0.3333333333333333,3,1
187,NF1,TFAP2B,R-187,-1.0,3.5914532306085105,-0.3483744801082902,4.7181560958019954e-17,2.680351391842449,1.925212416644664,0.8333333333333334,0.2272727272727272,22,6
190,NF1,TFAP2B,R-190,-1.0,3.5914532306085105,-0.2583866379820422,8.580807723078021e-10,3.622260415736673,2.9616072986933557,0.8333333333333334,0.2272727272727272,22,6
184,NF1,TFAP2B,R-184,-1.0,3.5914532306085105,-0.4619177443808142,2.909789523374064e-30,2.550615983966631,1.7867023866387772,0.8333333333333334,0.2272727272727272,22,6
195,NF1,TFAP2B,R-195,-1.0,3.5914532306085105,-0.4679536425890127,4.082227487624981e-31,2.856729291868006,2.1085353466167422,0.8333333333333334,0.2272727272727272,22,6
183,NF1,TFAP2B,R-183,-1.0,3.5914532306085105,-0.2603557120230681,6.321052786094598e-10,3.8578341764113024,3.2434380897158905,0.8333333333333334,0.2272727272727272,22,6
2609,NF1,RARG,R-2609,1.0,1.9798781898314717,-0.2982779840424057,1.0563944334194753e-12,-3.75184758813876,3.193973559042848,0.6666666666666666,0.2,10,3
2608,NF1,RARG,R-2608,1.0,1.9798781898314717,0.1695656789866746,6.730049641476658e-05,2.0986021334755565,1.3577194786920634,0.6666666666666666,0.2,10,3
3261,NF1,REST,R-3261,1.0,3.858431119330688,-0.272306604243246,9.360270977108169e-11,-2.919322115891206,2.1740821576085843,0.4,0.1428571428571428,14,5
3259,NF1,REST,R-3259,1.0,3.858431119330688,-0.2030501291233353,1.6841334552732251e-06,-2.83466971018886,2.102100124812006,0.4,0.1428571428571428,14,5
672,NF1,EGR1,R-672,1.0,1.580264474960333,0.4590160436715634,7.377394241857135e-30,3.1496194093439853,2.430522583211448,0.7,0.28,25,10
651,NF1,EGR1,R-651,1.0,1.580264474960333,0.4185587427957888,1.301259010745706e-24,4.707633017803438,4.404603816020486,0.7,0.28,25,10
659,NF1,EGR1,R-659,1.0,1.580264474960333,0.4840017866546108,1.81406259380842e-33,2.641323160532497,1.8947186087858767,0.7,0.28,25,10
662,NF1,EGR1,R-662,1.0,1.580264474960333,0.4988938989059086,9.153330566892249e-36,4.046161554691884,3.4425837455666133,0.7,0.28,25,10
653,NF1,EGR1,R-653,1.0,1.580264474960333,0.4826449321638741,2.8999250748078347e-33,2.077056781078223,1.334601776769588,0.7,0.28,25,10
661,NF1,EGR1,R-661,1.0,1.580264474960333,0.5903067095303446,1.1470245567189798e-52,2.2619144711438217,1.5161506879002848,0.7,0.28,25,10
656,NF1,EGR1,R-656,1.0,1.580264474960333,0.3952562736373568,6.743506028334897e-22,2.4623472449874604,1.699809720519734,0.7,0.28,25,10
1455,NF1,IRF1,R-1455,1.0,2.2651062060048903,0.2011267332595345,2.1189415950034783e-06,4.927205469630395,4.797294647554103,0.8333333333333334,0.5,20,12
1452,NF1,IRF1,R-1452,1.0,2.2651062060048903,0.4459957835303115,4.304247538799081e-28,2.1530457523313027,1.401854718042428,0.8333333333333334,0.5,20,12
1454,NF1,IRF1,R-1454,1.0,2.2651062060048903,0.4573440610817676,1.2559181557446132e-29,3.868289897448979,3.246716831434931,0.8333333333333334,0.5,20,12
1450,NF1,IRF1,R-1450,1.0,2.2651062060048903,0.4488469669617001,1.793340354331441e-28,4.757100508473273,4.412640577369568,0.8333333333333334,0.5,20,12
1446,NF1,IRF1,R-1446,1.0,2.2651062060048903,0.312643147562215,7.220824651738957e-14,4.57614635663512,4.127470338338704,0.8333333333333334,0.5,20,12
1449,NF1,IRF1,R-1449,1.0,2.2651062060048903,0.3303557956075336,2.148091233685393e-15,4.503262916554792,4.070992404153828,0.8333333333333334,0.5,20,12
1456,NF1,IRF1,R-1456,1.0,2.2651062060048903,0.3414332301627301,2.1155966985275336e-16,3.6686855332358768,3.051420029277431,0.8333333333333334,0.5,20,12
1451,NF1,IRF1,R-1451,1.0,2.2651062060048903,-0.1925322705690738,5.756313090136799e-06,-2.092912709550392,1.348456796434982,0.8333333333333334,0.5,20,12
1457,NF1,IRF1,R-1457,1.0,2.2651062060048903,0.2753266429589838,5.690054519054729e-11,3.241076959480342,2.5104245694640395,0.8333333333333334,0.5,20,12
1447,NF1,IRF1,R-1447,1.0,2.2651062060048903,0.3614311068240263,2.531154390447157e-18,2.4700918566182906,1.701130009993923,0.8333333333333334,0.5,20,12
1524,NF1,RUNX3,R-1524,1.0,2.467785625864195,0.3370865446753834,5.312142275475893e-16,3.200154048832068,2.472417988612269,1.0,0.2222222222222222,9,2
1525,NF1,RUNX3,R-1525,1.0,2.467785625864195,0.2092768785278693,7.886231931624023e-07,3.907906221488629,3.2427168677747598,1.0,0.2222222222222222,9,2
1252,NF1,FOXF2,R-1252,1.0,1.7801692050764204,-0.2801829737270562,2.5228553959084948e-11,-4.424626031031703,4.075187409010089,1.0,0.4,5,2
1254,NF1,FOXF2,R-1254,1.0,1.7801692050764204,0.2251198740543407,1.0290180639032005e-07,3.5843644609933523,2.965366914021269,1.0,0.4,5,2
2361,NF1,ETV3,R-2361,1.0,1.764218444283188,0.3147703722104234,4.792395426922229e-14,3.556639867739743,2.9157106080771515,1.0,0.6666666666666666,3,2
2359,NF1,ETV3,R-2359,1.0,1.764218444283188,0.4471361249273951,3.035652677144672e-28,3.963540973435496,3.426865223908832,1.0,0.6666666666666666,3,2
4433,NF1,PEG10,R-4433,1.0,2.6038552903540624,0.3452110280464007,9.392555222286799e-17,2.4217903704956583,1.6753899582718284,1.0,1.0,1,1
2586,NF1,RUNX2,R-2586,1.0,2.7517413984607573,0.1830298166318128,1.652198215079013e-05,2.146964560842189,1.3947965488658896,1.0,0.4,10,4
2589,NF1,RUNX2,R-2589,1.0,2.7517413984607573,-0.2347812851155569,2.7545678637963306e-08,-2.4540524559205235,1.6969708814640208,1.0,0.4,10,4
2594,NF1,RUNX2,R-2594,1.0,2.7517413984607573,-0.2931009528775711,2.6802801181800146e-12,-2.6546961977355585,1.9324060376704435,1.0,0.4,10,4
2592,NF1,RUNX2,R-2592,1.0,2.7517413984607573,-0.3294767656448489,2.571574944214154e-15,-2.752212239363932,2.023337167062132,1.0,0.4,10,4
3904,NF1,PKNOX2,R-3904,-1.0,2.0783820077601804,-0.2801042283621447,2.5566739397613988e-11,3.334850578598412,2.622826218336668,1.0,0.3333333333333333,3,1
4082,NF1,NFATC4,R-4082,1.0,1.481076168036535,0.2141598243494451,4.279249518674387e-07,4.173934733664274,3.7025143036887234,1.0,0.5,6,3
4085,NF1,NFATC4,R-4085,1.0,1.481076168036535,0.3437878925408782,1.2770108101113515e-16,4.908460315223218,4.767147466497498,1.0,0.5,6,3
4081,NF1,NFATC4,R-4081,1.0,1.481076168036535,0.3223180494494496,1.0895880985967736e-14,4.553096803967695,4.106832222779913,1.0,0.5,6,3
3240,NF1,SATB1,R-3240,-1.0,2.819729726384674,-0.6935815488905335,1.1536456972613896e-79,3.1502338464178274,2.462913059277741,1.0,0.4117647058823529,17,7
3243,NF1,SATB1,R-3243,-1.0,2.819729726384674,-0.2511603210171378,2.5778069533692233e-09,2.2453325377152544,1.4898551275424412,1.0,0.4117647058823529,17,7
3237,NF1,SATB1,R-3237,-1.0,2.819729726384674,-0.5079838561737171,3.1835469878491297e-37,2.418050055083319,1.6512784849824913,1.0,0.4117647058823529,17,7
3232,NF1,SATB1,R-3232,-1.0,2.819729726384674,-0.6079840174770718,1.3657020713971226e-56,3.3924313418747234,2.714839948942902,1.0,0.4117647058823529,17,7
3241,NF1,SATB1,R-3241,-1.0,2.819729726384674,-0.2294027713969265,5.778454926935571e-08,4.095376285385664,3.5531797997323538,1.0,0.4117647058823529,17,7
3233,NF1,SATB1,R-3233,-1.0,2.819729726384674,-0.2548688317780512,1.4720701614997967e-09,2.9622886772485133,2.223549865268613,1.0,0.4117647058823529,17,7
3238,NF1,SATB1,R-3238,-1.0,2.819729726384674,-0.3590644933336988,4.344952367417145e-18,3.658142715712716,3.0021748739185954,1.0,0.4117647058823529,17,7
3894,NF1,HOXC6,R-3894,-1.0,3.1274272199066124,0.2540389993385096,1.6699822735579495e-09,-2.156284063049378,1.402377192833605,1.0,0.6,5,3
3891,NF1,HOXC6,R-3891,-1.0,3.1274272199066124,-0.3249560924936897,6.4285877590005805e-15,2.579802062856305,1.8157616097413705,1.0,0.6,5,3
3893,NF1,HOXC6,R-3893,-1.0,3.1274272199066124,-0.1027509700563784,0.0162162707514155,4.6741075385607616,4.256665680861291,1.0,0.6,5,3
2903,NF1,PRRX1,R-2903,1.0,4.987151629380942,0.4150630791431975,3.43013529645417e-24,3.626630738712037,2.983053220757405,1.0,0.7142857142857143,7,5
2906,NF1,PRRX1,R-2906,1.0,4.987151629380942,0.4207191812710967,7.107602690059696e-25,2.1821320955759305,1.438446677979104,1.0,0.7142857142857143,7,5
2907,NF1,PRRX1,R-2907,1.0,4.987151629380942,0.5592421763107253,2.498458324199284e-46,2.289310177131137,1.525691911354814,1.0,0.7142857142857143,7,5
2904,NF1,PRRX1,R-2904,1.0,4.987151629380942,0.4125331093465175,6.869076499758708e-24,5.255144598581444,4.980309890079137,1.0,0.7142857142857143,7,5
2908,NF1,PRRX1,R-2908,1.0,4.987151629380942,0.4413714363139894,1.7498761689197376e-27,2.438723849915845,1.6794997206421944,1.0,0.7142857142857143,7,5
3994,NF1,VAX2,R-3994,-1.0,2.3635925473390067,-0.4321956216697272,2.656229732262152e-26,3.744745573119261,3.116388397635442,1.0,1.0,5,5
3993,NF1,VAX2,R-3993,-1.0,2.3635925473390067,-0.3130484589004185,6.67998030290915e-14,3.303166890964008,2.595750022836659,1.0,1.0,5,5
3997,NF1,VAX2,R-3997,-1.0,2.3635925473390067,-0.2715041200542741,1.0672888217601886e-10,2.476491695811717,1.714939592744962,1.0,1.0,5,5
3996,NF1,VAX2,R-3996,-1.0,2.3635925473390067,-0.4604328003626098,4.689359593386941e-30,4.386486621495736,3.897329636829943,1.0,1.0,5,5
3995,NF1,VAX2,R-3995,-1.0,2.3635925473390067,-0.281243836562162,2.1076801274332817e-11,4.234151807576403,3.712526587270988,1.0,1.0,5,5
1938,NF1,SOX4,R-1938,-1.0,1.9787260330821608,-0.4393831525098288,3.1771600439730147e-27,4.616729292788922,4.266846696977836,0.8571428571428571,0.375,16,7
1930,NF1,SOX4,R-1930,-1.0,1.9787260330821608,-0.1823744117743236,1.773386799313909e-05,3.258836302878225,2.5878725293650144,0.8571428571428571,0.375,16,7
1932,NF1,SOX4,R-1932,-1.0,1.9787260330821608,-0.3332560299226521,1.1814735877753564e-15,4.599078478630829,4.190075169052268,0.8571428571428571,0.375,16,7
1939,NF1,SOX4,R-1939,-1.0,1.9787260330821608,-0.2590809756037474,7.70633094850062e-10,4.160158713962438,3.5403917840325683,0.8571428571428571,0.375,16,7
1928,NF1,SOX4,R-1928,-1.0,1.9787260330821608,-0.2553330188406716,1.371510896381986e-09,5.253782503567979,5.092032596574599,0.8571428571428571,0.375,16,7
1937,NF1,SOX4,R-1937,-1.0,1.9787260330821608,-0.2130164768443901,4.944224745541487e-07,2.517201569127336,1.755042003983895,0.8571428571428571,0.375,16,7
3131,NF1,SOX17,R-3131,1.0,2.240198308248279,-0.2557378169409287,1.2892936362403244e-09,-3.652307415048655,2.9867586116192224,0.3333333333333333,0.1176470588235294,17,6
3127,NF1,SOX17,R-3127,1.0,2.240198308248279,-0.328387821362107,3.2111261328308338e-15,-2.919041376868995,2.189769396399736,0.3333333333333333,0.1176470588235294,17,6
4007,NF1,DLX6,R-4007,-1.0,1.9324060376704435,-0.3453598670508423,9.094764101361155e-17,2.5517568754099416,1.7993160484157824,1.0,0.75,4,3
4006,NF1,DLX6,R-4006,-1.0,1.9324060376704435,-0.3630560914818777,1.7420165571826898e-18,4.202559930589943,3.622836488275016,1.0,0.75,4,3
4005,NF1,DLX6,R-4005,-1.0,1.9324060376704435,-0.1799555213331751,2.2978675534088387e-05,3.1027512788078164,2.3814755687617364,1.0,0.75,4,3
619,NF1,TFAP2C,R-619,1.0,2.3610957359965714,0.5547590428493562,1.811463287881552e-45,3.8826799485712233,3.287580673484901,1.0,0.3333333333333333,12,4
617,NF1,TFAP2C,R-617,1.0,2.3610957359965714,0.1322157405972241,0.0019430198296444,3.702122651138813,3.064947218771613,1.0,0.3333333333333333,12,4
623,NF1,TFAP2C,R-623,1.0,2.3610957359965714,0.0819454035069402,0.0554441044131149,3.706735801137917,3.0141122195513907,1.0,0.3333333333333333,12,4
620,NF1,TFAP2C,R-620,1.0,2.3610957359965714,0.2334696688838057,3.305551049697102e-08,3.340094275652309,2.6612760731795664,1.0,0.3333333333333333,12,4
4417,NF1,VBP1,R-4417,-1.0,2.859164351160051,-0.5973778819960379,3.304206913871198e-54,2.2787988659219853,1.5198858301049558,1.0,0.3333333333333333,3,1
2692,NF1,HLF,R-2692,-1.0,1.5602975154545533,0.2139845169309132,4.375305482385325e-07,-2.102945127492794,1.3601519988268649,1.0,0.1666666666666666,6,1
1919,NF1,PBX1,R-1919,-1.0,2.2189315591025816,-0.3345331858922912,9.061830374051313e-16,3.845783361849117,3.2373007168146453,0.9,0.6428571428571429,14,10
1925,NF1,PBX1,R-1925,-1.0,2.2189315591025816,-0.3481658122232455,4.9385610943737204e-17,2.9220552303380765,2.1799988894643723,0.9,0.6428571428571429,14,10
1917,NF1,PBX1,R-1917,-1.0,2.2189315591025816,-0.3365397996231073,5.958233756431895e-16,3.547923750212921,2.9170682176567944,0.9,0.6428571428571429,14,10
1922,NF1,PBX1,R-1922,-1.0,2.2189315591025816,-0.331352650338759,1.7503529412402532e-15,2.4216186844830307,1.6502351299320577,0.9,0.6428571428571429,14,10
1916,NF1,PBX1,R-1916,-1.0,2.2189315591025816,0.4686064812567701,3.2932023723032407e-31,-2.242727712045394,1.487730399259395,0.9,0.6428571428571429,14,10
1913,NF1,PBX1,R-1913,-1.0,2.2189315591025816,-0.3544910299937722,1.2188384665423196e-17,4.276467385769755,3.759239354477288,0.9,0.6428571428571429,14,10
1918,NF1,PBX1,R-1918,-1.0,2.2189315591025816,-0.265592718707919,2.7692373538574927e-10,5.423373286944835,5.545997204729672,0.9,0.6428571428571429,14,10
1921,NF1,PBX1,R-1921,-1.0,2.2189315591025816,-0.1349482194235927,0.0015591921181267,2.5617636375848902,1.8238760434438497,0.9,0.6428571428571429,14,10
1915,NF1,PBX1,R-1915,-1.0,2.2189315591025816,-0.1942291818591208,4.741902603037357e-06,5.772491561981989,5.7971102939520645,0.9,0.6428571428571429,14,10
3976,NF1,GBX2,R-3976,-1.0,1.9324060376704435,-0.2236418220885587,1.252460632479122e-07,2.627837682607286,1.8581428976483696,1.0,0.6,5,3
3975,NF1,GBX2,R-3975,-1.0,1.9324060376704435,-0.2751495025477864,5.859622698975303e-11,5.0035539080057925,4.639953994206821,1.0,0.6,5,3
3973,NF1,GBX2,R-3973,-1.0,1.9324060376704435,-0.2708001042312948,1.1970927254686605e-10,2.9114605777619764,2.1666614487963773,1.0,0.6,5,3
857,NF1,MAX,R-857,1.0,2.121735960467562,0.2780278875903316,3.626595503742858e-11,4.200616438560349,3.732308821315458,0.75,0.2307692307692307,13,4
858,NF1,MAX,R-858,1.0,2.121735960467562,0.2294785839735732,5.719143276071145e-08,3.3954322710711886,2.7754288873032995,0.75,0.2307692307692307,13,4
861,NF1,MAX,R-861,1.0,2.121735960467562,0.4188072232815289,1.2140965105002578e-24,2.431052514747854,1.6899847097275136,0.75,0.2307692307692307,13,4
2207,NF1,RXRA,R-2207,1.0,1.8995326950716425,0.404791794762304,5.544813163304595e-23,3.5062221054175287,2.9725100479631297,1.0,0.5,10,5
2199,NF1,RXRA,R-2199,1.0,1.8995326950716425,0.2397901941931085,1.3592608522207406e-08,5.148908007794201,5.155699573067468,1.0,0.5,10,5
2206,NF1,RXRA,R-2206,1.0,1.8995326950716425,0.311030480615076,9.831170819595303e-14,3.021111803464346,2.323205787983564,1.0,0.5,10,5
2203,NF1,RXRA,R-2203,1.0,1.8995326950716425,0.2452770011184187,6.156781587673317e-09,2.2558495581417133,1.489316353002465,1.0,0.5,10,5
2198,NF1,RXRA,R-2198,1.0,1.8995326950716425,0.2738150838872759,7.305431159601063e-11,3.874185764085202,3.329227732945429,1.0,0.5,10,5
2931,NF1,HOXB6,R-2931,1.0,1.57981160952106,0.4961974200554912,2.431764423065643e-35,3.07075085219211,2.3396089438987726,0.6,0.3,10,5
2934,NF1,HOXB6,R-2934,1.0,1.57981160952106,0.4431606571146729,1.019630050329449e-27,2.864801852532866,2.1248020938251577,0.6,0.3,10,5
2933,NF1,HOXB6,R-2933,1.0,1.57981160952106,-0.1213709494711376,0.004474023547413,-2.3452537301763776,1.6082104563860855,0.6,0.3,10,5
3952,NF1,POU4F1,R-3952,-1.0,3.7916752072676014,-0.2566328305996569,1.1241576086221203e-09,4.05868502371186,3.4918379700857565,1.0,0.5,10,5
3953,NF1,POU4F1,R-3953,-1.0,3.7916752072676014,-0.3833894058009672,1.351340351669597e-20,3.5971766227335897,2.992353408920537,1.0,0.5,10,5
3961,NF1,POU4F1,R-3961,-1.0,3.7916752072676014,-0.220550076699745,1.8809839015528807e-07,3.018110239231109,2.3090965635912504,1.0,0.5,10,5
3955,NF1,POU4F1,R-3955,-1.0,3.7916752072676014,-0.4869348681982957,6.533037527716108e-34,2.828592301856933,2.0817663521055865,1.0,0.5,10,5
3959,NF1,POU4F1,R-3959,-1.0,3.7916752072676014,-0.3784369528975141,4.555832133815394e-20,2.427906846834772,1.659848148781645,1.0,0.5,10,5
3054,NF1,HOXD9,R-3054,-1.0,1.6721045848324771,-0.1419256893042238,0.0008727323425302,2.750502359464944,2.002370341223246,1.0,0.7142857142857143,7,5
3051,NF1,HOXD9,R-3051,-1.0,1.6721045848324771,0.2453391029099271,6.1011690446207275e-09,-3.126251579618885,2.403230837188614,1.0,0.7142857142857143,7,5
3056,NF1,HOXD9,R-3056,-1.0,1.6721045848324771,0.2661303721165742,2.5416547123179156e-10,-2.094729268169143,1.357777099552748,1.0,0.7142857142857143,7,5
3055,NF1,HOXD9,R-3055,-1.0,1.6721045848324771,-0.2411054030904842,1.1261991522136902e-08,5.665387667447119,5.481709359202974,1.0,0.7142857142857143,7,5
3050,NF1,HOXD9,R-3050,-1.0,1.6721045848324771,0.2220526907672452,1.544774893439417e-07,-3.3614184921899315,2.665627543611637,1.0,0.7142857142857143,7,5
4071,NF1,SOX15,R-4071,-1.0,2.005868381032816,-0.3216957117796466,1.2330860377365736e-14,3.0039067067808776,2.263463221536389,1.0,0.5,18,9
4066,NF1,SOX15,R-4066,-1.0,2.005868381032816,-0.1775578936069468,2.960803051076309e-05,4.657940886128888,4.2938089744510615,1.0,0.5,18,9
4055,NF1,SOX15,R-4055,-1.0,2.005868381032816,-0.2527100796559956,2.041921544484322e-09,5.334468472181084,5.274281193929962,1.0,0.5,18,9
4063,NF1,SOX15,R-4063,-1.0,2.005868381032816,-0.4316433776394542,3.120431941140411e-26,2.3572865007327963,1.5949380666686008,1.0,0.5,18,9
4060,NF1,SOX15,R-4060,-1.0,2.005868381032816,-0.2407996599138727,1.1766504168841744e-08,2.9291121269866243,2.188217104562798,1.0,0.5,18,9
4062,NF1,SOX15,R-4062,-1.0,2.005868381032816,0.1346581666641982,0.0015963499435156,-2.989466052161033,2.24530719121173,1.0,0.5,18,9
4068,NF1,SOX15,R-4068,-1.0,2.005868381032816,-0.229892913635691,5.405244461451484e-08,3.928404768959163,3.2703260656255444,1.0,0.5,18,9
4061,NF1,SOX15,R-4061,-1.0,2.005868381032816,-0.3409422814071928,2.349144510557167e-16,2.824136923673864,2.0826831720559187,1.0,0.5,18,9
4054,NF1,SOX15,R-4054,-1.0,2.005868381032816,-0.4915051054711311,1.3043587680688547e-34,3.0388173060028856,2.303212375507061,1.0,0.5,18,9
1271,NF1,ARID3A,R-1271,1.0,1.7274775307625336,0.2749039548503111,6.102849451318234e-11,5.214561851963816,4.9965618854800224,0.8333333333333334,0.4545454545454545,11,6
1270,NF1,ARID3A,R-1270,1.0,1.7274775307625336,-0.4513759836021941,8.19168540744024e-29,-2.1033680230887546,1.3566575332893418,0.8333333333333334,0.4545454545454545,11,6
1272,NF1,ARID3A,R-1272,1.0,1.7274775307625336,0.3680691797827067,5.427262941550593e-19,2.543174644607311,1.7806168601867254,0.8333333333333334,0.4545454545454545,11,6
1268,NF1,ARID3A,R-1268,1.0,1.7274775307625336,0.2023541784680844,1.8305328013188829e-06,2.677501397494943,1.921208368986317,0.8333333333333334,0.4545454545454545,11,6
1275,NF1,ARID3A,R-1275,1.0,1.7274775307625336,0.376538998971911,7.218655998063997e-20,3.663222640673149,3.008063512348382,0.8333333333333334,0.4545454545454545,11,6
742,NF1,ETV6,R-742,1.0,1.8721921138877853,0.5622555429331607,6.485997510624833e-47,4.999136855632763,4.811035827606465,1.0,0.2272727272727272,22,5
758,NF1,ETV6,R-758,1.0,1.8721921138877853,-0.3852896326374754,8.430332878560598e-21,-2.049109846373026,1.308479862714931,1.0,0.2272727272727272,22,5
748,NF1,ETV6,R-748,1.0,1.8721921138877853,0.3484029281544593,4.688867438508961e-17,2.1516447280663917,1.3935002236169354,1.0,0.2272727272727272,22,5
759,NF1,ETV6,R-759,1.0,1.8721921138877853,0.3455856184275298,8.660726160041256e-17,5.616963895879851,5.656135540692144,1.0,0.2272727272727272,22,5
750,NF1,ETV6,R-750,1.0,1.8721921138877853,0.5064266922444906,5.700503605720381e-37,2.271025371717998,1.521748153533851,1.0,0.2272727272727272,22,5
3927,NF1,PRDM1,R-3927,1.0,1.3775492729681171,0.3614618277811007,2.5133879896530582e-18,3.9078496990696383,3.290978751731376,1.0,0.5294117647058824,17,9
3926,NF1,PRDM1,R-3926,1.0,1.3775492729681171,0.1238245934532247,0.0037249818612615,3.272962647959791,2.597741592007503,1.0,0.5294117647058824,17,9
3936,NF1,PRDM1,R-3936,1.0,1.3775492729681171,0.3411354055144337,2.254395850531734e-16,2.4073310330919364,1.6466743531357233,1.0,0.5294117647058824,17,9
3924,NF1,PRDM1,R-3924,1.0,1.3775492729681171,0.4503742897703318,1.1181400751226342e-28,3.97237091305695,3.391622724636693,1.0,0.5294117647058824,17,9
3925,NF1,PRDM1,R-3925,1.0,1.3775492729681171,0.3754087023746346,9.481420465156705e-20,5.299838579725486,5.0819235850590205,1.0,0.5294117647058824,17,9
3929,NF1,PRDM1,R-3929,1.0,1.3775492729681171,0.4034923496018519,7.831038979179487e-23,4.542010719177051,4.030800945514491,1.0,0.5294117647058824,17,9
3934,NF1,PRDM1,R-3934,1.0,1.3775492729681171,0.2053503149594636,1.2759483335180598e-06,3.122798935792031,2.395698644009095,1.0,0.5294117647058824,17,9
3932,NF1,PRDM1,R-3932,1.0,1.3775492729681171,0.4358698188079417,9.027937800291636e-27,2.326133214995815,1.5598331156833638,1.0,0.5294117647058824,17,9
3940,NF1,PRDM1,R-3940,1.0,1.3775492729681171,0.3484794739281721,4.610944899207381e-17,3.1833303477063457,2.466339228026222,1.0,0.5294117647058824,17,9
3966,NF1,TEAD3,R-3966,1.0,2.336499034358973,0.5572159128985347,6.1397640452114295e-46,3.862407098186956,3.255353092635912,0.8333333333333334,0.5,10,6
3963,NF1,TEAD3,R-3963,1.0,2.336499034358973,0.2712586456765055,1.1109088943661531e-10,3.442608805305676,2.7488667414504504,0.8333333333333334,0.5,10,6
3970,NF1,TEAD3,R-3970,1.0,2.336499034358973,0.2851668807846498,1.076803272282049e-11,2.9705544411461737,2.2268292411579527,0.8333333333333334,0.5,10,6
3962,NF1,TEAD3,R-3962,1.0,2.336499034358973,0.4576676942667947,1.1332786783552129e-29,4.865359925134496,4.553897952218669,0.8333333333333334,0.5,10,6
3965,NF1,TEAD3,R-3965,1.0,2.336499034358973,0.4901810248892541,2.085475365160308e-34,3.848184812278388,3.212869897970976,0.8333333333333334,0.5,10,6
2192,NF1,FLI1,R-2192,1.0,4.518876475616375,0.1800928491436771,2.2645198669284915e-05,3.3305486329935534,2.635827034208902,1.0,0.4444444444444444,9,4
2197,NF1,FLI1,R-2197,1.0,4.518876475616375,0.3893526441799036,3.042103922673819e-21,2.387556016099683,1.617110091534605,1.0,0.4444444444444444,9,4
2191,NF1,FLI1,R-2191,1.0,4.518876475616375,0.5341957979303019,1.1010778584435765e-41,5.099941322154286,4.846386991124006,1.0,0.4444444444444444,9,4
2189,NF1,FLI1,R-2189,1.0,4.518876475616375,0.1723448624661611,5.079379221522953e-05,4.123873850116008,3.6388937558688856,1.0,0.4444444444444444,9,4
4304,NF1,IRF5,R-4304,1.0,1.435254080568134,0.3040958294431118,3.62763605688878e-13,3.1007965431845537,2.361025617665012,0.75,0.375,8,4
4302,NF1,IRF5,R-4302,1.0,1.435254080568134,0.3161582409370609,3.6612195602902715e-14,2.124210164461457,1.3775304759305491,0.75,0.375,8,4
4303,NF1,IRF5,R-4303,1.0,1.435254080568134,0.2164431466530506,3.1993175013158977e-07,3.598279420737635,2.924559351992664,0.75,0.375,8,4
1623,NF1,ELF1,R-1623,1.0,1.676595240614059,-0.2604433290724807,6.23529954594549e-10,-2.347522149924151,1.5889436068526732,1.0,0.3,20,6
1637,NF1,ELF1,R-1637,1.0,1.676595240614059,0.5519177575783614,6.260051301578887e-45,2.5823256872952527,1.830299933451449,1.0,0.3,20,6
1626,NF1,ELF1,R-1626,1.0,1.676595240614059,0.269136480088054,1.5679919568106588e-10,2.9681880416113104,2.2446110848879144,1.0,0.3,20,6
1620,NF1,ELF1,R-1620,1.0,1.676595240614059,0.4731399120368815,7.316454123297324e-32,5.1779742550764425,4.919260114315545,1.0,0.3,20,6
1621,NF1,ELF1,R-1621,1.0,1.676595240614059,0.461309410774976,3.539068559613636e-30,2.186685459328753,1.4267138874065324,1.0,0.3,20,6
1638,NF1,ELF1,R-1638,1.0,1.676595240614059,0.4579328183259379,1.0417034841881277e-29,2.8950700402731138,2.1491768343645496,1.0,0.3,20,6
1954,NF1,SOX2,R-1954,-1.0,2.0952520195549584,-0.3391814353329718,3.4147163752937364e-16,2.4099575473242463,1.64854792169711,0.25,0.125,16,8
1946,NF1,SOX2,R-1946,-1.0,2.0952520195549584,0.278621850533672,3.2824486543713514e-11,-3.422134253017287,2.7320870149954204,0.25,0.125,16,8
4494,NF1,BACH1,R-4494,1.0,2.596918601736608,0.2094079741633084,7.759313782133289e-07,3.321570398501948,2.640015200443825,1.0,0.8,5,4
4493,NF1,BACH1,R-4493,1.0,2.596918601736608,-0.2346890489246271,2.7902151486089943e-08,-2.755257457558582,1.9913232148320923,1.0,0.8,5,4
4492,NF1,BACH1,R-4492,1.0,2.596918601736608,0.2912260946595538,3.737736640678551e-12,2.942582510981414,2.1929005749990678,1.0,0.8,5,4
4491,NF1,BACH1,R-4491,1.0,2.596918601736608,0.0068671237221658,0.8726896696970909,2.831290207059588,2.0670371883489453,1.0,0.8,5,4
94,NF1,PPARG,R-94,1.0,3.907307835011491,0.3524866891738613,1.9053995515210226e-17,5.392986097068216,5.175448376894372,0.5,0.125,8,2
3107,NF1,ATF7,R-3107,1.0,1.539728784581332,0.2512571030298781,2.54067741780065e-09,3.848404836454313,3.237983630112798,1.0,0.3333333333333333,3,1
4096,NF1,FOXM1,R-4096,-1.0,1.909850401025488,0.2426807503069529,8.977221436964213e-09,-2.0979875312605705,1.3479579636910852,1.0,1.0,1,1
1082,NF1,POU3F4,R-1082,-1.0,1.4021181865258574,-0.3022579976769383,5.097888070553674e-13,4.296828296008648,3.8055487907564416,0.8571428571428571,0.4,15,7
1085,NF1,POU3F4,R-1085,-1.0,1.4021181865258574,-0.3137262995881338,5.862906713619553e-14,2.609355517927101,1.854278483829956,0.8571428571428571,0.4,15,7
1087,NF1,POU3F4,R-1087,-1.0,1.4021181865258574,-0.2484579032704841,3.855914731490511e-09,2.096583656095808,1.3539741802442913,0.8571428571428571,0.4,15,7
1084,NF1,POU3F4,R-1084,-1.0,1.4021181865258574,0.1711693276098992,5.724467261001914e-05,-3.045357841982397,2.293471604092385,0.8571428571428571,0.4,15,7
1079,NF1,POU3F4,R-1079,-1.0,1.4021181865258574,-0.1425390086501123,0.0008282832904529,3.755840118055224,3.1132563426827624,0.8571428571428571,0.4,15,7
1091,NF1,POU3F4,R-1091,-1.0,1.4021181865258574,-0.4126725634285115,6.6121306088305134e-24,2.0630961916173307,1.3204016777459529,0.8571428571428571,0.4,15,7
4272,NF1,NKX2-2,R-4272,-1.0,2.8477291686597432,-0.48120273353463,4.763634883526926e-33,5.455121682157324,5.331013965218727,0.9090909090909092,0.7142857142857143,14,11
4276,NF1,NKX2-2,R-4276,-1.0,2.8477291686597432,-0.4112983321673055,9.619678152808626e-24,2.713014265604764,1.9543512764991195,0.9090909090909092,0.7142857142857143,14,11
4274,NF1,NKX2-2,R-4274,-1.0,2.8477291686597432,-0.4586248830367379,8.357446830042907e-30,4.24784448049341,3.703185773677826,0.9090909090909092,0.7142857142857143,14,11
4280,NF1,NKX2-2,R-4280,-1.0,2.8477291686597432,0.4916445595531251,1.2413087532349075e-34,-3.1795894655391885,2.499802273835409,0.9090909090909092,0.7142857142857143,14,11
4275,NF1,NKX2-2,R-4275,-1.0,2.8477291686597432,0.3093075408291784,1.3642223956393298e-13,-2.256251443627037,1.499567231180274,0.9090909090909092,0.7142857142857143,14,11
4282,NF1,NKX2-2,R-4282,-1.0,2.8477291686597432,-0.4072335609519184,2.886430244253989e-23,5.574506764531403,5.339860648735402,0.9090909090909092,0.7142857142857143,14,11
4279,NF1,NKX2-2,R-4279,-1.0,2.8477291686597432,-0.3422080728223057,1.7926452419792452e-16,3.233819629332169,2.4918332995489823,0.9090909090909092,0.7142857142857143,14,11
4277,NF1,NKX2-2,R-4277,-1.0,2.8477291686597432,-0.4148908511523437,3.596858644082045e-24,2.262868141894689,1.5003112803927654,0.9090909090909092,0.7142857142857143,14,11
4281,NF1,NKX2-2,R-4281,-1.0,2.8477291686597432,-0.3085767633132822,1.5665770631081105e-13,3.012622822394256,2.2963776294648386,0.9090909090909092,0.7142857142857143,14,11
4273,NF1,NKX2-2,R-4273,-1.0,2.8477291686597432,-0.3675401780994329,6.143939048209211e-19,3.953405544722572,3.3346459504218298,0.9090909090909092,0.7142857142857143,14,11
1978,NF1,HOXC4,R-1978,-1.0,1.538230457215459,-0.2338050332218922,3.1552988351146654e-08,4.177449345088753,3.64812888938536,1.0,0.75,4,3
1980,NF1,HOXC4,R-1980,-1.0,1.538230457215459,-0.2479268486354249,4.171117763595365e-09,2.4912433318794016,1.7235973695373268,1.0,0.75,4,3
1979,NF1,HOXC4,R-1979,-1.0,1.538230457215459,-0.3505540550270263,2.922646271451561e-17,3.9557630820100527,3.352458161720904,1.0,0.75,4,3
2095,NF1,MAFK,R-2095,1.0,2.2856613893131086,0.7426211413854696,5.902701805710657e-97,3.01853260948694,2.2875685754509494,1.0,0.8,10,8
2092,NF1,MAFK,R-2092,1.0,2.2856613893131086,0.4128964818125334,6.2192791251598485e-24,2.6960940635772728,1.964271648233609,1.0,0.8,10,8
2090,NF1,MAFK,R-2090,1.0,2.2856613893131086,0.1638925666868393,0.000117914649386,2.630462786936981,1.862710097816032,1.0,0.8,10,8
2091,NF1,MAFK,R-2091,1.0,2.2856613893131086,0.1717931316738346,5.3730850560114096e-05,5.587283159307662,5.515610786667193,1.0,0.8,10,8
2096,NF1,MAFK,R-2096,1.0,2.2856613893131086,0.2206239096443128,1.862932131931669e-07,2.3686436239525266,1.631611203440403,1.0,0.8,10,8
2093,NF1,MAFK,R-2093,1.0,2.2856613893131086,0.3386285314253394,3.838385886870185e-16,3.738604547292687,3.0918549288922343,1.0,0.8,10,8
2094,NF1,MAFK,R-2094,1.0,2.2856613893131086,0.2297131337150552,5.539346344178945e-08,4.3490145000510845,3.800674775009799,1.0,0.8,10,8
2089,NF1,MAFK,R-2089,1.0,2.2856613893131086,0.2671949009370111,2.1435322237311163e-10,3.9732184353848288,3.3858993171356366,1.0,0.8,10,8
338,NF1,RFX3,R-338,-1.0,2.154204160875809,0.130708287429087,0.0021900752137388,-3.0144716077716147,2.3004243138722904,0.6666666666666666,0.25,8,3
340,NF1,RFX3,R-340,-1.0,2.154204160875809,0.3097624162890579,1.251445916591775e-13,-5.053817250947481,5.123030343259482,0.6666666666666666,0.25,8,3
716,NF1,MYCN,R-716,-1.0,1.4711681243617063,-0.363399447667986,1.6093361062668608e-18,3.365497386175436,2.6713917075937554,1.0,0.4,5,2
715,NF1,MYCN,R-715,-1.0,1.4711681243617063,0.4710941455827295,1.4465340931331004e-31,-2.1895498560149536,1.4582517484043926,1.0,0.4,5,2
949,NF1,ELK3,R-949,1.0,1.5663953470876562,0.4772488217156547,1.8350988561863948e-32,4.820336841329151,4.60514418853792,1.0,0.1428571428571428,7,1
3703,NF1,MZF1,R-3703,1.0,1.7378362387582509,0.3770207827641206,6.424514377636201e-20,2.789030786201984,2.01827630244399,1.0,0.2,5,1
1034,NF1,ZNF232,R-1034,-1.0,2.78739525982871,-0.4904954931109536,1.8658701636761607e-34,2.4928084637931964,1.7320756108174902,1.0,0.2222222222222222,9,2
1040,NF1,ZNF232,R-1040,-1.0,2.78739525982871,-0.1776534291846745,2.9312348492837134e-05,2.455260818331497,1.691899982726797,1.0,0.2222222222222222,9,2
2552,NF1,MSC,R-2552,1.0,2.290548856521223,0.1081849867929212,0.0113452635386061,3.8560404192928006,3.2249161280076697,1.0,0.5,2,1
839,NF1,IKZF1,R-839,1.0,1.894416056672924,0.5499339462763045,1.477556378680398e-44,2.492992314887413,1.721751765821874,1.0,0.5,12,6
835,NF1,IKZF1,R-835,1.0,1.894416056672924,0.2143938608529809,4.154171929733761e-07,2.93835425270528,2.199012489116312,1.0,0.5,12,6
840,NF1,IKZF1,R-840,1.0,1.894416056672924,0.3548568953298132,1.1229935006526817e-17,6.461929089556297,6.61004538170272,1.0,0.5,12,6
838,NF1,IKZF1,R-838,1.0,1.894416056672924,0.2075556250952239,9.749160297574778e-07,3.344290392276734,2.6327499421838536,1.0,0.5,12,6
844,NF1,IKZF1,R-844,1.0,1.894416056672924,0.1067658105515562,0.0124729020654865,3.538181924336455,2.832462845149156,1.0,0.5,12,6
836,NF1,IKZF1,R-836,1.0,1.894416056672924,0.3173462401434485,2.9043709656863905e-14,5.06283704649774,4.777424730410911,1.0,0.5,12,6
3914,NF1,SCRT1,R-3914,-1.0,3.049150565063033,-0.395920403539934,5.681363410092997e-22,5.413381453214109,5.277588943863145,1.0,1.0,2,2
3913,NF1,SCRT1,R-3913,-1.0,3.049150565063033,-0.4715944792607143,1.2249362920561622e-31,4.6301540506034575,4.226244104091114,1.0,1.0,2,2
1221,NF1,FOXC1,R-1221,1.0,1.637209651640384,-0.2891114076811777,5.422986130186007e-12,-4.596217391359128,4.189232401148364,1.0,0.375,8,3
1226,NF1,FOXC1,R-1226,1.0,1.637209651640384,0.1722194124481317,5.144796472385844e-05,3.839102722043122,3.2417896636828,1.0,0.375,8,3
1222,NF1,FOXC1,R-1222,1.0,1.637209651640384,-0.199418090816428,2.593710351672287e-06,-2.46252197181722,1.725286750530477,1.0,0.375,8,3
1712,NF1,E2F2,R-1712,-1.0,2.26737468594499,0.2857818864837906,9.682701480601312e-12,-2.084296134973125,1.3400115559201315,1.0,0.5,4,2
1713,NF1,E2F2,R-1713,-1.0,2.26737468594499,0.3598691771138693,3.617552640026695e-18,-2.5042895675175814,1.7588928628743634,1.0,0.5,4,2
2163,NF1,ETV5,R-2163,1.0,4.757230850174807,0.3081593542234863,1.6950635210725802e-13,4.406736252003811,4.035753226475469,1.0,0.5,4,2
2166,NF1,ETV5,R-2166,1.0,4.757230850174807,0.181539740234145,1.9399774977007957e-05,2.5380887487844386,1.7792358508215709,1.0,0.5,4,2
1862,NF1,HOXA10,R-1862,-1.0,3.317226140632026,-0.2447443334498138,6.654421870975419e-09,3.3143531924278262,2.6135108797197595,1.0,0.2857142857142857,7,2
1866,NF1,HOXA10,R-1866,-1.0,3.317226140632026,0.2878637262336003,6.744814963661534e-12,-4.102385893855143,3.58850536678078,1.0,0.2857142857142857,7,2
2158,NF1,HOXA3,R-2158,-1.0,1.9324060376704435,-0.2982327457834203,1.065111016286493e-12,3.213193654106851,2.4947505885353967,1.0,0.2857142857142857,7,2
2154,NF1,HOXA3,R-2154,-1.0,1.9324060376704435,-0.2148549684879232,3.9179532146637467e-07,4.303177593045974,3.82465532996942,1.0,0.2857142857142857,7,2
4431,NF1,TAL1,R-4431,1.0,1.8016221642334336,0.2918574506532712,3.342653295131707e-12,2.969137785719644,2.223711096885624,0.4,0.2,10,5
4428,NF1,TAL1,R-4428,1.0,1.8016221642334336,0.2603274839360188,6.348923990051745e-10,2.670580843691735,1.900248262007004,0.4,0.2,10,5
3980,NLRP5,TEAD1,R-3980,1.0,1.4234140309444268,-0.1035762566741095,0.0153749600205709,-3.9911680767876634,2.8970195094070963,1.0,0.1333333333333333,15,2
3986,NLRP5,TEAD1,R-3986,1.0,1.4234140309444268,0.546990160055453,5.228910990344959e-44,3.1773147430201694,2.1650522778325327,1.0,0.1333333333333333,15,2
3432,NLRP5,TBP,R-3432,-1.0,1.570864326753625,0.1144109296806824,0.0073947089969298,-2.6510033286348955,1.6864264461114735,1.0,0.0666666666666666,15,1
4444,NLRP5,ZNF589,R-4444,1.0,1.4471242565798477,-0.3338994103482554,1.0338415356528216e-15,-2.3160699094331783,1.4348652105753927,1.0,1.0,1,1
3361,NLRP5,BRCA1,R-3361,1.0,1.4174646785137712,0.3632393907484313,1.6698989990158912e-18,3.309696015410327,2.2268105606314106,1.0,0.25,4,1
816,NLRP5,ELF2,R-816,1.0,1.3707151705988894,-0.1915502997382926,6.434701371211228e-06,-3.1889167756825216,2.1703285359209663,1.0,0.1052631578947368,19,2
815,NLRP5,ELF2,R-815,1.0,1.3707151705988894,-0.374558707015772,1.1631044041118854e-19,-2.1753710357086504,1.3122894395413351,1.0,0.1052631578947368,19,2
1341,NLRP5,MLX,R-1341,-1.0,2.672295262927249,-0.5114188111092259,8.713223385662286e-38,2.4152661745279187,1.504529722727963,1.0,0.5,2,1
1872,NLRP5,FOXO3,R-1872,1.0,1.3687903996292778,-0.4701517673935239,1.977072375882872e-31,-3.099026996746283,2.080190353393457,1.0,0.0909090909090909,11,1
2663,OBSCN,MSX1,R-2663,-1.0,1.4136071596450916,0.1857033464140577,1.2346387965048222e-05,-2.1796481836118344,1.3408564381728558,1.0,0.0714285714285714,14,1
4446,PCLO,FOXO1,R-4446,1.0,1.8461027677557809,0.5156459854747795,1.7330468646949206e-38,2.932694384918456,2.212371509495255,1.0,0.3333333333333333,3,1
3875,PCLO,RORA,R-3875,1.0,1.917153105392687,0.6387464001857039,4.845534117341114e-64,2.0968020429802063,1.3418150834785816,1.0,0.1,10,1
1040,PCLO,ZNF232,R-1040,-1.0,1.3319797243261815,-0.1776534291846745,2.9312348492837134e-05,2.064559150531148,1.3217568495965415,1.0,0.1111111111111111,9,1
4445,PIK3R1,FOXO1,R-4445,1.0,1.491271290057328,0.2665276916067558,2.3852857767748853e-10,2.19111549630335,1.4389309363748672,1.0,0.6666666666666666,3,2
4446,PIK3R1,FOXO1,R-4446,1.0,1.491271290057328,0.5156459854747795,1.7330468646949206e-38,2.272255580925264,1.5258718453270823,1.0,0.6666666666666666,3,2
3677,PIK3R1,ATF2,R-3677,1.0,1.337357155793123,0.5986806998629947,1.7023429993739184e-54,2.079873760622314,1.3408108750392085,1.0,0.1666666666666666,6,1
2211,PIK3R1,PPARA,R-2211,1.0,1.672232561588334,-0.4743821678261689,4.8257560821183195e-32,-2.5303853205469515,1.7882076266722275,1.0,0.1428571428571428,7,1
3181,PIK3R1,BCL6,R-3181,1.0,1.307884310361883,0.3536004155174413,1.4870901014223536e-17,2.434787104803484,1.6797020442065471,1.0,0.1111111111111111,9,1
3879,PIK3R1,RORA,R-3879,1.0,1.3700336315053554,0.3647236748892761,1.1845809869775773e-18,2.841657344426641,2.1009351651318213,1.0,0.1,10,1
1963,PIK3R1,HOXA4,R-1963,-1.0,1.31181245119521,-0.2466384747506726,5.0433018714475686e-09,2.3670477011430817,1.6225022157598403,1.0,0.125,8,1
2108,PTEN,STAT5A,R-2108,1.0,1.4249548461850017,0.3599466027240616,3.5542403114694145e-18,2.719577520730286,2.129606714696437,1.0,0.2608695652173913,23,6
2102,PTEN,STAT5A,R-2102,1.0,1.4249548461850017,0.3659182728692596,8.973834217981099e-19,2.261022756328819,1.5946677482876803,1.0,0.2608695652173913,23,6
2103,PTEN,STAT5A,R-2103,1.0,1.4249548461850017,0.3138250612329529,5.752348267251444e-14,2.041021803170715,1.3666570913687086,1.0,0.2608695652173913,23,6
2112,PTEN,STAT5A,R-2112,1.0,1.4249548461850017,0.4073144325883219,2.824428170952484e-23,2.378347173528853,1.7304171930317838,1.0,0.2608695652173913,23,6
2109,PTEN,STAT5A,R-2109,1.0,1.4249548461850017,0.3975097548203673,3.763904662018741e-22,1.994556821402383,1.3200889751122258,1.0,0.2608695652173913,23,6
2114,PTEN,STAT5A,R-2114,1.0,1.4249548461850017,0.3752210039256836,9.919572303271629e-20,1.985770900699912,1.3091920582313503,1.0,0.2608695652173913,23,6
3306,PTEN,HBP1,R-3306,-1.0,2.150470918033753,-0.1863531056541371,1.1495236120562782e-05,2.5348090958919607,1.908984028126241,1.0,0.375,8,3
3309,PTEN,HBP1,R-3309,-1.0,2.150470918033753,-0.1769210386352328,3.165252761255987e-05,2.9494737205359574,2.428812427132541,1.0,0.375,8,3
3311,PTEN,HBP1,R-3311,-1.0,2.150470918033753,0.2338813590364851,3.1220374899309985e-08,-2.328110565362246,1.6778075973197224,1.0,0.375,8,3
1588,PTEN,MAFB,R-1588,1.0,1.351427473653909,0.6065533300417671,2.898331973507133e-56,2.7740315257805985,2.2044575814653107,1.0,0.4166666666666667,12,5
1593,PTEN,MAFB,R-1593,1.0,1.351427473653909,0.4321518498048741,2.6903861878262073e-26,2.038767932491526,1.3646162130235766,1.0,0.4166666666666667,12,5
1590,PTEN,MAFB,R-1590,1.0,1.351427473653909,0.5685828869751793,3.6510817125216576e-48,2.460003798782846,1.8189440283960103,1.0,0.4166666666666667,12,5
1584,PTEN,MAFB,R-1584,1.0,1.351427473653909,0.787118651374913,1.846348897345592e-116,2.036608546976032,1.3632375115327384,1.0,0.4166666666666667,12,5
1595,PTEN,MAFB,R-1595,1.0,1.351427473653909,0.4633365540236461,1.840296965340048e-30,2.0374788446109844,1.3637138690367918,1.0,0.4166666666666667,12,5
255,PTEN,SREBF1,R-255,1.0,1.7457839658797514,0.3049560895609014,3.0909875776285024e-13,2.2348374521026697,1.5662812978632363,1.0,0.3,10,3
256,PTEN,SREBF1,R-256,1.0,1.7457839658797514,0.3184997057680172,2.317246287783288e-14,2.261568994275563,1.5994371310228597,1.0,0.3,10,3
253,PTEN,SREBF1,R-253,1.0,1.7457839658797514,0.3129565159883151,6.799073339201372e-14,2.7783888145975,2.2138584354402067,1.0,0.3,10,3
226,PTEN,NR5A2,R-226,-1.0,1.9779825259914563,-0.0941398637925146,0.0276935342943113,2.598769792328068,1.9861153450197992,1.0,0.25,8,2
225,PTEN,NR5A2,R-225,-1.0,1.9779825259914563,-0.2066818008317093,1.0849896624828998e-06,2.458918091493504,1.8221060738234536,1.0,0.25,8,2
3628,PTEN,HOXD10,R-3628,1.0,1.567398712401071,-0.2220080390659127,1.5538718985483474e-07,-2.122885530069188,1.4522921107888078,1.0,0.2,5,1
3791,PTEN,VENTX,R-3791,1.0,1.5088805091060764,0.2336934406284143,3.2045465090751e-08,2.610800595835296,2.000799162816058,1.0,0.4,5,2
3789,PTEN,VENTX,R-3789,1.0,1.5088805091060764,-0.3924817092993876,1.374138463562961e-21,-3.090901206518132,2.6335866564766466,1.0,0.4,5,2
1480,PTEN,ARID5A,R-1480,1.0,1.3514104217474308,-0.1829512912260213,1.666291709047827e-05,-2.121460174476649,1.4523393755636158,1.0,0.1875,16,3
1476,PTEN,ARID5A,R-1476,1.0,1.3514104217474308,0.3901460367252544,2.488917310038637e-21,2.361659033058672,1.7075950453706816,1.0,0.1875,16,3
1470,PTEN,ARID5A,R-1470,1.0,1.3514104217474308,-0.266830208716276,2.2725505706991784e-10,-2.169494366769764,1.5014082139372746,1.0,0.1875,16,3
5,PTEN,ETS1,R-5,-1.0,1.6297705544848249,0.5605646438590566,1.384739646669329e-46,-1.9822753636380108,1.3104884308950653,0.2857142857142857,0.1052631578947368,19,7
13,PTEN,ETS1,R-13,-1.0,1.6297705544848249,-0.0691832287329958,0.1060305331956716,3.2088271543768103,2.787290466397364,0.2857142857142857,0.1052631578947368,19,7
1522,PTEN,RUNX3,R-1522,1.0,1.9350788651356872,0.5745713473331936,2.2626985251496823e-49,2.379529761745757,1.734238091436871,1.0,0.4444444444444444,9,4
1524,PTEN,RUNX3,R-1524,1.0,1.9350788651356872,0.3370865446753834,5.312142275475893e-16,2.500448744077557,1.8657389917779643,1.0,0.4444444444444444,9,4
1525,PTEN,RUNX3,R-1525,1.0,1.9350788651356872,0.2092768785278693,7.886231931624023e-07,2.191362419859932,1.520687830862965,1.0,0.4444444444444444,9,4
1518,PTEN,RUNX3,R-1518,1.0,1.9350788651356872,0.5300943668616042,5.831730306255094e-41,2.065873862842789,1.3938921114107303,1.0,0.4444444444444444,9,4
2686,PTEN,NKX6-1,R-2686,1.0,2.046296041035636,-0.2612450800643864,5.501399217608712e-10,-1.998414586341193,1.3241670707861284,1.0,0.0833333333333333,12,1
4300,PTEN,IRF5,R-4300,1.0,1.3679951605422986,0.1295209481000591,0.0024045270483107,1.9901910445023647,1.3199748530510227,1.0,0.25,8,2
4302,PTEN,IRF5,R-4302,1.0,1.3679951605422986,0.3161582409370609,3.6612195602902715e-14,2.019336072184377,1.3440365668498535,1.0,0.25,8,2
926,PTEN,SMAD4,R-926,-1.0,1.8005136461434426,-0.3569946046960685,6.944260366239695e-18,2.0249456432961623,1.3473679076919065,1.0,0.25,8,2
927,PTEN,SMAD4,R-927,-1.0,1.8005136461434426,-0.3410008638527834,2.319997154089584e-16,2.8622575959795653,2.321917721744338,1.0,0.25,8,2
3838,PTEN,NF1,R-3838,-1.0,1.4037635437944795,-0.600866433637087,5.557236503482732e-55,2.073854303256618,1.3993596683896772,1.0,0.1666666666666666,6,1
342,PTEN,RFX3,R-342,-1.0,1.6865272556757462,-0.2019718895177601,1.916061451303233e-06,2.055560877847024,1.38176402179482,1.0,0.125,8,1
803,PTEN,JUN,R-803,1.0,1.439994192381305,0.4702392378035233,1.9206374041009886e-31,2.401287097974801,1.751953696725438,1.0,0.24,25,6
801,PTEN,JUN,R-801,1.0,1.439994192381305,0.6789665118105581,3.628207042570404e-75,2.225762758467016,1.558600048206634,1.0,0.24,25,6
807,PTEN,JUN,R-807,1.0,1.439994192381305,0.5523027593578308,5.2954850808510523e-45,2.7803483056264597,2.213767597516611,1.0,0.24,25,6
798,PTEN,JUN,R-798,1.0,1.439994192381305,0.4711368909716898,1.4261451085921228e-31,2.9357697446403663,2.4166464936178134,1.0,0.24,25,6
794,PTEN,JUN,R-794,1.0,1.439994192381305,0.4429260340534843,1.0946640470942412e-27,2.2620141185068063,1.5980138288808647,1.0,0.24,25,6
810,PTEN,JUN,R-810,1.0,1.439994192381305,0.2948128213877689,1.974135879129424e-12,2.194229786450982,1.5275951596871655,1.0,0.24,25,6
737,RB1,MAZ,R-737,-1.0,1.4260245767066737,0.5048095527952478,1.0405988396602545e-36,-2.255843691865919,1.4688234576451191,1.0,0.15,20,3
732,RB1,MAZ,R-732,-1.0,1.4260245767066737,0.4130707627551726,5.9295493274571564e-24,-2.833440666451431,2.04014463527781,1.0,0.15,20,3
729,RB1,MAZ,R-729,-1.0,1.4260245767066737,0.2581734975948936,8.868091337908175e-10,-2.907887680109588,2.0861863182670097,1.0,0.15,20,3
2118,RB1,STAT5A,R-2118,1.0,1.3646591170527536,-0.3010918477431241,6.318457610338924e-13,-3.2267036253630854,2.4209435802241392,0.8333333333333334,0.217391304347826,23,6
2112,RB1,STAT5A,R-2112,1.0,1.3646591170527536,0.4073144325883219,2.824428170952484e-23,2.834170158920995,2.0154583752930813,0.8333333333333334,0.217391304347826,23,6
2110,RB1,STAT5A,R-2110,1.0,1.3646591170527536,0.4984881476494654,1.0608981732809372e-35,2.175734547698033,1.3933119485268233,0.8333333333333334,0.217391304347826,23,6
2115,RB1,STAT5A,R-2115,1.0,1.3646591170527536,0.3772762286219898,6.039054305287085e-20,4.402816887351797,3.792836014435034,0.8333333333333334,0.217391304347826,23,6
2107,RB1,STAT5A,R-2107,1.0,1.3646591170527536,-0.4778084710362962,1.5178122027621022e-32,-3.735097368551292,2.932384451875153,0.8333333333333334,0.217391304347826,23,6
1680,RB1,E2F8,R-1680,1.0,2.2759504323684023,0.5999416521774705,8.933501544952966e-55,3.4604667107900213,2.727351804582292,1.0,0.3333333333333333,3,1
2227,RB1,ELF4,R-2227,1.0,1.6530519284165277,-0.2994896655140319,8.472375373259476e-13,-2.60243342046214,1.800033840564675,1.0,0.0714285714285714,14,1
348,RB1,TFCP2,R-348,-1.0,1.606076860987853,-0.2982232875412661,1.0669423224711071e-12,2.9087095546589143,2.092653319401579,0.5,0.0714285714285714,14,2
243,RB1,ASCL2,R-243,1.0,1.3263525997061032,-0.4368997407268533,6.655500274333618e-27,-3.0999108652957794,2.299986697431862,1.0,0.0555555555555555,18,1
3318,RB1,ZEB1,R-3318,-1.0,1.8746227516405112,-0.4385006765209329,4.1348525540399226e-27,2.7567068023429195,1.9307400448763248,1.0,0.1428571428571428,14,2
3319,RB1,ZEB1,R-3319,-1.0,1.8746227516405112,-0.3420868753472604,1.8397548338591943e-16,2.3590118443590904,1.554096202323321,1.0,0.1428571428571428,14,2
1581,RB1,TGIF2,R-1581,-1.0,2.227767470561424,-0.2396277177232353,1.3911089424197897e-08,2.266904514642964,1.472700031764367,1.0,0.2,5,1
370,RB1,TFAP2A,R-370,-1.0,1.7506770389484203,-0.2034093956857804,1.6130188934917135e-06,2.705494782817887,1.8782855603411055,0.5,0.0555555555555555,18,2
3235,RB1,SATB1,R-3235,-1.0,2.406879815280208,0.1982127881592779,2.988168814228096e-06,-2.376076445670494,1.5688242598285975,0.75,0.1764705882352941,17,4
3248,RB1,SATB1,R-3248,-1.0,2.406879815280208,0.4083620978762359,2.1307273254078724e-23,-3.4163284475775475,2.6193419687563777,0.75,0.1764705882352941,17,4
3247,RB1,SATB1,R-3247,-1.0,2.406879815280208,-0.4782114361438878,1.3236199551527076e-32,2.6950159401451126,1.889683314230295,0.75,0.1764705882352941,17,4
4419,RB1,VBP1,R-4419,-1.0,1.5719249870629068,0.412543667384271,6.849282887162924e-24,-3.0790705154385347,2.251831852700504,1.0,0.3333333333333333,3,1
3654,RB1,CREB5,R-3654,-1.0,2.1200116360397123,0.1550670002811077,0.0002721528226827,-2.950100227238292,2.1662363471520263,0.5,0.25,4,2
4367,RB1,IRF7,R-4367,1.0,1.649963593992917,0.2707248048925946,1.2118548761527148e-10,2.855219074068554,2.0422042685855946,1.0,0.4615384615384615,13,6
4371,RB1,IRF7,R-4371,1.0,1.649963593992917,0.6494400793964438,7.795538395891775e-67,4.514391443928097,3.930233657837004,1.0,0.4615384615384615,13,6
4364,RB1,IRF7,R-4364,1.0,1.649963593992917,0.2908990154483155,3.960009015000849e-12,2.427010351027197,1.621994008985754,1.0,0.4615384615384615,13,6
4369,RB1,IRF7,R-4369,1.0,1.649963593992917,-0.3514918140747147,2.3756722116943496e-17,-3.1682333890680883,2.359466392900742,1.0,0.4615384615384615,13,6
4373,RB1,IRF7,R-4373,1.0,1.649963593992917,0.2646187397251595,3.2330801692409437e-10,2.0801657584601165,1.3148384861136355,1.0,0.4615384615384615,13,6
4363,RB1,IRF7,R-4363,1.0,1.649963593992917,-0.2752419586978361,5.770512933380504e-11,-2.2966825767636143,1.5008718428331989,1.0,0.4615384615384615,13,6
1423,RB1,IRF2,R-1423,-1.0,1.3371813841010398,0.4440428398247423,7.803254549661393e-28,-2.2697489881974766,1.4809620426151842,0.6666666666666666,0.0909090909090909,22,3
1408,RB1,IRF2,R-1408,-1.0,1.3371813841010398,0.3619513834622122,2.2462926110412593e-18,-3.159688654140731,2.3695358824759234,0.6666666666666666,0.0909090909090909,22,3
4272,RB1,NKX2-2,R-4272,-1.0,1.3229055143473256,-0.48120273353463,4.763634883526926e-33,2.2487549057388443,1.4536010996654662,1.0,0.1428571428571428,14,2
4285,RB1,NKX2-2,R-4285,-1.0,1.3229055143473256,0.0533868645399357,0.212527149868502,-2.582888363188194,1.7722498106976936,1.0,0.1428571428571428,14,2
3981,RYR2,TEAD1,R-3981,1.0,2.273186885402801,0.4078529658334565,2.4438007701740106e-23,3.5322270466829093,2.987324846863086,1.0,0.2666666666666666,15,4
3984,RYR2,TEAD1,R-3984,1.0,2.273186885402801,0.1475134574655518,0.0005379540638703,2.324792183660624,1.6040038483990384,1.0,0.2666666666666666,15,4
3989,RYR2,TEAD1,R-3989,1.0,2.273186885402801,0.2097294810768435,7.456304397917056e-07,2.195419740575936,1.4518424839060682,1.0,0.2666666666666666,15,4
3986,RYR2,TEAD1,R-3986,1.0,2.273186885402801,0.546990160055453,5.228910990344959e-44,2.3721377569792463,1.6295744379986474,1.0,0.2666666666666666,15,4
3325,RYR2,ZEB1,R-3325,1.0,1.7800526800933625,0.489801815366608,2.384573421506841e-34,2.4775137978039545,1.7373084343956535,1.0,0.1428571428571428,14,2
3314,RYR2,ZEB1,R-3314,1.0,1.7800526800933625,-0.3280725466236348,3.423829291577428e-15,-2.237275486353582,1.5019663034704709,1.0,0.1428571428571428,14,2
2209,RYR2,PPARA,R-2209,1.0,1.386021280693034,-0.4330470834227222,2.0709233723515154e-26,-2.039002793409076,1.3102945421681305,1.0,0.1428571428571428,7,1
1677,RYR2,E2F3,R-1677,1.0,1.5078854117299216,0.2061988439241938,1.1508461705785022e-06,2.981572014633029,2.321164622643981,1.0,0.2,5,1
307,RYR3,NFYA,R-307,-1.0,1.4508106374994842,0.5296277602486652,7.039403746731098e-41,-3.1358337272028054,2.330538435763942,1.0,0.0588235294117647,17,1
595,RYR3,EWSR1,R-595,-1.0,1.3655676028605606,0.307981993853169,1.7527334991329882e-13,-3.153384644476064,2.33837614557017,1.0,0.08,25,2
601,RYR3,EWSR1,R-601,-1.0,1.3655676028605606,0.2455398522666567,5.924710157291397e-09,-2.274412916437022,1.4756895886778472,1.0,0.08,25,2
2249,SPTA1,FEV,R-2249,1.0,1.4954545408498623,-0.1975185238572793,3.2407850097694105e-06,-3.230258802578248,2.4596131040252653,1.0,0.0769230769230769,13,1
3931,SPTA1,PRDM1,R-3931,-1.0,1.333280892780914,-0.3931586701506235,1.155773590495059e-21,2.12863363409135,1.368389838071754,1.0,0.0588235294117647,17,1
1575,SPTA1,NFKB1,R-1575,-1.0,1.7522071663689696,0.3620841654509036,2.1788014239171078e-18,-2.3480694391891097,1.585344848461013,1.0,0.0555555555555555,18,1
4178,SPTA1,SOX1,R-4178,1.0,1.4954545408498623,-0.2805419470106748,2.3741407172361778e-11,-2.2416862444014423,1.4829844691344451,1.0,0.0909090909090909,11,1
3673,SPTA1,HOXA9,R-3673,1.0,1.4658766814861093,-0.2756046712864924,5.433519500064549e-11,-2.415602631350334,1.6668633102926,1.0,0.2,5,1
3427,SYNE1,TBP,R-3427,1.0,2.068800303721377,-0.2784315125752827,3.3891072302767185e-11,-2.4156380502972725,1.533361780128338,1.0,0.1333333333333333,15,2
3426,SYNE1,TBP,R-3426,1.0,2.068800303721377,0.3823083067268337,1.7650335582929717e-20,2.4091682374211936,1.5802401505677242,1.0,0.1333333333333333,15,2
887,SYNE1,TRIM28,R-887,1.0,1.3066806647378093,0.3902027128584728,2.453436671887735e-21,2.5101384201230936,1.6325098215829557,1.0,0.1666666666666666,12,2
892,SYNE1,TRIM28,R-892,1.0,1.3066806647378093,-0.1333126034082812,0.0017795925582136,-2.482628876187657,1.5733670370473465,1.0,0.1666666666666666,12,2
2675,TCHH,MSX1,R-2675,1.0,2.24163099514737,0.358737707401287,4.679875377332711e-18,2.604081488655381,1.6613367036838995,1.0,0.1428571428571428,14,2
2671,TCHH,MSX1,R-2671,1.0,2.24163099514737,0.3804661490979695,2.7758709758376213e-20,2.231935932292954,1.3496516635375178,1.0,0.1428571428571428,14,2
3803,TCHH,TBR1,R-3803,-1.0,1.4495428830868993,0.4940683624146172,5.227686111014818e-35,-3.219313678218808,2.2205343434929032,1.0,0.1666666666666666,6,1
3796,TCHH,TBX2,R-3796,-1.0,1.4911871095964373,-0.2574848789103048,9.861639536374155e-10,2.461886142761484,1.54613616225286,1.0,0.5,2,1
734,TP53,MAZ,R-734,1.0,4.50278336916324,0.3175821829593563,2.773474674248545e-14,2.860919768978611,2.318363287465666,1.0,0.4,20,8
731,TP53,MAZ,R-731,1.0,4.50278336916324,-0.1703019554805673,6.249256824083625e-05,-2.863043362171642,2.3166839079683146,1.0,0.4,20,8
721,TP53,MAZ,R-721,1.0,4.50278336916324,0.5108220620170338,1.0924499879173434e-37,2.944043205977504,2.4259571489424347,1.0,0.4,20,8
732,TP53,MAZ,R-732,1.0,4.50278336916324,0.4130707627551726,5.9295493274571564e-24,3.779269776942969,3.6131470223309377,1.0,0.4,20,8
736,TP53,MAZ,R-736,1.0,4.50278336916324,-0.2741075561969889,6.96143229040663e-11,-4.051644744549597,4.057517633361854,1.0,0.4,20,8
724,TP53,MAZ,R-724,1.0,4.50278336916324,0.4197743835315726,9.264344412154212e-25,2.4684570192008306,1.8291560902966053,1.0,0.4,20,8
730,TP53,MAZ,R-730,1.0,4.50278336916324,-0.3037919192591659,3.838230004662486e-13,-2.316853737895698,1.656532945088221,1.0,0.4,20,8
723,TP53,MAZ,R-723,1.0,4.50278336916324,0.18761889706925,9.994868713883512e-06,4.26228815364752,4.425321951649085,1.0,0.4,20,8
4097,TP53,NKX2-5,R-4097,-1.0,3.3965311263059093,-0.3034031048549523,4.125183422608341e-13,2.0868501664615704,1.4142631658489655,1.0,1.0,3,3
4098,TP53,NKX2-5,R-4098,-1.0,3.3965311263059093,-0.2149106181452489,3.8903345686381947e-07,4.867242417695768,5.525376230394657,1.0,1.0,3,3
4099,TP53,NKX2-5,R-4099,-1.0,3.3965311263059093,-0.2865508635668364,8.475126809836496e-12,2.619276641744229,2.011131282998489,1.0,1.0,3,3
1597,TP53,ZNF217,R-1597,-1.0,1.7320568618386003,0.2372613241920277,1.9455092883805117e-08,-2.849227327659428,2.296422095553231,1.0,0.5,2,1
2249,TP53,FEV,R-2249,1.0,2.318363287465666,-0.1975185238572793,3.2407850097694105e-06,-2.060082396384198,1.3827557251823133,0.75,0.2307692307692307,13,4
2243,TP53,FEV,R-2243,1.0,2.318363287465666,-0.4437063756910565,8.642151730558027e-28,-2.8362104063313667,2.266645296041637,0.75,0.2307692307692307,13,4
2242,TP53,FEV,R-2242,1.0,2.318363287465666,-0.0997168539569692,0.0196658781503999,-6.9970392752872925,9.84103340686247,0.75,0.2307692307692307,13,4
1353,TP53,XBP1,R-1353,-1.0,2.5285190261422827,0.3253897785583556,5.891548995439187e-15,-4.150679538816304,4.192669074574177,0.6666666666666666,0.1818181818181818,11,3
1350,TP53,XBP1,R-1350,-1.0,2.5285190261422827,0.1781374125680828,2.785693607441138e-05,-2.057973988984364,1.3809260110524355,0.6666666666666666,0.1818181818181818,11,3
1640,TP53,TCF7L2,R-1640,1.0,2.504681769724905,-0.2794690597436831,2.8461285792727654e-11,-3.035540427981956,2.554199719375158,1.0,0.5,2,1
3305,TP53,BRF1,R-3305,1.0,1.583355033648692,0.3261726130659529,5.031392802385628e-15,2.774711790046116,2.204201996448064,1.0,0.3333333333333333,3,1
1680,TP53,E2F8,R-1680,1.0,3.88891860565153,0.5999416521774705,8.933501544952966e-55,4.7629161423189394,5.334327241989423,1.0,0.6666666666666666,3,2
1681,TP53,E2F8,R-1681,1.0,3.88891860565153,0.2709341326549989,1.1712494503841283e-10,4.0323879833537095,4.04189697333728,1.0,0.6666666666666666,3,2
4447,TP53,FOXO1,R-4447,-1.0,2.6509288180840143,0.245087323037389,6.329700987503794e-09,-4.224144738251944,4.351128272069164,1.0,0.6666666666666666,3,2
4446,TP53,FOXO1,R-4446,-1.0,2.6509288180840143,0.5156459854747795,1.7330468646949206e-38,-2.9245415161928165,2.40492231987086,1.0,0.6666666666666666,3,2
4345,TP53,SOX11,R-4345,1.0,4.269167305100211,0.2009300164866692,2.169033148841048e-06,3.528217261327224,3.246360977235105,1.0,0.4444444444444444,18,8
4338,TP53,SOX11,R-4338,1.0,4.269167305100211,-0.3631279447943668,1.7133881404822121e-18,-4.2964362864251,4.469562464868679,1.0,0.4444444444444444,18,8
4351,TP53,SOX11,R-4351,1.0,4.269167305100211,0.3019589265936294,5.386884877342858e-13,3.981258687947351,3.985741545091664,1.0,0.4444444444444444,18,8
4343,TP53,SOX11,R-4343,1.0,4.269167305100211,-0.280046452433327,2.5817678529123658e-11,-5.123421324072974,5.874183318825805,1.0,0.4444444444444444,18,8
4347,TP53,SOX11,R-4347,1.0,4.269167305100211,-0.3393275615082683,3.310650497274802e-16,-4.078099978411766,4.157149233643341,1.0,0.4444444444444444,18,8
4346,TP53,SOX11,R-4346,1.0,4.269167305100211,0.2313400246852788,4.4343050016805946e-08,3.215635543400569,2.7806978842974623,1.0,0.4444444444444444,18,8
4352,TP53,SOX11,R-4352,1.0,4.269167305100211,-0.2831280063829203,1.5285960804353036e-11,-2.063520503560054,1.3886518780006978,1.0,0.4444444444444444,18,8
4350,TP53,SOX11,R-4350,1.0,4.269167305100211,-0.3989241652808019,2.60430061849935e-22,-5.88835951688247,7.467620586930774,1.0,0.4444444444444444,18,8
3313,TP53,HBP1,R-3313,1.0,2.405561500404674,0.1598076325521313,0.000174603222576,2.202632623481124,1.5393536789526352,0.5,0.125,8,2
2186,TP53,MYBL2,R-2186,1.0,2.723462676441069,0.3082438918452208,1.66823388221222e-13,3.2574202902954155,2.855082064526051,1.0,0.25,4,1
4232,TP53,LHX6,R-4232,-1.0,1.743257689187395,-0.4382757316610183,4.42152926005119e-27,4.521274234040752,4.909922920371188,0.3333333333333333,0.1111111111111111,9,3
1591,TP53,MAFB,R-1591,-1.0,1.4555115867696966,0.3740410698870245,1.3168468174004717e-19,-1.9910659538709896,1.3123794790527814,0.5,0.1666666666666666,12,4
1595,TP53,MAFB,R-1595,-1.0,1.4555115867696966,0.4633365540236461,1.840296965340048e-30,-2.7767411718251984,2.210497499230192,0.5,0.1666666666666666,12,4
2578,TP53,NFIL3,R-2578,1.0,1.6053056294454082,-0.2458414162199907,5.668905184385101e-09,-2.899419838708919,2.3581420096663037,0.6666666666666666,0.25,8,3
2583,TP53,NFIL3,R-2583,1.0,1.6053056294454082,-0.2045237819067199,1.410284647088434e-06,-3.240246939860577,2.8353112572745744,0.6666666666666666,0.25,8,3
4152,TP53,SP100,R-4152,-1.0,1.6580936937344488,-0.2727784898750617,8.663369334394657e-11,4.271428803154519,4.4312433986463935,1.0,1.0,1,1
781,TP53,NRF1,R-781,1.0,3.528073796132861,0.4863664205128595,7.969127462786913e-34,3.529655864901768,3.236057760806885,1.0,0.6923076923076923,13,9
784,TP53,NRF1,R-784,1.0,3.528073796132861,0.3749953258687028,1.047286374858464e-19,4.308152634197187,4.541484087099972,1.0,0.6923076923076923,13,9
787,TP53,NRF1,R-787,1.0,3.528073796132861,0.6322286448655895,2.159151256305903e-62,4.625832080785922,5.041105520012223,1.0,0.6923076923076923,13,9
777,TP53,NRF1,R-777,1.0,3.528073796132861,0.3247829113466497,6.656215791453408e-15,4.447834409162087,4.767975018362891,1.0,0.6923076923076923,13,9
782,TP53,NRF1,R-782,1.0,3.528073796132861,0.4977020870747767,1.411236077606556e-35,3.228105667967204,2.8075581157896785,1.0,0.6923076923076923,13,9
783,TP53,NRF1,R-783,1.0,3.528073796132861,0.6749789462462435,5.5174629833950506e-74,4.0543332072392655,4.066260178711566,1.0,0.6923076923076923,13,9
778,TP53,NRF1,R-778,1.0,3.528073796132861,0.2638768909335636,3.6363065018890703e-10,6.552203595962813,9.004509854885498,1.0,0.6923076923076923,13,9
780,TP53,NRF1,R-780,1.0,3.528073796132861,0.6153411367985887,2.680911634058308e-58,1.987684080989736,1.312609266482664,1.0,0.6923076923076923,13,9
785,TP53,NRF1,R-785,1.0,3.528073796132861,0.4357584461735837,9.329955514857891e-27,3.3119420346707016,2.9376625911112755,1.0,0.6923076923076923,13,9
2422,TP53,HOXC11,R-2422,1.0,4.915407048781693,-0.2432266155227496,8.295840233424235e-09,-3.501258927302365,3.1908399082896146,0.6666666666666666,0.3333333333333333,6,3
2424,TP53,HOXC11,R-2424,1.0,4.915407048781693,0.1781513433123409,2.7816076220583416e-05,5.026853064324089,5.751332391081284,0.6666666666666666,0.3333333333333333,6,3
3805,TP53,PLAGL1,R-3805,-1.0,3.0559338942524863,-0.3767673898580368,6.830810206262435e-20,6.435537412275463,8.962358887812972,1.0,1.0,4,4
3807,TP53,PLAGL1,R-3807,-1.0,3.0559338942524863,-0.4434305469547465,9.395920110295551e-28,2.589059849883109,1.970913300066573,1.0,1.0,4,4
3804,TP53,PLAGL1,R-3804,-1.0,3.0559338942524863,-0.5349145510143121,8.201998353641174e-42,2.4131588503372803,1.7649526744932975,1.0,1.0,4,4
3806,TP53,PLAGL1,R-3806,-1.0,3.0559338942524863,0.1235828583804937,0.0037933713692396,-2.71184901573803,2.1213532445430663,1.0,1.0,4,4
2007,TP53,RARA,R-2007,1.0,3.631650326834014,0.0541966806995697,0.2056619553378258,3.8817659828756432,3.8071317065968624,0.3333333333333333,0.1333333333333333,15,6
2009,TP53,RARA,R-2009,1.0,3.631650326834014,0.3464545302707007,7.172194804431504e-17,3.124167642113747,2.674740788975911,0.3333333333333333,0.1333333333333333,15,6
562,TP53,SREBF2,R-562,1.0,1.4258262285702568,-0.2733924690983098,7.831950184848379e-11,-2.7374960617879665,2.1500265226661384,1.0,0.2,5,1
2338,TP53,ELF3,R-2338,-1.0,1.5672856504356432,0.3233286882855197,8.907195109611447e-15,-3.2054513767723947,2.769930783000955,0.5,0.2352941176470588,17,8
2330,TP53,ELF3,R-2330,-1.0,1.5672856504356432,-0.5982765616400971,2.0918623139546162e-54,5.146176551910997,6.12214189880453,0.5,0.2352941176470588,17,8
2329,TP53,ELF3,R-2329,-1.0,1.5672856504356432,-0.4772689846349754,1.8226023488546524e-32,2.8298130738088547,2.2664114766681576,0.5,0.2352941176470588,17,8
2340,TP53,ELF3,R-2340,-1.0,1.5672856504356432,0.6559807104650243,1.339615799816023e-68,-2.560881158475192,1.9399834961258409,0.5,0.2352941176470588,17,8
1686,TP53,E2F1,R-1686,1.0,1.5622404849948648,0.5255580032932279,3.5900020858811943e-40,5.448813683651585,6.714063329577343,0.8888888888888888,0.7272727272727273,11,9
1685,TP53,E2F1,R-1685,1.0,1.5622404849948648,0.4379204243627307,4.914872057129993e-27,4.880612560236206,5.598679249513111,0.8888888888888888,0.7272727272727273,11,9
1689,TP53,E2F1,R-1689,1.0,1.5622404849948648,0.5597823225894055,1.963933770816423e-46,3.0375422456763337,2.56000067721561,0.8888888888888888,0.7272727272727273,11,9
1693,TP53,E2F1,R-1693,1.0,1.5622404849948648,0.626857903035861,4.609563615141461e-61,4.915910135973579,5.612611588681093,0.8888888888888888,0.7272727272727273,11,9
1683,TP53,E2F1,R-1683,1.0,1.5622404849948648,0.6204182332032983,1.6737667318290634e-59,3.562577539766381,3.2995988457058423,0.8888888888888888,0.7272727272727273,11,9
1684,TP53,E2F1,R-1684,1.0,1.5622404849948648,0.39311035246396,1.1701535890451057e-21,3.0344838612418688,2.548050089317946,0.8888888888888888,0.7272727272727273,11,9
1692,TP53,E2F1,R-1692,1.0,1.5622404849948648,0.3840561752129827,1.1455475201908095e-20,6.430231238400512,8.97797949390344,0.8888888888888888,0.7272727272727273,11,9
1688,TP53,E2F1,R-1688,1.0,1.5622404849948648,0.8967882889072122,3.8189622010342934e-195,3.639718614517402,3.4131788106549856,0.8888888888888888,0.7272727272727273,11,9
14,TP53,ETS1,R-14,1.0,2.2664114766681576,-0.3407660941521814,2.43899197775711e-16,-2.4246145160373915,1.784020378904261,0.5,0.0526315789473684,19,2
3535,TP53,PARP1,R-3535,1.0,4.086438391810313,0.274289022470877,6.755992787874586e-11,2.7153608054617413,2.114956161466337,0.8,0.2857142857142857,14,5
3529,TP53,PARP1,R-3529,1.0,4.086438391810313,-0.2634121906329968,3.9134013219833926e-10,-2.5182271386679416,1.882162314317429,0.8,0.2857142857142857,14,5
3537,TP53,PARP1,R-3537,1.0,4.086438391810313,-0.2546429337619505,1.5235649164133927e-09,-4.862956262887748,5.424510927392399,0.8,0.2857142857142857,14,5
3536,TP53,PARP1,R-3536,1.0,4.086438391810313,-0.1925470078301047,5.746671771365333e-06,-4.347308808720615,4.519741001399048,0.8,0.2857142857142857,14,5
3815,TP53,IRF8,R-3815,-1.0,1.7338299730092752,0.6272984078332428,3.594223920433602e-61,-2.010876390824762,1.335685756194667,0.7142857142857143,0.3333333333333333,15,7
3818,TP53,IRF8,R-3818,-1.0,1.7338299730092752,0.4908366497058631,1.6534835633202756e-34,-2.1198779129224863,1.4465736858364255,0.7142857142857143,0.3333333333333333,15,7
3822,TP53,IRF8,R-3822,-1.0,1.7338299730092752,-0.2030739580279872,1.6793250941822482e-06,2.7835594571625184,2.203772336076053,0.7142857142857143,0.3333333333333333,15,7
3809,TP53,IRF8,R-3809,-1.0,1.7338299730092752,0.4848801567399359,1.3374454839407177e-33,-3.519079750998218,3.227627232810791,0.7142857142857143,0.3333333333333333,15,7
3821,TP53,IRF8,R-3821,-1.0,1.7338299730092752,0.5635903281922042,3.553166582510218e-47,-2.243096702698231,1.5734343032077018,0.7142857142857143,0.3333333333333333,15,7
4499,TP53,HOXB3,R-4499,-1.0,4.238200205368124,-0.3257804259552347,5.445666990342258e-15,3.5144267114459837,3.203070380380726,1.0,0.25,4,1
325,TP53,PLAG1,R-325,-1.0,2.0037300983914754,-0.5989786711507042,1.4621347929450042e-54,4.871983011420292,5.552028715105783,0.75,0.1578947368421052,19,4
333,TP53,PLAG1,R-333,-1.0,2.0037300983914754,-0.2770671794744707,4.2590906781462816e-11,2.629177981469839,2.0253229314733074,0.75,0.1578947368421052,19,4
332,TP53,PLAG1,R-332,-1.0,2.0037300983914754,-0.347592965355412,5.59702899373211e-17,2.4426857650416123,1.803926825302824,0.75,0.1578947368421052,19,4
521,TP53,HIC1,R-521,1.0,2.960497732298254,-0.0627227361037526,0.1429077431854759,-2.5329651356037,1.9074982424131823,0.5,0.1666666666666666,6,2
191,TP53,TFAP2B,R-191,1.0,4.825391257902113,-0.2300721069986738,5.2747049589472186e-08,-6.571866588585626,8.784118456990738,0.3333333333333333,0.0909090909090909,22,6
196,TP53,TFAP2B,R-196,1.0,4.825391257902113,0.3035524570973402,4.012555570665847e-13,2.51453243473412,1.8838748895098556,0.3333333333333333,0.0909090909090909,22,6
2612,TP53,RARG,R-2612,1.0,1.445188213386891,0.2410707961889589,1.1318027408005386e-08,2.5703914852028946,1.9445300004689925,0.875,0.7,10,8
2614,TP53,RARG,R-2614,1.0,1.445188213386891,0.2505314578934456,2.832224314294633e-09,3.623300750268213,3.3883440360650074,0.875,0.7,10,8
2608,TP53,RARG,R-2608,1.0,1.445188213386891,0.1695656789866746,6.730049641476658e-05,4.489147840944081,4.831972554319171,0.875,0.7,10,8
2606,TP53,RARG,R-2606,1.0,1.445188213386891,-0.1544264793240626,0.0002886954825953,-4.368167401668753,4.575807434870813,0.875,0.7,10,8
2611,TP53,RARG,R-2611,1.0,1.445188213386891,-0.1601384510684074,0.0001691986976205,-4.716229044716254,5.222361061409671,0.875,0.7,10,8
2613,TP53,RARG,R-2613,1.0,1.445188213386891,0.3446505722089863,1.0602417341763407e-16,2.150917100581836,1.4780142180812397,0.875,0.7,10,8
2607,TP53,RARG,R-2607,1.0,1.445188213386891,0.3508251913021124,2.752886376155056e-17,3.949946443602031,3.9220458462523817,0.875,0.7,10,8
1139,TP53,HMGA1,R-1139,1.0,2.230686617475069,-0.4792059446445012,9.433910636348153e-33,-2.0580739968312827,1.3818406333546391,0.5,0.1428571428571428,21,6
1136,TP53,HMGA1,R-1136,1.0,2.230686617475069,-0.3089412355748975,1.462226603409827e-13,-3.064778370885903,2.582464699822326,0.5,0.1428571428571428,21,6
1147,TP53,HMGA1,R-1147,1.0,2.230686617475069,-0.4295158597124194,5.787518816847602e-26,-2.880776282271001,2.3386301942278345,0.5,0.1428571428571428,21,6
1455,TP53,IRF1,R-1455,-1.0,3.467554046799775,0.2011267332595345,2.1189415950034783e-06,-4.476812076523535,4.742969379154719,1.0,0.5,20,10
1463,TP53,IRF1,R-1463,-1.0,3.467554046799775,0.5785735035191258,3.4157132090003373e-50,-2.2899990949196174,1.6256231644352643,1.0,0.5,20,10
1462,TP53,IRF1,R-1462,-1.0,3.467554046799775,0.4338788954943426,1.6227835202158393e-26,-2.767598887748821,2.1942009685274573,1.0,0.5,20,10
1454,TP53,IRF1,R-1454,-1.0,3.467554046799775,0.4573440610817676,1.2559181557446132e-29,-3.428725184574667,3.0640459680582475,1.0,0.5,20,10
1450,TP53,IRF1,R-1450,-1.0,3.467554046799775,0.4488469669617001,1.793340354331441e-28,-2.383708523289486,1.7289294652242695,1.0,0.5,20,10
1449,TP53,IRF1,R-1449,-1.0,3.467554046799775,0.3303557956075336,2.148091233685393e-15,-2.04756144540099,1.3709758247706898,1.0,0.5,20,10
1459,TP53,IRF1,R-1459,-1.0,3.467554046799775,0.4229967846375858,3.7391397887806927e-25,-3.1446623222280747,2.6859103369685777,1.0,0.5,20,10
1456,TP53,IRF1,R-1456,-1.0,3.467554046799775,0.3414332301627301,2.1155966985275336e-16,-2.2559403408739334,1.5909696370595487,1.0,0.5,20,10
1448,TP53,IRF1,R-1448,-1.0,3.467554046799775,0.5950502745896331,1.0724377806923762e-53,-2.2125960682611825,1.5431759961988505,1.0,0.5,20,10
1460,TP53,IRF1,R-1460,-1.0,3.467554046799775,0.4860470398708164,8.908913580632527e-34,-2.0509645205361684,1.3755257751933476,1.0,0.5,20,10
3911,TP53,ZSCAN16,R-3911,1.0,8.896498283090153,-0.2585436887936253,8.374937995700186e-10,-2.4210974118249258,1.7811807257299217,1.0,0.1666666666666666,6,1
368,TP53,TFAP2A,R-368,1.0,1.367381417746819,-0.4116578920085771,8.72233263038081e-24,-2.632407939101768,2.0239308585811004,0.6666666666666666,0.1111111111111111,18,3
377,TP53,TFAP2A,R-377,1.0,1.367381417746819,0.2017800118455317,1.960420103426326e-06,4.263064737182836,4.470628508672107,0.6666666666666666,0.1111111111111111,18,3
3906,TP53,PKNOX2,R-3906,1.0,2.35887290382445,-0.1544328581385387,0.0002885262035523,-2.267626007096858,1.6072415529404585,1.0,0.3333333333333333,3,1
609,TP53,KLF11,R-609,1.0,3.1721006839540675,-0.2196923827716872,2.1034379615600745e-07,-3.9117725056280768,3.8088981036822815,0.6,0.3,10,5
610,TP53,KLF11,R-610,1.0,3.1721006839540675,-0.30492052950319,3.1115428055309093e-13,-2.39102069374313,1.7453745668779994,0.6,0.3,10,5
607,TP53,KLF11,R-607,1.0,3.1721006839540675,0.1408412908432924,0.0009567584563867,3.1325047346648023,2.684967736470019,0.6,0.3,10,5
3240,TP53,SATB1,R-3240,1.0,1.900244910081195,-0.6935815488905335,1.1536456972613896e-79,-4.150205499520333,4.233894815039236,0.6666666666666666,0.2352941176470588,17,6
3244,TP53,SATB1,R-3244,1.0,1.900244910081195,-0.3953854629604239,6.522587270450082e-22,-4.126258024361824,4.209499664678029,0.6666666666666666,0.2352941176470588,17,6
3247,TP53,SATB1,R-3247,1.0,1.900244910081195,-0.4782114361438878,1.3236199551527076e-32,-2.649297339978588,2.031363068775116,0.6666666666666666,0.2352941176470588,17,6
3246,TP53,SATB1,R-3246,1.0,1.900244910081195,0.5300433363457956,5.953097152463398e-41,2.036590773954443,1.360682807309022,0.6666666666666666,0.2352941176470588,17,6
3890,TP53,HOXC6,R-3890,1.0,4.915407048781693,-0.2405905521105883,1.2124096641854986e-08,-2.2601141120057435,1.592504190543918,1.0,0.6,5,3
3894,TP53,HOXC6,R-3894,1.0,4.915407048781693,0.2540389993385096,1.6699822735579495e-09,3.66977875814498,3.4741052262389696,1.0,0.6,5,3
3893,TP53,HOXC6,R-3893,1.0,4.915407048781693,-0.1027509700563784,0.0162162707514155,-2.2630799540665256,1.5981273633776565,1.0,0.6,5,3
2683,TP53,NKX6-1,R-2683,-1.0,5.23596281941579,0.3833668233313277,1.358914022620671e-20,-2.0967557059720057,1.4252481755594102,0.375,0.25,12,8
2687,TP53,NKX6-1,R-2687,-1.0,5.23596281941579,0.3354917677366602,7.419791208456982e-16,-3.4066886674414647,3.0670876599793155,0.375,0.25,12,8
2686,TP53,NKX6-1,R-2686,-1.0,5.23596281941579,-0.2612450800643864,5.501399217608712e-10,2.392524606495245,1.7448963351213205,0.375,0.25,12,8
422,TP53,ZNF410,R-422,-1.0,6.548650299404143,-0.5621841295389113,6.697714513286593e-47,3.84465442655247,3.734437962589152,0.4,0.125,16,5
424,TP53,ZNF410,R-424,-1.0,6.548650299404143,-0.265587879607282,2.7713731875914966e-10,2.664185148995662,2.061007314525781,0.4,0.125,16,5
3091,TP53,E2F4,R-3091,1.0,4.104897810318644,0.2219685930637503,1.561951294334501e-07,4.005752287294226,3.967304160091548,1.0,0.4,5,2
3093,TP53,E2F4,R-3093,1.0,4.104897810318644,0.4597061287502845,5.9178549179293175e-30,4.874898808012664,5.589598561145896,1.0,0.4,5,2
3993,TP53,VAX2,R-3993,1.0,2.528099670815823,-0.3130484589004185,6.67998030290915e-14,-1.994376093166316,1.3155026318919356,1.0,0.4,5,2
3996,TP53,VAX2,R-3996,1.0,2.528099670815823,-0.4604328003626098,4.689359593386941e-30,-2.9058804347556872,2.356893903543425,1.0,0.4,5,2
4007,TP53,DLX6,R-4007,1.0,2.862364739448645,-0.3453598670508423,9.094764101361155e-17,-3.4548189834647767,3.1263842009102825,1.0,0.5,4,2
4006,TP53,DLX6,R-4006,1.0,2.862364739448645,-0.3630560914818777,1.7420165571826898e-18,-3.832345536177583,3.708943755985426,1.0,0.5,4,2
4153,TP53,TTF1,R-4153,1.0,5.717961451587055,0.4247601969015384,2.266367679615815e-25,2.0891873109303205,1.4132938442082952,1.0,0.7142857142857143,7,5
4156,TP53,TTF1,R-4156,1.0,5.717961451587055,-0.3836514504324322,1.2664427117577807e-20,-3.2667590922698952,2.8685494976599477,1.0,0.7142857142857143,7,5
4154,TP53,TTF1,R-4154,1.0,5.717961451587055,-0.2189333771687419,2.3212673060361386e-07,-2.078280526078901,1.4024059710111736,1.0,0.7142857142857143,7,5
4157,TP53,TTF1,R-4157,1.0,5.717961451587055,0.5093119693394583,1.932375742122075e-37,4.860327230965128,5.521155400465767,1.0,0.7142857142857143,7,5
4155,TP53,TTF1,R-4155,1.0,5.717961451587055,-0.3226619188735042,1.0174665475525556e-14,-2.762603401958976,2.18547832560139,1.0,0.7142857142857143,7,5
4434,TP53,RFC5,R-4434,1.0,4.099917035230308,0.4548079324297314,2.7990490513207736e-29,5.746300472770536,7.32031930050997,1.0,1.0,1,1
1674,TP53,E2F3,R-1674,1.0,3.963707393577215,0.482107278755219,3.4903149846890815e-33,3.891109438296112,3.815196263048316,1.0,0.8,5,4
1678,TP53,E2F3,R-1678,1.0,3.963707393577215,0.5383536851730981,1.9845785327638488e-42,4.8299605134505486,5.532871742854855,1.0,0.8,5,4
1676,TP53,E2F3,R-1676,1.0,3.963707393577215,-0.3839510347536875,1.1758131463222727e-20,-3.499031677121522,3.202064201215607,1.0,0.8,5,4
1675,TP53,E2F3,R-1675,1.0,3.963707393577215,0.5387320881789716,1.696010689666528e-42,6.332188282734279,8.63266392191233,1.0,0.8,5,4
2713,TP53,ONECUT2,R-2713,1.0,5.032749669660955,0.3950204041411556,7.16606225403539e-22,3.1443094385737766,2.685559673594632,0.6666666666666666,0.2857142857142857,7,3
2708,TP53,ONECUT2,R-2708,1.0,5.032749669660955,-0.5691443692884863,2.8198605897354514e-48,-3.816877210437623,3.670205177393888,0.6666666666666666,0.2857142857142857,7,3
3367,TP53,PAX6,R-3367,-1.0,2.5218353894163994,-0.4745427379836698,4.57246062841325e-32,2.210017350077474,1.544794461988897,0.5,0.238095238095238,21,10
3380,TP53,PAX6,R-3380,-1.0,2.5218353894163994,-0.3707035568416156,2.916384417380766e-19,2.715028416397909,2.1265183487637147,0.5,0.238095238095238,21,10
3365,TP53,PAX6,R-3365,-1.0,2.5218353894163994,-0.2408301609118273,1.1715206536052828e-08,4.023997181629727,4.023769765014087,0.5,0.238095238095238,21,10
3376,TP53,PAX6,R-3376,-1.0,2.5218353894163994,0.2395274896842838,1.411114566332113e-08,-2.851951445580079,2.30247548439981,0.5,0.238095238095238,21,10
3368,TP53,PAX6,R-3368,-1.0,2.5218353894163994,-0.3256370126090832,5.605370219150797e-15,3.0722423661983744,2.5977693524722416,0.5,0.238095238095238,21,10
1917,TP53,PBX1,R-1917,1.0,5.247871234131573,-0.3365397996231073,5.958233756431895e-16,-2.428377967581941,1.7791573341237716,1.0,0.4285714285714285,14,6
1924,TP53,PBX1,R-1924,1.0,5.247871234131573,0.2039619329948797,1.509236105334132e-06,2.75600931015758,2.1896481123701204,1.0,0.4285714285714285,14,6
1922,TP53,PBX1,R-1922,1.0,5.247871234131573,-0.331352650338759,1.7503529412402532e-15,-2.04085242438353,1.3600438096407887,1.0,0.4285714285714285,14,6
1916,TP53,PBX1,R-1916,1.0,5.247871234131573,0.4686064812567701,3.2932023723032407e-31,4.617726191445751,5.050541504834997,1.0,0.4285714285714285,14,6
1918,TP53,PBX1,R-1918,1.0,5.247871234131573,-0.265592718707919,2.7692373538574927e-10,-4.649037390436613,5.035614082272992,1.0,0.4285714285714285,14,6
1921,TP53,PBX1,R-1921,1.0,5.247871234131573,-0.1349482194235927,0.0015591921181267,-4.463764557525469,4.789499727061831,1.0,0.4285714285714285,14,6
3976,TP53,GBX2,R-3976,1.0,2.862364739448645,-0.2236418220885587,1.252460632479122e-07,-2.119595126188547,1.44175791447169,1.0,0.6,5,3
3972,TP53,GBX2,R-3972,1.0,2.862364739448645,0.1986439813539187,2.8408781033760344e-06,4.59507337442384,5.027640683607576,1.0,0.6,5,3
3975,TP53,GBX2,R-3975,1.0,2.862364739448645,-0.2751495025477864,5.859622698975303e-11,-2.999319070887992,2.489804636061637,1.0,0.6,5,3
301,TP53,NFYA,R-301,1.0,3.916991258999099,0.4469597177132638,3.20441389971102e-28,5.438253754139217,6.5244357032054525,1.0,0.5294117647058824,17,9
312,TP53,NFYA,R-312,1.0,3.916991258999099,0.284406408787572,1.2275337749683908e-11,2.207058038972272,1.5427355212956104,1.0,0.5294117647058824,17,9
304,TP53,NFYA,R-304,1.0,3.916991258999099,0.3854673596063259,8.065105858109874e-21,5.720421129313206,7.087652260547373,1.0,0.5294117647058824,17,9
305,TP53,NFYA,R-305,1.0,3.916991258999099,-0.2852830191999382,1.0554360373298528e-11,-5.831236860159648,7.467282421590042,1.0,0.5294117647058824,17,9
306,TP53,NFYA,R-306,1.0,3.916991258999099,0.3037296708282442,3.882819256654832e-13,4.041967160730031,4.104479489263984,1.0,0.5294117647058824,17,9
302,TP53,NFYA,R-302,1.0,3.916991258999099,0.4365758142629997,7.326118777981804e-27,3.723838854266044,3.564134912657382,1.0,0.5294117647058824,17,9
297,TP53,NFYA,R-297,1.0,3.916991258999099,0.2492267337141167,3.44019853006853e-09,4.0997123227776,4.158577134160979,1.0,0.5294117647058824,17,9
307,TP53,NFYA,R-307,1.0,3.916991258999099,0.5296277602486652,7.039403746731098e-41,3.52238278512425,3.237558550658118,1.0,0.5294117647058824,17,9
299,TP53,NFYA,R-299,1.0,3.916991258999099,0.7201777592295211,1.394789782211474e-88,3.2958559161199856,2.9000480891373277,1.0,0.5294117647058824,17,9
3720,TP53,FOXD3,R-3720,1.0,3.116383930000035,-0.2773277577118033,4.0776191890709756e-11,-4.970026478331138,5.58494455710726,1.0,0.5,14,7
3719,TP53,FOXD3,R-3719,1.0,3.116383930000035,0.1754316221149245,3.6968611715035074e-05,6.08213596584756,8.206391480638946,1.0,0.5,14,7
3713,TP53,FOXD3,R-3713,1.0,3.116383930000035,0.1423048988268699,0.0008449967853002,3.957555715578095,3.8826654756770673,1.0,0.5,14,7
3714,TP53,FOXD3,R-3714,1.0,3.116383930000035,-0.3291622241034429,2.742210936107869e-15,-3.0519592812886223,2.559291245120571,1.0,0.5,14,7
3716,TP53,FOXD3,R-3716,1.0,3.116383930000035,0.3332956958839342,1.171801279281055e-15,2.50638518558252,1.8647496161830288,1.0,0.5,14,7
3710,TP53,FOXD3,R-3710,1.0,3.116383930000035,-0.4527455224021763,5.344454927019004e-29,-2.189403015504988,1.516937384707211,1.0,0.5,14,7
3717,TP53,FOXD3,R-3717,1.0,3.116383930000035,-0.3033535407332762,4.163239874119286e-13,-4.3648225282171005,4.56015542033512,1.0,0.5,14,7
2204,TP53,RXRA,R-2204,1.0,2.936309286464339,-0.188762244574305,8.801620249831248e-06,-2.3852619883534936,1.734875019607136,0.5,0.1,10,2
3354,TP53,NR2E1,R-3354,-1.0,4.3333949450283376,0.5434958894772876,2.3061832052389483e-43,-4.946089602164324,5.634802808793326,0.8888888888888888,0.8,10,9
3356,TP53,NR2E1,R-3356,-1.0,4.3333949450283376,-0.3213975205328171,1.3082608798916216e-14,3.9376432078817856,3.888234417467154,0.8888888888888888,0.8,10,9
3358,TP53,NR2E1,R-3358,-1.0,4.3333949450283376,-0.2331054165813102,3.47658472238419e-08,3.6194583601887462,3.358837551925324,0.8888888888888888,0.8,10,9
3355,TP53,NR2E1,R-3355,-1.0,4.3333949450283376,0.0777922820450743,0.0690638266313884,-2.2711664196627668,1.6052634789286016,0.8888888888888888,0.8,10,9
3353,TP53,NR2E1,R-3353,-1.0,4.3333949450283376,0.3131906258115574,6.499847297274779e-14,-3.3399990775530157,2.985979183080665,0.8888888888888888,0.8,10,9
3357,TP53,NR2E1,R-3357,-1.0,4.3333949450283376,0.5208066663450375,2.3394275653906084e-39,-4.411958377985163,4.623557366791658,0.8888888888888888,0.8,10,9
3351,TP53,NR2E1,R-3351,-1.0,4.3333949450283376,0.2742329328953116,6.818852575638846e-11,-4.2944734480595415,4.426938471441434,0.8888888888888888,0.8,10,9
3349,TP53,NR2E1,R-3349,-1.0,4.3333949450283376,-0.169660701326456,6.666093967787489e-05,2.561483263414894,1.9370525420222464,0.8888888888888888,0.8,10,9
3361,TP53,BRCA1,R-3361,1.0,2.7234269630942927,0.3632393907484313,1.6698989990158912e-18,3.729877142683976,3.530531039148402,1.0,0.5,4,2
3359,TP53,BRCA1,R-3359,1.0,2.7234269630942927,0.3043342651290448,3.470373784377439e-13,2.4552498577502244,1.8097566324391563,1.0,0.5,4,2
1415,TP53,IRF2,R-1415,-1.0,4.835695171604742,0.2153428378157824,3.682113543101114e-07,-3.6300676305672255,3.3596326383832475,0.75,0.2727272727272727,22,8
1421,TP53,IRF2,R-1421,-1.0,4.835695171604742,0.2900799610056472,4.574854488886555e-12,-3.8570611576959135,3.759445497366616,0.75,0.2727272727272727,22,8
1416,TP53,IRF2,R-1416,-1.0,4.835695171604742,0.2984741875773247,1.0193907161729925e-12,-4.343469671150466,4.515189419364545,0.75,0.2727272727272727,22,8
1411,TP53,IRF2,R-1411,-1.0,4.835695171604742,0.4499641393314913,1.2696792727403711e-28,-2.393501036415456,1.7397229785172104,0.75,0.2727272727272727,22,8
1424,TP53,IRF2,R-1424,-1.0,4.835695171604742,0.3271902172741521,4.095383450970677e-15,-6.02387130765796,7.778716092557879,0.75,0.2727272727272727,22,8
1408,TP53,IRF2,R-1408,-1.0,4.835695171604742,0.3619513834622122,2.2462926110412593e-18,-4.548659710181767,4.918373835437843,0.75,0.2727272727272727,22,8
3953,TP53,POU4F1,R-3953,1.0,4.751295473529528,-0.3833894058009672,1.351340351669597e-20,-4.302889319118884,4.442168561455382,1.0,0.4,10,4
3961,TP53,POU4F1,R-3961,1.0,4.751295473529528,-0.220550076699745,1.8809839015528807e-07,-2.684464030490925,2.087926894756283,1.0,0.4,10,4
3955,TP53,POU4F1,R-3955,1.0,4.751295473529528,-0.4869348681982957,6.533037527716108e-34,-2.286978526285768,1.6249157914572887,1.0,0.4,10,4
3958,TP53,POU4F1,R-3958,1.0,4.751295473529528,-0.3276151782937301,3.757192016498746e-15,-2.6453266327124703,2.047686259741636,1.0,0.4,10,4
1269,TP53,ARID3A,R-1269,1.0,2.52033462391548,-0.4680150845031613,4.000615702611463e-31,-4.318029359418942,4.488318766051592,0.75,0.2727272727272727,11,4
1276,TP53,ARID3A,R-1276,1.0,2.52033462391548,-0.0088355378858321,0.8366525462349451,-2.6924145522722944,2.0993226210142315,0.75,0.2727272727272727,11,4
1274,TP53,ARID3A,R-1274,1.0,2.52033462391548,-0.3630628368948869,1.7393090793139504e-18,-4.586798169073568,4.973137489790985,0.75,0.2727272727272727,11,4
3182,TP53,BCL6,R-3182,1.0,1.362741186115192,-0.2607125590351947,5.978819645163937e-10,-2.4823923431059307,1.8567556877854572,0.6666666666666666,0.2222222222222222,9,3
3176,TP53,BCL6,R-3176,1.0,1.362741186115192,-0.26730473385753,2.1060943921245783e-10,-2.4906422746122496,1.86311625018831,0.6666666666666666,0.2222222222222222,9,3
3873,TP53,RORA,R-3873,-1.0,2.8535928105635238,-0.1648398572963885,0.0001075102724349,3.861017240621929,3.749100773955951,0.5714285714285714,0.4,10,7
3877,TP53,RORA,R-3877,-1.0,2.8535928105635238,-0.302632074820121,4.757711565982767e-13,4.041595936940535,4.043619147768667,0.5714285714285714,0.4,10,7
3875,TP53,RORA,R-3875,-1.0,2.8535928105635238,0.6387464001857039,4.845534117341114e-64,-3.5771987957646747,3.349188405488451,0.5714285714285714,0.4,10,7
3872,TP53,RORA,R-3872,-1.0,2.8535928105635238,-0.3817372195319591,2.0316507881198547e-20,2.4623513260927963,1.827356213677419,0.5714285714285714,0.4,10,7
4410,TP53,LMO2,R-4410,-1.0,4.908310099163565,0.4256103388998143,1.7784538881030526e-25,-3.102679382468232,2.640592321103024,1.0,0.6666666666666666,6,4
4411,TP53,LMO2,R-4411,-1.0,4.908310099163565,0.3701551987557938,3.3204455211714335e-19,-3.849975773508217,3.7609372129954313,1.0,0.6666666666666666,6,4
4412,TP53,LMO2,R-4412,-1.0,4.908310099163565,0.5189040932779172,4.9144587381036234e-39,-3.304568570421254,2.91575714252286,1.0,0.6666666666666666,6,4
4407,TP53,LMO2,R-4407,-1.0,4.908310099163565,-0.3776623301970583,5.499309847527468e-20,2.1281416192555547,1.458519193593918,1.0,0.6666666666666666,6,4
3064,TP53,FOXO4,R-3064,1.0,5.117711324052363,0.2488785384273714,3.622779538444436e-09,2.358187667653695,1.7032963115534163,1.0,0.3333333333333333,12,4
3072,TP53,FOXO4,R-3072,1.0,5.117711324052363,-0.3109490224210195,9.985113703862041e-14,-4.1752517451021705,4.248103349011664,1.0,0.3333333333333333,12,4
3074,TP53,FOXO4,R-3074,1.0,5.117711324052363,-0.191031709453359,6.8230923191625335e-06,-4.813614497432433,5.300182496597447,1.0,0.3333333333333333,12,4
3068,TP53,FOXO4,R-3068,1.0,5.117711324052363,-0.4028248469927701,9.345032803032004e-23,-2.123882558826388,1.4471094277525889,1.0,0.3333333333333333,12,4
591,TP53,EWSR1,R-591,1.0,3.789916639443167,0.3726809893291965,1.8227963455551992e-19,2.0240525245901733,1.3469087148806027,0.4444444444444444,0.16,25,9
601,TP53,EWSR1,R-601,1.0,3.789916639443167,0.2455398522666567,5.924710157291397e-09,4.762695873084152,5.305785548900064,0.4444444444444444,0.16,25,9
584,TP53,EWSR1,R-584,1.0,3.789916639443167,-0.5641597290338265,2.7463791959899804e-47,-2.219912639790232,1.557947553934797,0.4444444444444444,0.16,25,9
588,TP53,EWSR1,R-588,1.0,3.789916639443167,-0.1502640462594558,0.0004212784322616,-2.825632803176599,2.274630291495534,0.4444444444444444,0.16,25,9
2620,TP53,CEBPD,R-2620,-1.0,1.3939520569945874,0.3839618860702675,1.1726533592724452e-20,-4.490460085012828,4.757377360218861,1.0,0.3333333333333333,6,2
2617,TP53,CEBPD,R-2617,-1.0,1.3939520569945874,0.3371036281670263,5.293105665529535e-16,-4.56512162287507,4.929468023790978,1.0,0.3333333333333333,6,2
931,TP53,SMAD4,R-931,1.0,2.9529164513317383,-0.2112755004106636,6.151148854277066e-07,-2.6494233984724542,2.0539320607207245,0.5,0.25,8,4
930,TP53,SMAD4,R-930,1.0,2.9529164513317383,-0.2713267596839568,1.098634014945796e-10,-2.08983551113512,1.4157643565737803,0.5,0.25,8,4
3797,TP53,TBX2,R-3797,-1.0,1.307814583166254,0.2976471412866346,1.1845018102944122e-12,-4.243750955175448,4.357000818862102,0.5,0.5,2,2
1439,TP53,TRAF4,R-1439,1.0,1.733633204465009,0.1938007748133316,4.980551798193506e-06,4.05633169585637,4.112999101634212,0.3333333333333333,0.0714285714285714,14,3
4256,TP53,POU3F2,R-4256,1.0,1.40561169120326,0.3608588465138458,2.88563946195947e-18,3.1528290022180583,2.700728798318448,0.5384615384615384,0.2916666666666667,24,13
4254,TP53,POU3F2,R-4254,1.0,1.40561169120326,-0.3828444937413565,1.5462543311052043e-20,-2.90621956911619,2.3674194002456224,0.5384615384615384,0.2916666666666667,24,13
4241,TP53,POU3F2,R-4241,1.0,1.40561169120326,-0.1141653086635005,0.0075235147465027,-3.4197748778631616,3.077002608825012,0.5384615384615384,0.2916666666666667,24,13
4247,TP53,POU3F2,R-4247,1.0,1.40561169120326,-0.3438980187402237,1.2470827286298937e-16,-2.085388080978042,1.407447457346905,0.5384615384615384,0.2916666666666667,24,13
4249,TP53,POU3F2,R-4249,1.0,1.40561169120326,0.3874130446609395,4.957542338687208e-21,3.36104878768633,3.016954035230773,0.5384615384615384,0.2916666666666667,24,13
4246,TP53,POU3F2,R-4246,1.0,1.40561169120326,0.1333900290184734,0.0017685467578715,2.005755971232773,1.3259583909181891,0.5384615384615384,0.2916666666666667,24,13
4245,TP53,POU3F2,R-4245,1.0,1.40561169120326,0.442338816523153,1.3072479347614129e-27,4.271508784531176,4.462368698257164,0.5384615384615384,0.2916666666666667,24,13
4197,TP53,OSR2,R-4197,1.0,3.906008472946935,-0.3186098319673626,2.2677016533494408e-14,-5.239333625963151,6.166989352319988,1.0,0.5,2,1
4280,TP53,NKX2-2,R-4280,1.0,4.103497883962963,0.4916445595531251,1.2413087532349075e-34,2.585050268863049,1.961852928610608,1.0,0.1428571428571428,14,2
4279,TP53,NKX2-2,R-4279,1.0,4.103497883962963,-0.3422080728223057,1.7926452419792452e-16,-3.0044186964450725,2.4809743544648404,1.0,0.1428571428571428,14,2
3522,TP53,RFX5,R-3522,1.0,2.0710778801121665,-0.3074023282526197,1.9549488848150602e-13,-2.0745755657855067,1.4030970084429053,1.0,0.6666666666666666,3,2
3523,TP53,RFX5,R-3523,1.0,2.0710778801121665,-0.2939565938538435,2.3009786081478124e-12,-2.109377463189548,1.4364771610234768,1.0,0.6666666666666666,3,2
1978,TP53,HOXC4,R-1978,1.0,6.911749435408569,-0.2338050332218922,3.1552988351146654e-08,-2.755199192716648,2.1749393061923823,1.0,0.25,4,1
3267,TP53,CEBPA,R-3267,-1.0,2.582464699822326,0.2335634447885745,3.262853761033832e-08,-2.133487436764132,1.4603993013415713,1.0,0.4,10,4
3269,TP53,CEBPA,R-3269,-1.0,2.582464699822326,0.1445382170905596,0.0006975220427717,-2.074729188715006,1.4004369188894883,1.0,0.4,10,4
3268,TP53,CEBPA,R-3268,-1.0,2.582464699822326,0.2033444344257138,1.625660680543689e-06,-5.029931571928342,5.700557921154783,1.0,0.4,10,4
3272,TP53,CEBPA,R-3272,-1.0,2.582464699822326,0.1781132903846043,2.7927822753450305e-05,-2.350020467104509,1.6955260353017625,1.0,0.4,10,4
1043,TP53,ZBTB16,R-1043,-1.0,3.54823827545562,0.5102451825653362,1.3588432977617264e-37,-3.6636150922225617,3.474642534983895,0.5,0.1333333333333333,15,4
1048,TP53,ZBTB16,R-1048,-1.0,3.54823827545562,0.2171875616343783,2.907895336977451e-07,-4.680660951424048,5.119759737888993,0.5,0.1333333333333333,15,4
4170,TP53,SOX1,R-4170,1.0,2.318363287465666,-0.2540019728866657,1.6793906081052023e-09,-3.793605990241222,3.617457202213461,1.0,0.4545454545454545,11,5
4171,TP53,SOX1,R-4171,1.0,2.318363287465666,-0.3428262312688311,1.5702118700696935e-16,-4.464540572406888,4.714293392943498,1.0,0.4545454545454545,11,5
4173,TP53,SOX1,R-4173,1.0,2.318363287465666,-0.2730821067801812,8.242003982058404e-11,-3.007515858680535,2.4861340446401936,1.0,0.4545454545454545,11,5
4169,TP53,SOX1,R-4169,1.0,2.318363287465666,-0.3628933950528847,1.808591717959856e-18,-2.1911987577097745,1.5191046424915295,1.0,0.4545454545454545,11,5
4172,TP53,SOX1,R-4172,1.0,2.318363287465666,-0.208641636589701,8.53000385450361e-07,-2.266343829065077,1.600807841222824,1.0,0.4545454545454545,11,5
718,TP53,MYCN,R-718,1.0,2.229107634769357,0.2997465777660335,8.084077370894421e-13,3.955656884389272,3.923548642778917,1.0,0.4,5,2
715,TP53,MYCN,R-715,1.0,2.229107634769357,0.4710941455827295,1.4465340931331004e-31,3.933939126765849,3.852381139057209,1.0,0.4,5,2
3484,TP53,TFEB,R-3484,1.0,3.451590417813249,0.1507725917445822,0.0004024761608618,4.083414995772456,4.078550947475821,1.0,0.6666666666666666,3,2
3483,TP53,TFEB,R-3483,1.0,3.451590417813249,0.2346224746310148,2.8162216146760506e-08,2.999618807213112,2.5053182512269987,1.0,0.6666666666666666,3,2
4021,TP53,CPEB1,R-4021,-1.0,2.582464699822326,-0.3189207075234377,2.133381287184981e-14,5.020543685504828,5.721803151292433,0.5,0.1111111111111111,9,2
1039,TP53,ZNF232,R-1039,1.0,4.735770105848919,-0.3548844635395028,1.116079745287125e-17,-2.095450629637467,1.4190066274770583,1.0,0.4444444444444444,9,4
1038,TP53,ZNF232,R-1038,1.0,4.735770105848919,0.3248947238992475,6.508362292367727e-15,3.6930215146139296,3.4572987286558954,1.0,0.4444444444444444,9,4
1040,TP53,ZNF232,R-1040,1.0,4.735770105848919,-0.1776534291846745,2.9312348492837134e-05,-4.739496526493357,5.240546271926032,1.0,0.4444444444444444,9,4
1036,TP53,ZNF232,R-1036,1.0,4.735770105848919,0.4937964196227583,5.762316391364552e-35,4.895957980096813,5.495210910808295,1.0,0.4444444444444444,9,4
3865,TP53,INSM1,R-3865,1.0,4.732367570183389,0.3915826630567953,1.728129016821261e-21,5.539427660646397,6.7755510580970295,1.0,0.5,2,1
940,TP53,RFX2,R-940,1.0,1.389682828639479,-0.0503954938294868,0.2393141157887412,-2.251797673193322,1.5832172724211886,0.4,0.2222222222222222,9,5
937,TP53,RFX2,R-937,1.0,1.389682828639479,0.3403134182835005,2.6856151530646393e-16,4.854576246246942,5.528808084722741,0.4,0.2222222222222222,9,5
4325,TP53,TBX5,R-4325,1.0,4.0921731680780855,-0.2164375743553474,3.201601495864496e-07,-4.190791531203314,4.266970793737486,1.0,0.1666666666666666,6,1
2162,TP53,ETV4,R-2162,-1.0,3.672360675735829,-0.0007260850546723,0.9864822044961348,2.2592391491952366,1.6006252279131634,1.0,0.3333333333333333,3,1
4486,TP53,EN1,R-4486,1.0,1.5308896393036049,-0.1330479192673777,0.0018178326590609,-2.434534901862435,1.787010935861736,1.0,0.5,2,1
1866,TP53,HOXA10,R-1866,1.0,4.63084295808854,0.2878637262336003,6.744814963661534e-12,4.500604444833725,4.807116163036125,1.0,0.2857142857142857,7,2
1867,TP53,HOXA10,R-1867,1.0,4.63084295808854,-0.1952970100663557,4.193673207178024e-06,-3.541210569663473,3.2847758601743844,1.0,0.2857142857142857,7,2
1101,TP53,ZNF35,R-1101,1.0,4.90900925412947,0.2664367751705452,2.4202182396186085e-10,3.21950512594648,2.7976115659291643,1.0,0.4666666666666667,15,7
1094,TP53,ZNF35,R-1094,1.0,4.90900925412947,0.3558411390714996,9.004522886320265e-18,4.219793971201807,4.359433287922226,1.0,0.4666666666666667,15,7
1095,TP53,ZNF35,R-1095,1.0,4.90900925412947,0.2750729567740736,5.934412370362865e-11,2.89235257796648,2.346533534387048,1.0,0.4666666666666667,15,7
1105,TP53,ZNF35,R-1105,1.0,4.90900925412947,0.3231543340231739,9.222815714195338e-15,3.412045356994906,3.085274568605285,1.0,0.4666666666666667,15,7
1104,TP53,ZNF35,R-1104,1.0,4.90900925412947,0.265840832595126,2.6618495498348426e-10,2.333495709607001,1.6792906307421884,1.0,0.4666666666666667,15,7
1106,TP53,ZNF35,R-1106,1.0,4.90900925412947,0.1867089995100777,1.1053017233571296e-05,2.476750736965176,1.840534749049723,1.0,0.4666666666666667,15,7
1099,TP53,ZNF35,R-1099,1.0,4.90900925412947,0.3487046387472066,4.389040046541136e-17,4.566538083078633,5.001911168721988,1.0,0.4666666666666667,15,7
2156,TP53,HOXA3,R-2156,1.0,2.862364739448645,-0.2774593665851889,3.9888544269766045e-11,-2.1466711193570527,1.4768462420721744,1.0,0.2857142857142857,7,2
2157,TP53,HOXA3,R-2157,1.0,2.862364739448645,-0.1590452542426814,0.00018768071608,-4.090469854593493,4.127213564337505,1.0,0.2857142857142857,7,2
3335,TP53,TFAP4,R-3335,1.0,1.99296961781378,0.1612623688512077,0.0001519867702276,4.718851029761577,5.218340358308362,1.0,0.25,4,1
2586,USH2A,RUNX2,R-2586,-1.0,1.4014716885121146,0.1830298166318128,1.652198215079013e-05,-2.978345683221044,2.149062797869526,1.0,0.1,10,1
4492,USH2A,BACH1,R-4492,-1.0,1.414848364574376,0.2912260946595538,3.737736640678551e-12,-2.221771371956048,1.3713033997263897,1.0,0.2,5,1
2095,USH2A,MAFK,R-2095,-1.0,1.7277416297904096,0.7426211413854696,5.902701805710657e-97,-2.73968672251882,1.8179540650562227,1.0,0.2,10,2
2093,USH2A,MAFK,R-2093,-1.0,1.7277416297904096,0.3386285314253394,3.838385886870185e-16,-2.3112691286254874,1.434519977091183,1.0,0.2,10,2
