Source,Target,Edge,Coef
HSF1,ERG,-1,-0.023707493974895678
MYBL2,ERG,1,0.01541598108775155
KLF13,ERG,1,0.017818628054401313
HOXC10,ERG,-1,-0.004349859887716934
LHX6,ERG,1,0.15990761156705144
ESRRG,ERG,1,0.005642943704884223
E2F1,ERG,-1,-0.02814404067647387
SOX21,ERG,-1,-0.00322885655788489
IRF8,ERG,-1,-0.0286529170878306
SOX9,ERG,-1,-0.03506936913380217
ZNF281,ERG,-1,-0.08202007606578063
SP1,ERG,-1,-0.0741395973576938
HMGA1,ERG,-1,-0.02761782325066694
ZNF219,ERG,1,0.03186896392268491
KLF11,ERG,1,0.08209342465129985
SP4,ERG,1,0.041508791647306496
HOXC13,ERG,-1,-0.014116190273116872
SOX17,ERG,1,0.17392243570563634
RXRA,ERG,-1,-0.03455731517266914
TEAD3,ERG,1,0.012637035596114976
KLF15,ERG,1,0.020288326383942054
SPI1,ERG,-1,-0.030308715017899626
SOX2,ERG,1,0.0276166310391128
SRF,ERG,1,0.016753842992412515
POU3F3,ERG,1,0.04201450816944787
EWSR1,ERG,-1,-0.037446482847791535
PATZ1,ERG,-1,-0.01900854972257931
CEBPA,ERG,-1,-0.0753428561693335
TCF3,ERG,1,0.027071405823714315
NFATC1,ERG,1,0.09889827465092474
TAL1,ERG,1,0.08392854221070924
RUNX1,ERG,-1,-0.0004109822112288981
HBP1,ERG,1,0.004055003567444512
ELF4,ERG,-1,-0.042078756594500014
EMX2,ERG,-1,-0.021903659262357385
EGR1,ERG,1,0.03032289715419491
IRF1,ERG,1,0.007318878384981703
FOXF2,ERG,1,0.20586224844856582
RUNX2,ERG,-1,-0.017756634668462577
TFAP2C,ERG,1,0.059855178031976125
HOXD13,ERG,-1,-0.011750876634591453
IRF2,ERG,1,0.029794405453222508
PRDM1,ERG,1,0.02698997726282818
SMAD4,ERG,-1,-0.09546806089679157
POU3F2,ERG,1,0.03203246693736899
RFX3,ERG,1,8.099956582329581e-05
HOXD11,ERG,1,0.012504384968683583
E2F3,ERG,-1,-0.013714067346433354
FLI1,ERG,1,0.33108529851078783
SOX1,ERG,1,0.01491359285033378
HOXB13,ERG,-1,-0.020187816210618024
HOXA3,ERG,1,0.01905915226175437
TEAD4,ERG,-1,-0.0028774110646195305
MSX1,ERG,1,0.007481727667274941
MAFB,ERG,-1,-0.014396808498318786
HIC1,ERG,1,0.12829268348782866
RUNX3,ERG,1,0.0028587724814790735
ARID3A,ERG,-1,-0.06699135769699169
HOXC4,ERG,-1,-0.021857650771260458
TEAD1,ERG,1,0.010611788381155814
FOXO3,ERG,1,0.019068165375580853
BCL6,ERG,-1,-0.0373417880402331
HOXA9,ERG,-1,-0.013229935892767011
NFIL3,ERG,1,0.0696844955729927
EN1,ERG,-1,-0.017543546939985107
ZNF35,ERG,1,0.07531953281117729
HSF1,NR2F6,1,0.1423742042293759
NR1H2,NR2F6,1,0.021127962516021805
RARA,NR2F6,1,0.04303184472645224
ELF3,NR2F6,1,0.21323965933976935
ETS1,NR2F6,1,0.0006462227278846389
PLAG1,NR2F6,1,0.016425514692584634
TRIM28,NR2F6,1,0.1147173268422991
HMGA1,NR2F6,1,0.045554615189209356
ZNF219,NR2F6,1,0.09583618989045652
TP53,NR2F6,-1,-0.01796921106623491
KLF11,NR2F6,-1,-0.011457954326925441
GABPA,NR2F6,-1,-0.023373799573678154
ETV6,NR2F6,1,0.05945987434452816
KLF15,NR2F6,1,0.008024747619534664
SOX13,NR2F6,-1,-0.006461607280094145
SOX2,NR2F6,-1,-0.01430722140694024
SRF,NR2F6,1,0.016889911306721708
THRA,NR2F6,-1,-0.07217265590569122
SF1,NR2F6,-1,-0.07028366612360473
POU3F3,NR2F6,1,0.12556018019020096
ESR2,NR2F6,1,0.042322217224891975
PATZ1,NR2F6,-1,-0.10480488672081062
POU3F4,NR2F6,1,0.03614324508195818
CEBPA,NR2F6,1,0.001618877429630531
NFKB1,NR2F6,-1,-0.09062103270904749
TCF3,NR2F6,1,0.27277485730303735
MZF1,NR2F6,1,0.014723549953490267
RFX2,NR2F6,1,0.03164973670906022
SOX12,NR2F6,-1,-0.08626579503609257
RFX1,NR2F6,1,0.17095427774798203
JUN,NR2F6,1,0.04661472685990156
TAL1,NR2F6,-1,-0.04347026211357813
XBP1,NR2F6,1,0.09751259022276654
ELF4,NR2F6,-1,-0.14196793529761834
EGR1,NR2F6,-1,-0.03325844228542684
NR2C2,NR2F6,-1,-0.06887950310295603
IRF2,NR2F6,-1,-0.03712733754182037
POU4F1,NR2F6,-1,-0.008626781644050192
FOXC1,NR2F6,1,0.13725597887435528
SMAD3,NR2F6,1,0.07786611350430678
NR2F1,NR2F6,1,0.01566745987770266
IRF7,NR2F6,-1,-0.02035735200819084
PITX1,NR2F6,1,0.026042878263742623
POU3F2,NR2F6,1,0.003369392409903507
RFX3,NR2F6,-1,-0.08822444456800181
MAZ,NR2F6,1,0.10867404367314942
RORA,NR2F6,1,0.13345118807719722
AR,NR2F6,-1,-0.024987285985350723
NR4A1,NR2F6,-1,-0.015212948054005143
RARG,NR2F6,1,0.12214332801437892
FOXO3,NR2F6,1,0.03550367176071247
PPARA,NR2F6,1,0.059725453339718626
SREBF1,NR2F6,-1,-0.022272594517478785
NKX6-1,NR2F6,-1,-0.028353395960794177
TFAP2A,NR2F6,-1,-0.04327171225650671
ZNF35,NR2F6,-1,-0.06099203877049685
NR2F6,ETV1,1,0.08711587838407663
MEOX2,ETV1,1,0.16055324182689998
ELK1,ETV1,-1,-0.011747794362384142
HOXC10,ETV1,-1,-0.015838215247801154
ERF,ETV1,1,0.06453538375747796
SOX21,ETV1,1,0.05469963002652243
SOX9,ETV1,1,0.031372390105803685
FOXJ1,ETV1,-1,-0.011663420582543356
HMGA1,ETV1,1,0.12491882805968732
KLF11,ETV1,1,0.05351421511771358
NFYA,ETV1,1,0.07711185793635411
ZNF282,ETV1,1,0.027905583106204526
SOX13,ETV1,1,0.009255284068074618
SOX2,ETV1,1,0.11930195795944469
SRF,ETV1,-1,-0.11142773301018913
POU3F3,ETV1,-1,-0.004314853647997486
ESR2,ETV1,1,0.13579273121341803
TRAF4,ETV1,1,0.22316997985243556
ZBTB16,ETV1,1,0.03283470250267027
TCF3,ETV1,1,0.02049359752335888
MZF1,ETV1,-1,-0.14892699602656934
RFX2,ETV1,-1,-0.02225326496992285
JUN,ETV1,1,0.0159804709284048
CEBPG,ETV1,-1,-0.030942514456555548
TAL1,ETV1,-1,-0.008916963102865341
RUNX1,ETV1,1,0.007219171123249712
SOX11,ETV1,1,0.0797213594273212
HBP1,ETV1,1,0.07578802578862408
ELF4,ETV1,-1,-0.19497238604229183
ZEB1,ETV1,1,0.3655441325928363
PRRX1,ETV1,1,0.016808321955909696
MAF,ETV1,1,0.015191210391750134
HOXD13,ETV1,1,0.02726565513616678
NR2E1,ETV1,-1,-0.04829081308604381
IRF2,ETV1,-1,-0.08141883435955312
FOXC1,ETV1,-1,-0.09463789292655454
HOXA10,ETV1,1,0.09763153409447568
IRF7,ETV1,-1,-0.11763228033721691
POU3F2,ETV1,-1,-0.0026256857834647284
DLX6,ETV1,1,0.03699988717738663
HOXB2,ETV1,-1,-0.017517835140365506
FLI1,ETV1,1,0.1579734389334622
HOXB13,ETV1,-1,-0.02094123527899135
RUNX3,ETV1,-1,-0.011997593198641411
NFATC4,ETV1,-1,-0.04273670903074181
ARID3A,ETV1,-1,-0.1429143696505225
FOXO3,ETV1,1,0.05990346713056
BCL6,ETV1,1,0.11383171282369604
NFIL3,ETV1,-1,-0.00024220889176034932
PARP1,ETV1,1,0.004548683985988019
PAX6,ETV1,-1,-0.0078411451318953
RFX5,ETV1,1,0.1340225429443863
EN1,ETV1,1,0.023187636096956614
SOX18,REL,-1,-0.059247489675646595
ELF5,REL,1,0.02049093225874373
MEOX2,REL,-1,-0.030253942476975455
RELA,REL,-1,-0.015276891455317309
ZNF652,REL,1,0.11267636175076712
RARA,REL,-1,-0.005580445315706909
SREBF2,REL,-1,-0.04382978030327924
E2F1,REL,1,0.014406038180260509
ARID5A,REL,1,0.03094670453971017
MEF2A,REL,1,0.029198383649670073
SOX9,REL,-1,-0.014653398082042196
FOXJ1,REL,-1,-0.0002694095776926352
STAT4,REL,1,0.05722530104010662
SP1,REL,1,0.05185663731566898
HMGA1,REL,-1,-0.045657478317846986
ZBTB33,REL,-1,-0.009337359343525477
SP4,REL,1,0.03539918438787596
RXRA,REL,-1,-0.013081639553536377
GABPA,REL,-1,-0.01213877438339987
HOXD9,REL,-1,-0.0033361539931978158
KLF15,REL,-1,-0.00964355628630154
ELF1,REL,1,0.07582439552117731
SPI1,REL,-1,-0.052072110083206787
SOX2,REL,-1,-0.032574265031086035
CEBPD,REL,1,0.0018087876700536628
TRAF4,REL,-1,-0.012784714303200571
POU3F4,REL,-1,-0.013504831308163026
CEBPA,REL,1,0.018361283984679608
ZBTB16,REL,1,0.036593848059045135
NFKB1,REL,1,0.08806051974535865
TCF3,REL,-1,-0.07518844724172177
VDR,REL,1,0.054706494020416364
IKZF1,REL,1,0.16279604602008088
ATF5,REL,-1,-0.017209992205736855
XBP1,REL,1,0.01779916724090645
SOX11,REL,1,0.01089104313747643
EGR2,REL,1,0.0034919857994125435
EMX2,REL,-1,-0.03912016596917649
EGR1,REL,-1,-0.005517036251324252
IRF1,REL,1,0.037116862292368956
NR2C2,REL,1,0.027125661360617285
MAF,REL,-1,-0.0025454245080692066
FOXD3,REL,1,0.0003448831327152195
IRF2,REL,-1,-0.05599707263603938
POU4F1,REL,1,0.006520781716983664
PRDM1,REL,1,0.088288609207626
FOXC1,REL,1,0.02835473209116516
CDC5L,REL,1,0.0179316300185747
FOXO1,REL,1,0.02219439384141052
NR2F1,REL,-1,-0.027198049376343205
IRF7,REL,1,0.0039643012283899735
POU3F2,REL,1,0.012903103564426466
HOXA4,REL,1,0.022620945897440136
AR,REL,1,0.02703576289450842
RARG,REL,-1,-7.127936469190727e-05
RUNX3,REL,1,0.0007170800115196095
NFATC4,REL,-1,-0.011599045010806157
ARID3A,REL,1,0.09695411419328812
PPARA,REL,1,0.044103672940965816
BCL6,REL,1,0.008240102666468744
NKX6-1,REL,1,0.002156044427138265
TFAP2A,REL,1,0.006896453272778107
PAX6,REL,1,0.04984927896307412
EN1,REL,-1,-0.004542911690153823
ZNF35,REL,1,0.042232665027713626
TFAP4,REL,1,0.08188589673665352
ETV1,BRF1,-1,-0.06328440027291415
HSF1,BRF1,1,0.08154682377936075
MYBL2,BRF1,-1,-0.12221947957155017
ELF5,BRF1,1,0.03449623328169784
MEOX2,BRF1,1,0.01666665804285566
SREBF2,BRF1,-1,-0.004157225892801835
E2F1,BRF1,1,0.16464822617564911
HMGA1,BRF1,-1,-0.03296419542802041
ZNF219,BRF1,1,0.16931846112305954
TP53,BRF1,-1,-0.006896793060053191
SP4,BRF1,1,0.07518969118604382
E2F4,BRF1,1,0.057180833299306844
SOX17,BRF1,1,0.020412540943943836
GBX2,BRF1,-1,-0.056799466455289056
NFYA,BRF1,1,0.11669210756204881
GABPA,BRF1,-1,-0.18658494124029928
KLF15,BRF1,1,0.11856673171263814
SPI1,BRF1,-1,-0.07939528059189119
SOX2,BRF1,-1,-0.03542002587864928
SRF,BRF1,1,0.04836775998886629
PATZ1,BRF1,1,0.13193684793433422
CEBPA,BRF1,1,0.013953442470743684
TCF3,BRF1,1,0.16672278135469826
JUN,BRF1,1,0.036011750536881826
TAL1,BRF1,1,0.2024414419296678
RUNX1,BRF1,1,0.006570787085801768
VENTX,BRF1,1,0.014075330006880412
HOXB3,BRF1,1,0.025482490979970265
EMX2,BRF1,1,0.029322374340043693
EGR1,BRF1,-1,-0.08573399955334292
IRF1,BRF1,1,0.11157416666703397
IRF2,BRF1,-1,-0.12348401612971044
NF1,BRF1,1,0.1585024371751246
NKX2-2,BRF1,1,0.06151922020312022
HOXB2,BRF1,-1,-0.024152987846286136
FLI1,BRF1,1,0.05362126006341183
HIC1,BRF1,1,0.18466320171086817
BCL6,BRF1,-1,-0.07407461168033364
NKX6-1,BRF1,-1,-0.045182935058660244
TFAP2A,BRF1,1,0.007817996347680267
PAX6,BRF1,1,0.06532333306023148
EN1,BRF1,-1,-0.0273725759069948
ERG,NFIX,-1,-0.012009471323265129
ETV1,NFIX,1,0.009025825661350372
NFKB2,NFIX,1,0.09660985740164581
SOX9,NFIX,1,0.043340729010191224
ZNF281,NFIX,-1,-0.0476324326193266
SP1,NFIX,1,0.19522510568389428
TP53,NFIX,1,0.04402911981739623
KLF11,NFIX,-1,-0.0193518658744226
SP4,NFIX,1,0.05734952500229498
RXRA,NFIX,1,0.10494983383005892
TEAD3,NFIX,1,0.0461995311358585
KLF15,NFIX,1,0.08578348901684522
SOX2,NFIX,1,0.09207777938591598
PPARG,NFIX,-1,-0.13929670153088322
PATZ1,NFIX,1,0.2452656868711569
MAFK,NFIX,1,0.014539073548844924
MZF1,NFIX,-1,-0.06647672001591293
SOX12,NFIX,1,0.06185882978205607
RUNX1,NFIX,-1,-0.11493874252848747
EGR1,NFIX,1,0.07331943665737234
IRF1,NFIX,-1,-0.09563025864452583
PKNOX2,NFIX,-1,-0.018285474943684956
MAX,NFIX,1,0.17372707900312198
NR2E1,NFIX,1,0.023914113512104682
IRF2,NFIX,-1,-0.24002371979330317
PRDM1,NFIX,-1,-0.0863794550503914
SMAD4,NFIX,-1,-0.054834454293031167
SMAD3,NFIX,1,0.08647375297027267
NR2F1,NFIX,1,0.3757199553190127
TGIF2,NFIX,-1,-0.009402828561044832
MEIS1,NFIX,-1,-0.15165303286534332
MAFB,NFIX,1,0.05368761480947479
PPARA,NFIX,-1,-0.06700952632088501
TFAP2A,NFIX,-1,-0.22287689187242088
OSR2,NFIX,-1,-0.0730517069369644
SOX18,MEF2D,1,0.06928136135650753
LHX6,MEF2D,1,0.1474785992961663
SREBF2,MEF2D,1,0.14153557742677167
ELF3,MEF2D,-1,-0.0006575768300891028
STAT4,MEF2D,1,0.02719050100768878
SP1,MEF2D,1,0.04858983823375011
NEUROD1,MEF2D,1,0.0026553136200128317
TP53,MEF2D,-1,-0.032988794397562096
SP4,MEF2D,-1,-0.07801608000914441
SOX4,MEF2D,-1,-0.0031045642179744416
NFYA,MEF2D,1,0.17357748864152336
ZNF282,MEF2D,1,0.025673409799302657
KLF15,MEF2D,1,0.10551734371517113
SPI1,MEF2D,1,0.20336258448341482
SOX2,MEF2D,-1,-0.08628681279616904
SRF,MEF2D,1,0.19289059951998416
SF1,MEF2D,1,0.05887873268204125
POU3F3,MEF2D,1,0.025921512531948594
PPARG,MEF2D,-1,-0.08375123323886269
POU3F4,MEF2D,1,0.004028181121950323
TFE3,MEF2D,1,0.03289177497223944
IKZF1,MEF2D,-1,-0.032545030504103
SOX12,MEF2D,1,0.07029758477347654
JUN,MEF2D,1,0.04827043990728504
NKX2-5,MEF2D,-1,-0.01889276573306441
VENTX,MEF2D,1,0.046868747938515455
IRF1,MEF2D,-1,-0.08367065847764711
NR2C2,MEF2D,1,0.1167048232133256
HOXD13,MEF2D,-1,-0.00524762837147982
NR2E1,MEF2D,-1,-0.03698408959006649
POU4F1,MEF2D,-1,-0.014707814026427674
PRDM1,MEF2D,1,0.11261085598744543
FOXO4,MEF2D,1,0.18540304029251056
SMAD3,MEF2D,1,0.10140295648162838
FOXC2,MEF2D,1,0.009437214561858344
MEIS1,MEF2D,-1,-0.0838054268629218
PITX1,MEF2D,-1,-0.006046039861832841
POU3F2,MEF2D,1,0.023038898633246256
MAZ,MEF2D,1,0.020449577869094196
ZSCAN16,MEF2D,-1,-0.12562271124580257
SOX1,MEF2D,1,0.0005816579540919079
ZNF232,MEF2D,-1,-0.0040492179282084935
AR,MEF2D,-1,-0.08590048950999908
MSX1,MEF2D,-1,-0.021620185200735977
TBP,MEF2D,1,0.024039171447827343
PPARA,MEF2D,1,0.03125845758406654
ZNF35,MEF2D,-1,-0.05763729810103534
NR2F6,ARNT,-1,-0.07309778398560074
NFIX,ARNT,-1,-0.003787178047635386
MEF2D,ARNT,1,0.2270532122771893
HSF1,ARNT,1,0.052966614806708154
SOX18,ARNT,-1,-0.06985327084307225
ELF5,ARNT,-1,-0.016835886505325987
HOXC10,ARNT,-1,-0.0013361289977534378
ZNF652,ARNT,1,0.017378564752624195
ETS1,ARNT,1,0.06608693302358343
IRF8,ARNT,-1,-0.016287262955378325
ZNF281,ARNT,1,0.18741405779249987
FOXJ1,ARNT,1,0.01481338770705673
STAT4,ARNT,-1,-0.025298650831912583
SP1,ARNT,1,0.2705486819779304
NEUROD1,ARNT,-1,-0.0024797812100597312
HMGA1,ARNT,-1,-0.02847655943711794
ZBTB7B,ARNT,1,0.11565567027975344
SP4,ARNT,1,0.14940684186462055
SOX17,ARNT,-1,-0.0926135865527124
NFYA,ARNT,1,0.04215644546437645
GABPA,ARNT,1,0.006862485132045252
HOXD9,ARNT,-1,-0.04247635187254495
SOX15,ARNT,-1,-0.0016069501624441085
STAT5B,ARNT,1,0.12193755661401887
LEF1,ARNT,-1,-0.05148551830292429
KLF15,ARNT,-1,-0.0195477546326619
SOX2,ARNT,-1,-0.004175593208051211
SRF,ARNT,1,0.03761481919768587
POU3F3,ARNT,-1,-0.13652282265963642
CEBPD,ARNT,1,0.08963530503608359
TRAF4,ARNT,-1,-0.1030863725404522
CEBPA,ARNT,-1,-0.053499022696833404
JUN,ARNT,1,0.03040719946043472
CEBPG,ARNT,-1,-0.09343760221198226
ZNF217,ARNT,1,0.07310686517335716
XBP1,ARNT,1,0.03478995825713151
STAT5A,ARNT,1,0.007762203305778184
SOX11,ARNT,-1,-0.02809257578951104
HOXB9,ARNT,1,0.03848335066352558
EGR1,ARNT,-1,-0.09907057241454237
IRF1,ARNT,-1,-0.020141627583449548
FOXF2,ARNT,1,0.06768503881471356
RUNX2,ARNT,1,0.15709660994670022
MAF,ARNT,1,0.02764588631162559
FOXD3,ARNT,-1,-0.004819416910365426
HOXD13,ARNT,1,0.045839864375593196
IRF2,ARNT,1,0.008342111696286491
PRDM1,ARNT,-1,-0.015380027107057175
NKX2-2,ARNT,-1,-0.13263128343857625
HOXA10,ARNT,-1,-6.391568286025887e-05
ATF2,ARNT,1,0.18426517996335867
NKX3-1,ARNT,-1,-0.0751066915973183
PITX1,ARNT,-1,-0.0019692320945701594
TCF7L2,ARNT,1,0.084907130390394
HOXB13,ARNT,-1,-0.008781153598268756
MSX2,ARNT,-1,-0.0026624757492067744
HLF,ARNT,-1,-0.003988047149707254
ARID3A,ARNT,1,0.06551416932564788
TBP,ARNT,1,0.02688470900890132
BCL6,ARNT,1,0.012022100095344585
NKX6-1,ARNT,-1,-0.10957658545355417
ZNF35,ARNT,1,0.07944909648913219
MEF2D,NFKB2,1,0.0992828629490741
HSF1,NFKB2,1,0.1668652213048161
RELA,NFKB2,1,0.03638894133418089
FOSL1,NFKB2,1,0.15665369635784135
SP1,NFKB2,1,0.11098461146360675
SP4,NFKB2,-1,-0.08010483255299751
E2F4,NFKB2,1,0.05870919774291441
NFYA,NFKB2,1,0.019808004874802602
ETV6,NFKB2,1,0.08606622951857701
KLF15,NFKB2,-1,-0.04304855419690729
SPI1,NFKB2,1,0.06046846166990509
SOX2,NFKB2,-1,-0.003489038323188094
NFKB1,NFKB2,1,0.06196489248244767
TCF3,NFKB2,1,0.048690336377425904
VDR,NFKB2,1,0.19811881449100652
NFATC1,NFKB2,1,0.18228762279461957
FOS,NFKB2,-1,-0.0405093894142843
ZEB1,NFKB2,-1,-0.09017017237898023
PRDM1,NFKB2,1,0.046034740713711164
MEIS1,NFKB2,-1,-0.08320483596182825
ETV3,NFKB2,1,0.09668267043427399
MSX2,NFKB2,1,0.08455090986631512
AR,NFKB2,1,0.01884180562930225
TEAD4,NFKB2,1,0.0072910112361041935
MSX1,NFKB2,-1,-0.028340771764418255
TEAD1,NFKB2,-1,-0.0007880070801082123
ASCL2,NFKB2,1,0.030513520435893237
ZNF35,NFKB2,-1,-0.07629989426882108
ERG,HSF1,-1,-0.0711441901847305
ETV1,HSF1,1,0.03612130725375385
MEF2D,HSF1,1,0.03894022314549178
NRF1,HSF1,1,0.0764791144527072
CNOT3,HSF1,1,0.20503719595475645
ELF3,HSF1,-1,-0.0001855529299662681
HOXC13,HSF1,-1,-0.03799861102950312
HOXD9,HSF1,-1,-0.025521121406460717
ETV6,HSF1,1,0.05547090265147553
JDP2,HSF1,1,0.022288418746980905
SPI1,HSF1,1,0.006315528428514361
PATZ1,HSF1,1,0.028720962104464245
MAFK,HSF1,1,0.10644692902640736
TCF3,HSF1,1,0.2760952977004182
MYCN,HSF1,-1,-0.038346550594542166
IKZF1,HSF1,-1,-0.1103617644944439
JUN,HSF1,1,0.01801050702983749
RUNX1,HSF1,-1,-0.0600223188669707
IRF1,HSF1,-1,-0.0825900970490094
RUNX2,HSF1,1,0.06891601655968252
FOXO4,HSF1,1,0.21658953905119518
NF1,HSF1,-1,-0.22741588927545123
FOXC1,HSF1,-1,-0.028545410488144712
SMAD3,HSF1,1,0.09613797074268592
FOXO1,HSF1,-1,-0.06676467566286902
CREB5,HSF1,-1,-0.10500514337843543
IRF7,HSF1,1,0.11718024156122725
MAZ,HSF1,1,0.2090665196664082
HOXB13,HSF1,1,0.0450829711697286
AR,HSF1,-1,-0.04856241684734993
PAX6,HSF1,-1,-0.06008270485416671
TFAP4,HSF1,1,0.1989994153030551
MEF2D,SOX18,1,0.035594977091674765
RARA,SOX18,1,0.012460777693589496
CNOT3,SOX18,1,0.11807143633675979
SP1,SOX18,-1,-0.14543067591750217
SOX4,SOX18,1,0.054197266565724496
SOX17,SOX18,1,0.31730580575739736
GABPA,SOX18,1,0.013525940488692408
KLF15,SOX18,1,0.003504600692801874
SPI1,SOX18,1,0.12789494619000663
ESR2,SOX18,-1,-0.02066546842710714
PATZ1,SOX18,1,0.1454155049137465
TBX2,SOX18,1,0.12930056590576858
TRAF4,SOX18,1,0.026311758460037804
MYCN,SOX18,1,0.026219998493314155
RFX1,SOX18,1,0.19168989334945016
JUN,SOX18,-1,-0.010522265723367522
EGR1,SOX18,1,0.024440829802908057
MAF,SOX18,1,0.08624444783718198
KLF12,SOX18,-1,-0.013298613274710153
NR2F1,SOX18,1,0.012581017336493677
FOXO3,SOX18,-1,-0.10270002862378762
PPARA,SOX18,-1,-0.13191830327197315
RFX5,SOX18,-1,-0.04587075895319556
ETV1,NR1H2,-1,-0.034615047810310516
HSF1,NR1H2,1,0.17507470080944457
ELK1,NR1H2,1,0.011024416883558581
ERF,NR1H2,1,0.3230930368188565
ETS1,NR1H2,-1,-0.04662797803834277
SP1,NR1H2,-1,-0.04280576558543733
TP53,NR1H2,1,0.019003381343477854
SP4,NR1H2,-1,-0.02933625365617996
STAT5B,NR1H2,1,0.07734972545845345
KLF15,NR1H2,1,0.05524672936946379
SPI1,NR1H2,1,0.18705319840658532
SOX2,NR1H2,1,0.014253301073860717
RFX2,NR1H2,1,0.10642172921323226
CEBPG,NR1H2,1,0.04718328983631533
XBP1,NR1H2,1,0.04750674294975658
STAT5A,NR1H2,1,0.14572793064155373
ELK4,NR1H2,-1,-0.0009883167159801096
RFX3,NR1H2,-1,-0.003954421064527006
HOXA4,NR1H2,-1,-0.1396249192662253
MSX1,NR1H2,1,0.12671447355638538
ETS2,NR1H2,1,0.04454119599863538
BCL6,NR1H2,1,0.029807609991458112
TFAP2A,NR1H2,-1,-0.03675226765716287
E2F1,MYBL2,1,0.36166485388823827
ETS1,MYBL2,1,0.12616372582181817
MEF2A,MYBL2,-1,-0.023446948419232005
TRIM28,MYBL2,1,0.0865255230549446
SP1,MYBL2,-1,-0.027742356890210953
NEUROD1,MYBL2,1,0.026852332675024012
HMGA1,MYBL2,1,0.04389530421865328
ZNF219,MYBL2,-1,-0.18493730715959852
KLF11,MYBL2,1,0.035611798042621164
SP4,MYBL2,-1,-0.010156673989563327
HOXC13,MYBL2,1,0.03750783286908563
E2F4,MYBL2,-1,-0.02750649458119731
SOX4,MYBL2,1,0.0351335807875087
SOX17,MYBL2,-1,-0.04181268179621896
RXRA,MYBL2,-1,-0.11017131827373401
KLF15,MYBL2,1,0.08034511684196044
JDP2,MYBL2,-1,-0.003018929382130506
ELF1,MYBL2,1,0.049735692246791266
SPI1,MYBL2,1,0.010641346251102616
SOX2,MYBL2,-1,-0.05070615260339895
SRF,MYBL2,-1,-0.1275419160072095
PATZ1,MYBL2,1,0.02279547246350823
TCF3,MYBL2,1,0.34952054294084195
IKZF1,MYBL2,-1,-0.06274540842485757
JUN,MYBL2,-1,-0.01823220186839572
NKX2-5,MYBL2,1,0.04115143335445196
STAT5A,MYBL2,-1,-2.3882721789404713e-05
SOX11,MYBL2,1,0.09764936130686973
EGR1,MYBL2,1,0.07877312769945702
FOXD3,MYBL2,1,0.03616621197491039
SCRT1,MYBL2,-1,-0.0781155209393601
SMAD3,MYBL2,-1,-0.1783355034858099
NKX3-1,MYBL2,-1,-0.001728728134074007
MAZ,MYBL2,1,0.21203646751723637
RORA,MYBL2,-1,-0.18064907976558303
BCL6,MYBL2,-1,-0.10872158262227749
SREBF1,MYBL2,-1,-0.024509130760685595
E2F8,MYBL2,1,0.3963370749640902
TFAP2A,MYBL2,1,0.0071083075636893265
ZNF35,MYBL2,1,0.02415600881271067
NFIX,ELF5,-1,-0.03328809702498971
ELF3,ELF5,1,0.30940401046259425
SOX21,ELF5,1,0.029815714420094945
CTF1,ELF5,1,0.04887349001331221
STAT4,ELF5,1,0.15919223562520965
HMGA1,ELF5,-1,-0.020890136163170966
LEF1,ELF5,-1,-3.728563813842133e-05
SRF,ELF5,-1,-0.058828183804453225
POU3F3,ELF5,-1,-0.058342000345989076
PATZ1,ELF5,-1,-0.032208152584299564
CEBPA,ELF5,1,0.0021954674797492442
MYCN,ELF5,1,0.030005275428853728
NKX2-5,ELF5,1,0.0640399564069155
RUNX2,ELF5,1,0.031157056975968607
TFAP2C,ELF5,1,0.03132792340593142
NR2F1,ELF5,1,0.02106297118345894
RORA,ELF5,1,0.07103043341283595
TBX5,ELF5,1,0.04839483653218806
AR,ELF5,1,0.05681858363056481
HIC1,ELF5,1,0.05868069770379792
RUNX3,ELF5,1,0.04395396894296202
NFATC4,ELF5,-1,-0.02159388462426183
BCL6,ELF5,1,0.011144555733704294
SREBF1,ELF5,-1,-0.012398134581109868
TFAP2A,ELF5,1,0.07445750883765222
PARP1,ELF5,1,0.015393568632749587
HSF1,MEOX2,1,0.06010587968205352
SP100,MEOX2,1,0.001551860312707032
ESRRG,MEOX2,1,0.13228336815607103
RARA,MEOX2,1,0.019083049531532927
SREBF2,MEOX2,1,0.010025627770328196
HOXD10,MEOX2,1,0.03104139439882515
SOX21,MEOX2,-1,-0.042198658931957886
SOX9,MEOX2,1,0.22651135839696157
FOXJ1,MEOX2,1,0.017244680270079228
PLAG1,MEOX2,-1,-0.033698260918113135
NEUROD1,MEOX2,1,0.029578152406825587
HMGA1,MEOX2,-1,-0.14561349864836073
SOX4,MEOX2,-1,-0.09316269602748728
PBX1,MEOX2,1,0.16028231019643593
RXRA,MEOX2,-1,-0.10831100025338636
SOX15,MEOX2,1,0.03402840210064681
TEAD3,MEOX2,1,0.179662738832618
LEF1,MEOX2,1,0.05629700145139501
SOX13,MEOX2,-1,-0.07210570841284268
HMGA2,MEOX2,-1,-0.026202490610482996
ELF1,MEOX2,1,0.08368979606384347
SOX2,MEOX2,-1,-0.14114509790735652
SRF,MEOX2,-1,-0.0934080965453343
PPARG,MEOX2,1,0.0016467477602585179
TRAF4,MEOX2,1,0.1046169031608304
POU3F4,MEOX2,1,0.05978793932093083
ZBTB16,MEOX2,-1,-0.13291455140468159
TCF3,MEOX2,1,0.20349415567790435
XBP1,MEOX2,1,0.08579918222747081
HBP1,MEOX2,1,0.038893283213634444
ELF4,MEOX2,-1,-0.06911103270369365
HOXB3,MEOX2,1,0.03760934067505053
ZEB1,MEOX2,-1,-0.047842157766216885
NR2C2,MEOX2,-1,-0.10650753458108188
SATB1,MEOX2,-1,-0.10828017061010416
PRRX1,MEOX2,1,0.016334986257752548
FOXD3,MEOX2,-1,-0.020818207876877794
NR2E1,MEOX2,1,0.3260482133768587
IRF2,MEOX2,1,0.02603549374475584
HOXB6,MEOX2,-1,-0.03438923363531221
POU4F1,MEOX2,-1,-0.030755582611573816
FOXO4,MEOX2,-1,-0.045728479084748384
FOXO1,MEOX2,1,0.22864090565211095
FOXC2,MEOX2,1,0.023887551694062654
PITX1,MEOX2,-1,-0.02174600528829431
POU3F2,MEOX2,1,0.05954033821610132
HOXA4,MEOX2,1,0.060336876672966874
SOX1,MEOX2,-1,-0.08669834066793039
HOXA3,MEOX2,1,0.0072428405978056986
MSX2,MEOX2,-1,-0.2889243386787251
MSX1,MEOX2,1,0.1285728206567396
RARG,MEOX2,1,0.07090560530287937
ARID3A,MEOX2,-1,-0.037981785588803524
TEAD1,MEOX2,1,0.060732048405755315
TBP,MEOX2,-1,-0.09433186839962235
ZNF589,MEOX2,-1,-0.04166523898074482
BCL6,MEOX2,-1,-0.1887363100024431
EN1,MEOX2,-1,-0.034448724101080325
ZNF35,MEOX2,1,0.03489156734942466
SP100,KLF13,-1,-0.1979787351276827
RARA,KLF13,1,0.15354212558545302
CNOT3,KLF13,1,0.016652375557707006
ELF3,KLF13,-1,-0.11836892972006317
HOXD10,KLF13,-1,-0.04299590910003283
ARID5A,KLF13,-1,-0.12321631545961338
ETS1,KLF13,1,0.04884885199539759
GTF2A1,KLF13,-1,-0.01414380421738091
SOX9,KLF13,-1,-0.2385175465972387
ZNF281,KLF13,1,0.578998821980536
TRIM28,KLF13,1,0.033109801860366286
SP1,KLF13,1,0.15482199275705616
ZNF219,KLF13,1,0.04337616008782948
KLF11,KLF13,1,0.07749202599213065
SP4,KLF13,-1,-0.0543287839940904
PBX1,KLF13,-1,-0.04920993711364033
HOXD9,KLF13,-1,-0.04541715103432964
LEF1,KLF13,-1,-0.01771996746359196
ELF1,KLF13,1,0.007182665910694935
SPI1,KLF13,1,0.07532436818596285
SOX2,KLF13,1,0.07473267786212541
SRF,KLF13,1,0.1580642024312911
EWSR1,KLF13,1,0.12489269653884202
PPARG,KLF13,-1,-0.08821885968634206
ESR2,KLF13,-1,-0.0956960785610294
PATZ1,KLF13,1,0.0651045547464149
ZBTB16,KLF13,1,0.21055878431569786
TCF3,KLF13,-1,-0.002164472738323662
VDR,KLF13,1,0.07710672398972022
SOX12,KLF13,-1,-0.26308197411903994
NFATC1,KLF13,-1,-0.0018660127286653024
TAL1,KLF13,1,0.07441161340770061
RUNX1,KLF13,-1,-0.05595123597990538
TFAP2B,KLF13,1,0.07180457074030842
EGR1,KLF13,-1,-0.13624818351851536
IRF2,KLF13,-1,-0.008231927919299595
KLF12,KLF13,1,0.1254171520655809
FOXC1,KLF13,-1,-0.024690512518185295
NR2F1,KLF13,1,0.2357660756398023
POU3F2,KLF13,1,0.12804042444397626
MAZ,KLF13,1,0.10877644322449986
IRF5,KLF13,1,0.15642632238780804
AR,KLF13,1,0.03753856974622953
MAFB,KLF13,1,0.04918014069177674
TBP,KLF13,-1,-0.16085442958048565
TFAP2A,KLF13,-1,-0.017446547671769418
HOXA9,KLF13,-1,-0.008739668900530772
BRF1,ELK1,-1,-0.04380050007915797
MEF2D,ELK1,1,0.42203806368622837
NR1H2,ELK1,1,0.013229016065415329
KLF13,ELK1,-1,-0.0816205626453285
ESRRG,ELK1,1,0.19164035553091638
RARA,ELK1,-1,-0.009240047335319452
E2F1,ELK1,1,0.22117387170585556
ETS1,ELK1,-1,-0.015142325916101986
STAT4,ELK1,1,0.046546227880446815
SP1,ELK1,1,0.0582029927235495
ZNF219,ELK1,1,0.07458362166359611
SP4,ELK1,1,0.09390168967888189
PBX1,ELK1,-1,-0.18539724908552593
NFYA,ELK1,1,0.10121729584013452
KLF15,ELK1,-1,-0.014612877650104158
SPI1,ELK1,1,0.06615391532657461
THRA,ELK1,1,0.09752770375430894
EWSR1,ELK1,1,0.02190843796164834
PATZ1,ELK1,1,0.036404847180875916
CEBPA,ELK1,-1,-0.08628785669077277
E2F2,ELK1,-1,-0.09848635845630344
CEBPG,ELK1,1,0.06002257796965129
RUNX1,ELK1,1,0.06713376894328196
EGR1,ELK1,1,0.03319606781105748
LMO2,ELK1,-1,-0.06931166206604222
SMAD4,ELK1,1,0.2241221088415454
NF1,ELK1,-1,-0.39299493149084713
SMAD3,ELK1,1,0.08869328149055236
MAZ,ELK1,1,0.2535107314187608
AR,ELK1,-1,-0.05827396001603798
HLF,ELK1,1,0.13487669050063705
TBP,ELK1,1,0.041914488288208845
TFAP2A,ELK1,-1,-0.20536521687185533
NFIL3,ELK1,-1,-0.004609237620951869
ZNF35,ELK1,1,0.04476182014309574
TFAP4,ELK1,-1,-0.22902054544581138
NFKB2,HOXC10,-1,-0.017719024253827063
ELK1,HOXC10,1,0.0043284905697053245
E2F4,HOXC10,-1,-0.02478200825446809
SOX2,HOXC10,-1,-0.018623861964352183
SRF,HOXC10,-1,-0.04108334049149939
THRA,HOXC10,1,0.038832788315851026
EWSR1,HOXC10,1,0.04176691364627309
POU3F4,HOXC10,-1,-0.0072424441346801895
NFKB1,HOXC10,-1,-0.026787386614564902
ATF5,HOXC10,1,0.1520146527872092
JUN,HOXC10,-1,-0.007118443685495077
NKX2-5,HOXC10,1,0.2083581347500936
SOX11,HOXC10,1,0.10240274588850044
ZEB1,HOXC10,-1,-0.047332557619066434
EGR1,HOXC10,1,0.06084433490171082
PRRX1,HOXC10,-1,-0.008332322473704365
IRF2,HOXC10,1,0.04458170525504126
FOXO4,HOXC10,-1,-0.026447216229094746
TFEB,HOXC10,-1,-0.009684600699333822
MEIS1,HOXC10,1,0.04045173420700074
POU3F2,HOXC10,-1,-0.021069064110759303
FEV,HOXC10,1,0.08720936283162821
AR,HOXC10,-1,-0.038308862660787035
TEAD4,HOXC10,-1,-0.05999960887949719
NFATC4,HOXC10,1,0.0631502787775985
TEAD1,HOXC10,-1,-0.022978395038972598
TFAP2A,HOXC10,1,0.29233037625831226
EN1,HOXC10,1,0.2158649514046967
MEF2D,LHX6,1,0.03544388859518083
ELK1,LHX6,1,0.038090900281502776
ETS1,LHX6,-1,-0.0027462765251769572
MEF2A,LHX6,1,0.051185833896577874
STAT4,LHX6,1,0.3062004650951699
SP1,LHX6,-1,-0.059932998065403705
TP53,LHX6,-1,-0.00271086699003346
ZBTB7B,LHX6,-1,-0.051495547681426085
RXRA,LHX6,1,0.019814512420752495
KLF15,LHX6,-1,-0.0057240825575611
SPI1,LHX6,-1,-0.029058617040036958
SOX2,LHX6,-1,-0.10153541784719643
TCF3,LHX6,1,0.022338475514953392
TAL1,LHX6,1,0.08497143841623317
TFAP2B,LHX6,1,0.027680839360589002
SATB1,LHX6,1,0.1508886317453278
BACH1,LHX6,-1,-7.896701080099912e-05
NKX2-2,LHX6,1,0.025719328888179332
FOXC1,LHX6,1,0.09181505448208763
MAZ,LHX6,1,0.011145244964249094
FLI1,LHX6,1,0.010008800600848782
HIC1,LHX6,1,0.032072926423725355
RARG,LHX6,1,0.04727451005057309
PAX6,LHX6,1,0.09324669441914567
CNOT3,RELA,1,0.0778884299577734
SREBF2,RELA,1,0.012417341632493044
SOX9,RELA,1,0.10064616100255461
ZNF281,RELA,-1,-0.05365684765415529
FOXJ1,RELA,-1,-0.03728300008309019
TFEC,RELA,1,0.0031603763298838567
STAT4,RELA,-1,-0.11725804956760315
SP1,RELA,-1,-0.053689856015129905
ZNF219,RELA,-1,-0.004162220428097515
ZBTB7B,RELA,-1,-0.024935209063902654
KLF11,RELA,1,0.08168604438052504
SP4,RELA,-1,-0.07578732507410274
HOXC13,RELA,-1,-0.021373886680524756
E2F4,RELA,1,0.08650627727141448
RXRA,RELA,1,0.06021791523704945
KLF15,RELA,1,0.018567273169660014
JDP2,RELA,-1,-0.008880302520961418
ELF1,RELA,-1,-0.026852175914343825
SPI1,RELA,1,0.09835368998093577
SRF,RELA,1,0.02939502890618093
PATZ1,RELA,1,0.10308910250522237
POU3F4,RELA,1,0.02827564419008689
CEBPA,RELA,-1,-0.03620642063493882
TFE3,RELA,1,0.22113601118419346
TCF3,RELA,1,0.08404378352035781
MYCN,RELA,1,0.004883021379958898
JUN,RELA,1,0.0007613855320207695
CEBPG,RELA,1,0.07529225576415938
NKX2-5,RELA,1,0.03637235650633185
EGR2,RELA,-1,-0.03986658836100796
EMX2,RELA,-1,-0.04567020187135147
ZEB1,RELA,1,0.017403820181268653
EGR1,RELA,1,0.02428272967533416
IRF1,RELA,1,0.09392740870458399
FOXF2,RELA,1,0.028392158371175
MAF,RELA,-1,-0.04131070398192337
FOXD3,RELA,-1,-0.025464677925563735
IRF2,RELA,1,0.15315705311237252
PRDM1,RELA,-1,-0.07013818048296559
FOXC1,RELA,1,0.013023560700773594
FOXO1,RELA,-1,-0.0067474005116133235
NR2F1,RELA,-1,-0.0656461454654626
IRF7,RELA,1,0.03967092730598843
TTF1,RELA,1,0.1528380664865828
FLI1,RELA,1,0.0018473957905490825
TEAD4,RELA,1,0.008470619825453666
PRDM4,RELA,1,0.10677280164374478
FOXO3,RELA,1,0.018550100804240494
HOXA9,RELA,1,0.052972221543174214
ZNF35,RELA,-1,-0.05402095979060445
ETV1,TFCP2,1,0.015535275829301089
SOX18,TFCP2,1,0.02370218342336559
ELK1,TFCP2,1,0.036263304021585584
RELA,TFCP2,1,0.1419637398658396
ERF,TFCP2,1,0.06017845468285462
SOX21,TFCP2,1,0.042633895968208324
ZNF281,TFCP2,1,0.13770298470920314
SP1,TFCP2,1,0.0228892528754509
SOX4,TFCP2,1,0.01024442196832537
NFYA,TFCP2,1,0.024584210982695146
ETV6,TFCP2,1,0.006128630646662996
LEF1,TFCP2,1,0.07980520676911158
SOX13,TFCP2,1,0.042160239676527496
JDP2,TFCP2,-1,-0.004078901272202573
POU3F3,TFCP2,1,0.04094713463468248
ATF7,TFCP2,1,0.04959833114700985
TRAF4,TFCP2,1,0.041011396921209406
CEBPG,TFCP2,1,0.0943080540097421
XBP1,TFCP2,1,0.005642660286949325
HOXB6,TFCP2,-1,-0.04404758171503842
ETV5,TFCP2,1,0.029037046272780677
ATF2,TFCP2,1,0.15833306922988835
FOXO1,TFCP2,1,0.025987395404243746
CREB5,TFCP2,1,0.10936184635124933
ETV3,TFCP2,-1,-0.03520046894800391
FLI1,TFCP2,1,0.015812245298689562
SOX1,TFCP2,1,0.012096073815090116
ETS2,TFCP2,1,0.019919882929890626
FOXO3,TFCP2,1,0.014010823541271939
ETV1,SP100,-1,-0.0019197045118376204
TFCP2,SP100,1,0.006068125083356749
RARA,SP100,-1,-0.04564944478132033
HEY2,SP100,-1,-0.0007454841219929866
SREBF2,SP100,-1,-0.05512004792765376
ARID5A,SP100,1,0.04976554085666706
SOX21,SP100,1,0.04428793977597545
MEF2A,SP100,1,0.09125848063184122
TFEC,SP100,1,0.03947442000998122
SP1,SP100,-1,-0.025590460294576248
NEUROD1,SP100,-1,-0.01500028849478549
HMGA1,SP100,-1,-0.0028152601154476844
TP53,SP100,-1,-0.012539707375624275
NFYA,SP100,-1,-0.033835694729896976
GABPA,SP100,1,0.05674527760411168
LEF1,SP100,1,0.002206958984326055
SPI1,SP100,1,0.016028362240145106
SOX2,SP100,-1,-0.02608525156251642
SRF,SP100,-1,-0.00367179692432197
CEBPD,SP100,1,0.0008363134843378675
CEBPA,SP100,-1,-0.07795553006539811
MAFK,SP100,1,0.01225307713304005
TCF3,SP100,-1,-0.09159837001785949
VDR,SP100,1,0.032679014080779716
JUN,SP100,-1,-0.038395218882859405
CEBPG,SP100,1,0.08159744781762163
STAT5A,SP100,1,0.05017427336784724
RUNX1,SP100,1,0.0882333756030454
HBP1,SP100,1,0.02621845314405461
ELF4,SP100,1,0.060474381250751934
IRF1,SP100,1,0.12794583174589053
RUNX2,SP100,1,0.07384712251949506
NR2C2,SP100,-1,-0.016045666496751744
MAF,SP100,1,0.013708992769489104
NR2E1,SP100,1,0.01018019119377503
IRF2,SP100,1,0.1097173859967126
PRDM1,SP100,1,0.036320411722522955
FOXO4,SP100,-1,-0.0577286658162167
SMAD4,SP100,-1,-0.019638140528857855
MSC,SP100,-1,-0.03582343843935844
FOXO1,SP100,1,0.08396538319039966
IRF7,SP100,1,0.22135890921288726
FLI1,SP100,1,0.03678570052061138
IRF5,SP100,1,0.07889055777363485
AR,SP100,1,0.03401756015235227
NFATC4,SP100,1,0.00296574009916946
ELF2,SP100,-1,-0.022898423434862893
PPARA,SP100,1,0.02147074107600671
BCL6,SP100,-1,-0.007639983668436043
ASCL2,SP100,1,0.003986585150838647
ZNF35,SP100,-1,-0.015428364853806859
ERG,FOSL1,1,0.05012162123943058
MEOX2,FOSL1,1,0.016993096802686514
ELK1,FOSL1,1,0.013231882945025772
RELA,FOSL1,1,0.2474692828884328
E2F1,FOSL1,-1,-0.02349866577835398
GTF2A1,FOSL1,1,0.04463567875213081
SOX9,FOSL1,1,0.06589374832629159
ZNF281,FOSL1,-1,-0.0737790030977465
STAT4,FOSL1,1,0.04430956432421814
TRIM28,FOSL1,-1,-0.0891075651746034
SP1,FOSL1,-1,-0.13080266450651165
HMGA1,FOSL1,1,0.3627792267600716
ZNF219,FOSL1,1,0.0015121860080242315
TP53,FOSL1,1,0.019318866275143384
SOX17,FOSL1,-1,-0.08556457628568866
NFYA,FOSL1,-1,-0.052597794670871924
RXRA,FOSL1,1,0.03222364395362863
TEAD3,FOSL1,1,0.04021543173789279
KLF15,FOSL1,-1,-0.026115647916237862
SPI1,FOSL1,-1,-0.03363282177958232
SRF,FOSL1,1,0.04813958001661324
THRA,FOSL1,-1,-0.12070128643320084
PPARG,FOSL1,1,0.0037832725941592815
PATZ1,FOSL1,-1,-0.17457997571747447
POU3F4,FOSL1,1,0.004635177959316886
MAFK,FOSL1,1,0.06387238374899894
TCF3,FOSL1,-1,-0.05092964053065956
JUN,FOSL1,1,0.013343074460078692
TAL1,FOSL1,-1,-0.021275282504493214
ZNF217,FOSL1,1,0.15691785221964732
RUNX1,FOSL1,1,0.13570582270210388
HBP1,FOSL1,-1,-0.05627076518724382
ELF4,FOSL1,1,0.04491493397556858
FOS,FOSL1,-1,-0.04616683267480113
EGR1,FOSL1,1,0.031806139184820274
IRF1,FOSL1,1,0.01296251168611842
NR2C2,FOSL1,-1,-0.021596958466853725
HOXC6,FOSL1,-1,-0.08729884599992925
MAX,FOSL1,1,0.13652855421686094
IRF2,FOSL1,1,0.042929012228903725
SMAD3,FOSL1,1,0.06120359933468368
NKX3-1,FOSL1,1,0.10720553153159948
POU3F2,FOSL1,-1,-0.016838410200809485
FLI1,FOSL1,-1,-0.08378755896964185
SOX1,FOSL1,1,0.042853594701200114
TBX5,FOSL1,1,0.00456933555288979
ZNF350,FOSL1,-1,-0.0390850980296073
TEAD4,FOSL1,1,0.04942963404626163
MAFB,FOSL1,-1,-0.0574628954223309
TEAD1,FOSL1,1,0.07838792801871199
SREBF1,FOSL1,1,0.11848939650139993
TFAP2A,FOSL1,1,0.05883502372714836
HOXA9,FOSL1,-1,-0.009006087331031446
ZNF35,FOSL1,-1,-0.012794400441593726
MEOX2,ESRRG,1,0.034907487747004994
LHX6,ESRRG,1,0.06832703439911074
ELF3,ESRRG,1,0.01138871732201782
MEF2A,ESRRG,1,0.02298158891557669
SOX9,ESRRG,1,0.06274585935775809
ZNF281,ESRRG,1,0.03318897171777867
PLAG1,ESRRG,1,0.031813797572984776
HMGA1,ESRRG,-1,-0.048164648138721636
ZNF219,ESRRG,1,0.12421173336239827
KLF11,ESRRG,1,0.011370653232233505
SP4,ESRRG,1,0.006331565213323593
SOX4,ESRRG,-1,-0.11046597744758335
SOX17,ESRRG,1,0.04960378500963971
PBX1,ESRRG,1,0.10490782801484055
HOXD9,ESRRG,-1,-0.011602979130032602
LEF1,ESRRG,1,0.05463380383140504
SPI1,ESRRG,-1,-0.05245442399782569
TRAF4,ESRRG,1,0.0035832014227792095
CEBPA,ESRRG,1,0.003734436289246848
TCF3,ESRRG,-1,-0.13795052545240982
JUN,ESRRG,-1,-0.0015921653554208431
ZNF217,ESRRG,1,0.011793149797901838
EMX2,ESRRG,1,0.05198224153911778
EGR1,ESRRG,-1,-0.010888780020625776
RUNX2,ESRRG,1,0.08738552034307838
VAX2,ESRRG,1,0.040752488167139056
ONECUT2,ESRRG,1,0.13131898259914046
NR2E1,ESRRG,1,0.022266120144413287
BACH1,ESRRG,1,0.026439237297723017
FOXO1,ESRRG,1,0.011663213017065117
NR2F1,ESRRG,1,0.0636565985878462
IRF7,ESRRG,1,0.0016332440287248802
POU3F2,ESRRG,1,0.05051681891500203
HOXA4,ESRRG,1,0.0262260452485897
ZNF232,ESRRG,1,0.006813927734995619
AR,ESRRG,1,0.02645099999976816
TEAD4,ESRRG,-1,-0.018344689102759028
MAFB,ESRRG,-1,-0.030971180848325848
TBP,ESRRG,-1,-0.03396591514035765
BCL6,ESRRG,1,0.0036301774132330416
TFAP2A,ESRRG,1,0.04092917044509299
HOXA9,ESRRG,1,0.006664334295700576
EN1,ESRRG,1,0.08297975258461811
ZNF35,ESRRG,1,0.04499586100239179
MYBL2,NRF1,1,0.03221024636526587
ELK1,NRF1,1,0.02089267289564963
SREBF2,NRF1,1,0.020015989235834718
ETS1,NRF1,1,0.05045710360751249
AHR,NRF1,1,0.012902835716012336
ZNF281,NRF1,1,0.030056398477063387
SP1,NRF1,1,0.08773008564056128
E2F4,NRF1,1,0.08682417887183451
ZNF282,NRF1,1,0.1648379167149304
HOXD9,NRF1,1,0.013917796611159102
KLF15,NRF1,1,0.00248603451961153
SPI1,NRF1,-1,-0.06781551810854153
POU3F3,NRF1,1,0.014025775215883583
MAFK,NRF1,1,0.01414439342106729
TCF3,NRF1,1,0.07148704808034181
MZF1,NRF1,1,0.2537164956023679
SOX12,NRF1,1,0.004775248765596967
SOX11,NRF1,1,0.05330643183835453
HBP1,NRF1,1,0.0790333337841229
ZEB1,NRF1,1,0.05172346531455659
NKX2-2,NRF1,1,0.0006498768056452278
NR2F1,NRF1,1,0.004644531542945649
TGIF2,NRF1,1,0.04583579716453883
MEIS1,NRF1,1,0.017810882519286808
IRF7,NRF1,-1,-0.004682815229620568
POU3F2,NRF1,1,0.007856656470719418
AR,NRF1,1,0.004105302297671018
TEAD4,NRF1,1,0.006703567428116049
RUNX3,NRF1,-1,-0.039318254447363525
TBP,NRF1,1,0.08064780118585727
ELF2,NRF1,1,0.09947427464543308
FOXO3,NRF1,1,0.008309555913714234
EN1,NRF1,1,0.015727336809094217
NFIX,ZNF652,-1,-0.1479194342310858
MEOX2,ZNF652,-1,-0.033548168722081204
LHX6,ZNF652,-1,-0.051283180662406815
NRF1,ZNF652,1,0.037129129669820675
ELF3,ZNF652,1,0.09329807318950033
MEF2A,ZNF652,1,0.08661076201629549
SOX9,ZNF652,1,0.050164313319299325
ZNF281,ZNF652,1,0.05402005405432479
TRIM28,ZNF652,1,0.05734349973418411
SP1,ZNF652,1,0.028722129422572584
SP4,ZNF652,-1,-0.009794822868644157
SOX4,ZNF652,1,0.01500372768659992
PBX1,ZNF652,1,0.09549383357993443
SOX15,ZNF652,-1,-0.03843883877282784
GATA6,ZNF652,1,0.06492542495333092
SPI1,ZNF652,1,0.03279653621431074
SRF,ZNF652,-1,-0.09498571757595389
POU3F3,ZNF652,1,0.03340242037252082
PATZ1,ZNF652,1,0.005928667719911977
TRAF4,ZNF652,-1,-0.07086592181012812
E2F2,ZNF652,-1,-0.015966530826152393
TAL1,ZNF652,1,0.05228823041193171
STAT5A,ZNF652,1,0.0455140634367647
RUNX1,ZNF652,-1,-0.022946335423284454
SOX11,ZNF652,1,0.007158958046170948
HOXC11,ZNF652,-1,-0.03651303765616157
HOXB3,ZNF652,-1,-0.030435996015808073
EMX2,ZNF652,1,0.03697651406632808
TFAP2B,ZNF652,-1,-0.0032349637232395147
PRRX1,ZNF652,-1,-0.018374865764289493
VAX2,ZNF652,1,0.10997990794747203
MAF,ZNF652,-1,-0.025433835194959526
HOXB6,ZNF652,-1,-0.014294813549544764
POU4F1,ZNF652,-1,-0.014079303333088497
NKX2-2,ZNF652,1,0.0953288594333969
FOXO1,ZNF652,1,0.0644534872683466
MEIS1,ZNF652,1,0.12421654302225452
PITX1,ZNF652,-1,-0.03247193259429363
MAZ,ZNF652,1,0.044694523059510445
HOXB2,ZNF652,-1,-0.021801976936825496
HOXD11,ZNF652,1,0.06195364094353906
TTF1,ZNF652,1,0.11917771636056772
FLI1,ZNF652,1,0.031806591897789116
HOXA4,ZNF652,-1,-0.09852316498695664
TBX5,ZNF652,1,0.014446793566551392
AR,ZNF652,1,0.03348774403892506
MSX1,ZNF652,-1,-0.07556696151423896
RUNX3,ZNF652,-1,-0.000390828797211452
HOXC4,ZNF652,-1,-0.01718837604065852
TEAD1,ZNF652,1,0.11394580011280295
TBP,ZNF652,-1,-0.021395683702789995
ELF2,ZNF652,1,0.23596967216881973
ASCL2,ZNF652,-1,-0.1599350446048669
ZNF35,ZNF652,-1,-0.005050112823235481
NR2F6,RARA,1,0.0490859096609688
ETV1,RARA,1,0.02486411094236871
MEF2D,RARA,1,0.019346125888428545
HSF1,RARA,1,0.05474929351291251
SOX18,RARA,1,0.020030010903321894
KLF13,RARA,1,0.007281866118866691
ZNF652,RARA,1,0.023222214921643464
SREBF2,RARA,-1,-0.05008176788368822
ERF,RARA,1,0.10143783095750221
SOX21,RARA,-1,-0.03551341246862724
CTF1,RARA,1,7.115649193049503e-05
ETS1,RARA,1,0.07386388775071438
MEF2A,RARA,-1,-0.08145649402824705
AHR,RARA,1,0.06224757577073788
ZNF281,RARA,-1,-0.03629688765776047
PLAG1,RARA,1,0.05555003344209216
ZNF219,RARA,1,0.1749925777704993
TP53,RARA,1,0.02639753072354492
KLF11,RARA,-1,-0.010769970306962686
SOX4,RARA,1,0.13557393349727406
PBX1,RARA,-1,-0.11387160339988334
GBX2,RARA,1,0.011723695661005713
NFYA,RARA,1,0.04025339539809087
RXRA,RARA,1,0.10370905886499812
SOX15,RARA,-1,-0.021216877815366828
STAT5B,RARA,1,0.0545886172174258
LEF1,RARA,1,0.03241631117114801
KLF15,RARA,-1,-0.05961802036966636
SPI1,RARA,1,0.017031849508459856
SOX2,RARA,-1,-0.039263775119567364
SRF,RARA,1,0.08360750205782573
THRA,RARA,1,0.17175185230770046
POU3F3,RARA,1,0.005986168628617972
PPARG,RARA,1,0.08105923730376777
ESR2,RARA,-1,-0.04261871586707469
MAFK,RARA,1,0.06250938836215279
TCF3,RARA,1,0.09936126139792796
MZF1,RARA,-1,-0.11012766421192319
IKZF1,RARA,-1,-0.16687455576238502
E2F2,RARA,1,0.03139432084141584
RFX1,RARA,1,0.04105573687523703
STAT5A,RARA,-1,-0.023035208400503753
RUNX1,RARA,1,0.12999592389089915
HBP1,RARA,-1,-0.028883838712633555
EMX2,RARA,-1,-0.016056499138372964
EGR1,RARA,1,0.012569693150305192
NR2C2,RARA,-1,-0.0575409587093597
TFAP2C,RARA,-1,-0.11493539554394305
ONECUT2,RARA,1,0.031853875396879554
FOXD3,RARA,1,0.0010647449366406056
BRCA1,RARA,-1,-0.019001791334005244
IRF2,RARA,1,0.05409453184775907
FOXC1,RARA,-1,-0.11934552217002911
HOXA10,RARA,-1,-0.06066212811343297
SMAD3,RARA,1,0.02128800882610411
FOXO1,RARA,1,0.0902590187160906
NR2F1,RARA,-1,-0.06930516876621193
PITX1,RARA,-1,-0.016820436052287616
DLX6,RARA,1,0.08067055367477813
TCF7L2,RARA,1,0.0024735748603444425
RORA,RARA,1,0.15280749304635044
FLI1,RARA,-1,-0.07774748916523674
HOXA4,RARA,1,0.04596890833578798
SOX1,RARA,-1,-0.018853870415427278
HOXB13,RARA,1,0.057497032975382306
TBX5,RARA,1,0.04828384585072602
MSX2,RARA,1,0.03404053153910228
ZNF350,RARA,-1,-0.04760672712730213
MSX1,RARA,-1,-0.002194538625778677
MAFB,RARA,-1,-0.007489723870595817
RARG,RARA,1,0.07530157608090196
RUNX3,RARA,1,0.08284800720957344
TBP,RARA,1,0.03312756822221964
ZNF589,RARA,-1,-0.024032478256493264
BCL6,RARA,1,0.05788884026024033
SREBF1,RARA,1,0.08227800337001301
NKX6-1,RARA,1,0.0007451999684069259
TFAP2A,RARA,1,0.06547391560790108
PAX6,RARA,-1,-0.15096454883422786
OSR2,RARA,1,0.018290605700520268
RFX5,RARA,-1,-0.06678653483873498
EN1,RARA,1,0.03881766750678544
ARNT,HEY2,-1,-0.05530021255535149
SOX18,HEY2,1,0.06718237935973823
MEOX2,HEY2,-1,-0.14049985091723155
ELK1,HEY2,-1,-0.017872133288695028
TFCP2,HEY2,1,0.05507318703590369
RARA,HEY2,1,0.0785533203212662
HOXD10,HEY2,-1,-0.007853207528473531
MEF2A,HEY2,1,0.05849266699592609
AHR,HEY2,1,0.06369110575200115
SOX9,HEY2,1,0.09619117581674932
STAT4,HEY2,-1,-0.0492468839563958
SP1,HEY2,-1,-0.06234569574519411
ZBTB7B,HEY2,1,0.027730049191048746
PBX1,HEY2,1,0.05336211625438892
HOXD9,HEY2,1,0.02921274306273303
SOX15,HEY2,1,0.0011102077617503403
SOX13,HEY2,1,0.05379479224384038
HMGA2,HEY2,1,0.00198709226182362
SOX2,HEY2,1,0.029635846448309515
PPARG,HEY2,-1,-0.08175293276749215
PATZ1,HEY2,1,0.12723139366770075
CEBPA,HEY2,1,0.1309313716042491
ZBTB16,HEY2,-1,-0.035384491780252665
NFKB1,HEY2,-1,-0.050597827350601005
TCF3,HEY2,-1,-0.13143023317010363
NFATC1,HEY2,1,0.060351879390534165
SOX11,HEY2,1,0.0014476362155491555
ELF4,HEY2,-1,-0.008774207537250306
HOXB3,HEY2,-1,-0.0029725001344551873
ZEB1,HEY2,1,0.12254701697899378
TFAP2B,HEY2,-1,-0.06507337616880271
FOXF2,HEY2,1,0.08193535987573712
RUNX2,HEY2,1,0.06416051253938113
SATB1,HEY2,1,0.06143094982467774
HOXC6,HEY2,-1,-0.025631135040306594
TFAP2C,HEY2,-1,-0.026607005522586536
IRF2,HEY2,1,0.037047307513257216
HOXB6,HEY2,-1,-0.09552558970043319
KLF12,HEY2,1,0.08512151430523428
FOXC1,HEY2,1,0.07884044268881145
SMAD3,HEY2,1,0.06480365894601023
FOXO1,HEY2,-1,-0.09701512687655467
HOXB2,HEY2,-1,-0.04521773300910895
SOX1,HEY2,-1,-0.010544767970199239
TBX5,HEY2,1,0.001828596463839077
MSX2,HEY2,1,0.029815797355247527
ZNF350,HEY2,1,0.030621499646312368
AR,HEY2,1,0.005428012815773131
MSX1,HEY2,1,0.06631909238508445
MAFB,HEY2,1,0.04058446856612002
HOXC4,HEY2,-1,-0.006593509963544728
TEAD1,HEY2,-1,-0.04972517590233036
TBP,HEY2,1,0.112641704543282
EN1,HEY2,1,0.07178474613604054
ZNF35,HEY2,1,0.016987231189712893
BRF1,CNOT3,1,0.06101735066084532
SOX18,CNOT3,1,0.12928831606318186
NR1H2,CNOT3,1,0.13493985752070561
ELF3,CNOT3,-1,-0.013237419774501926
E2F1,CNOT3,-1,-0.1002127260103938
SOX21,CNOT3,1,0.017990456074654552
MEF2A,CNOT3,-1,-0.0053127671870446605
SOX9,CNOT3,1,0.10621678121989454
TRIM28,CNOT3,1,0.09288168332415461
SP4,CNOT3,-1,-0.014459238421605626
HOXC13,CNOT3,1,0.03966570320413779
SOX17,CNOT3,-1,-0.05085837983012293
GBX2,CNOT3,-1,-0.02056365701420325
NFYA,CNOT3,1,0.06867936616178615
SOX15,CNOT3,1,0.02767566589731684
STAT5B,CNOT3,1,0.005717953557605526
SOX13,CNOT3,1,0.013001049613155529
ELF1,CNOT3,-1,-0.1895725590207461
SPI1,CNOT3,1,0.18585258120446416
SOX2,CNOT3,-1,-0.02932174552351422
EWSR1,CNOT3,1,0.12160117745699515
MAFK,CNOT3,1,0.02503766875278888
NFKB1,CNOT3,-1,-0.05568346051057751
TCF3,CNOT3,1,0.12513040966656008
SOX12,CNOT3,1,0.2412755446951832
NFATC1,CNOT3,1,0.1280073435504406
TAL1,CNOT3,-1,-0.1051182655003777
STAT5A,CNOT3,-1,-0.06392372133989935
HOXB3,CNOT3,1,0.07602593127824507
TFAP2B,CNOT3,-1,-0.0031069292996343837
EGR1,CNOT3,1,0.05735297076626951
IRF1,CNOT3,-1,-0.05066310494606654
MAF,CNOT3,1,0.005609933681777197
TFAP2C,CNOT3,1,0.06634652062230811
MAX,CNOT3,1,0.041400034044272845
HOXD13,CNOT3,-1,-0.03559262213419145
BRCA1,CNOT3,1,0.07406748097352223
POU4F1,CNOT3,1,0.019033524450571476
SMAD3,CNOT3,1,0.06554209942955813
FOXO1,CNOT3,1,0.06488197378679633
NR2F1,CNOT3,-1,-0.07840230899473476
MAZ,CNOT3,1,0.10348086743461858
HOXB13,CNOT3,-1,-0.0661163860191901
MSX1,CNOT3,-1,-0.11439652851927924
PEG10,CNOT3,1,0.0042564039044853275
FOXO3,CNOT3,-1,-0.015583898240649074
ASCL2,CNOT3,-1,-0.043533720629090854
TFAP2A,CNOT3,1,0.0331826521850067
ZNF35,CNOT3,1,0.016225012689402178
SOX18,SREBF2,-1,-0.09972753243820205
ELF5,SREBF2,-1,-0.006610737668387859
FOSL1,SREBF2,-1,-0.020173903764149497
ELF3,SREBF2,-1,-0.11487068218101722
SOX21,SREBF2,1,0.058529315278366266
ETS1,SREBF2,1,0.07598649945495807
TP53,SREBF2,1,0.04841317123576256
GBX2,SREBF2,-1,-0.05431597482132422
NFYA,SREBF2,1,0.03959908019713651
SOX15,SREBF2,-1,-0.07787146349034063
STAT5B,SREBF2,1,0.01945707414409691
SOX13,SREBF2,1,0.037286632431294035
JDP2,SREBF2,1,0.042087483457202854
SOX2,SREBF2,1,0.06477145068399838
SRF,SREBF2,1,0.04206590749526034
SF1,SREBF2,1,0.1318861583564974
POU3F3,SREBF2,1,0.040250194255739655
CEBPD,SREBF2,-1,-0.1046651893078366
ATF7,SREBF2,1,0.03862013149602327
POU3F4,SREBF2,-1,-0.039240384813967764
TCF3,SREBF2,1,0.08816219353480828
VDR,SREBF2,-1,-0.002554505976465868
SOX12,SREBF2,1,0.20211149797496433
XBP1,SREBF2,1,0.2468592009160118
STAT5A,SREBF2,-1,-0.02721478197232797
HBP1,SREBF2,-1,-0.20571003533501536
HOXB3,SREBF2,-1,-0.048815667640456556
PKNOX2,SREBF2,1,0.1668700167911013
MAF,SREBF2,-1,-0.03197200182595473
MAX,SREBF2,1,0.08321646853734356
LMO2,SREBF2,1,0.030366002787609453
SMAD3,SREBF2,1,0.011362764177853632
ATF2,SREBF2,1,0.07280907139772438
CREB5,SREBF2,1,0.012935548775032836
MAZ,SREBF2,1,0.32095263774695537
MSX1,SREBF2,-1,-0.1914398264456232
MAFB,SREBF2,-1,-0.31268526112973816
HLF,SREBF2,1,0.24971771757258135
TBP,SREBF2,-1,-0.06288339470935399
SREBF1,SREBF2,1,0.1683324445585861
ZNF35,SREBF2,-1,-0.038664340300217453
REL,ELF3,1,0.1540270312862599
MEF2D,ELF3,-1,-0.08137661855246815
ARNT,ELF3,-1,-0.01465761686464739
HSF1,ELF3,-1,-0.016203146106531927
NR1H2,ELF3,1,0.0019694125916512434
RELA,ELF3,1,0.04988044834070971
FOSL1,ELF3,-1,-0.010870202201659606
E2F1,ELF3,-1,-0.039487020398469956
MEF2A,ELF3,-1,-0.12711477905864563
AHR,ELF3,1,0.05049470429809398
SOX9,ELF3,-1,-0.04550604949995293
STAT4,ELF3,1,0.12407622002884955
SP1,ELF3,-1,-0.05602786371522241
ZNF219,ELF3,1,0.11078241276513193
E2F4,ELF3,1,0.026284397527232863
ZNF282,ELF3,-1,-0.01586251171198739
HOXD9,ELF3,1,0.037896296919124405
SOX2,ELF3,-1,-0.10081685506161141
SRF,ELF3,-1,-0.015417997011572844
POU3F3,ELF3,1,0.06540059074434945
ESR2,ELF3,1,0.017845604938946154
POU3F4,ELF3,1,0.03003287604373864
TCF3,ELF3,-1,-0.0029773991591786966
VDR,ELF3,1,0.19675090857260863
ZNF217,ELF3,1,0.07994787105132325
XBP1,ELF3,1,0.04176495493576338
TFAP2B,ELF3,1,0.00485542227013248
PRRX1,ELF3,-1,-0.019635458917030616
TFAP2C,ELF3,1,0.055996815493326815
FOXD3,ELF3,1,0.028441080744949807
HOXD13,ELF3,-1,-0.010354850327651129
LMO2,ELF3,-1,-0.04770192293839711
FOXO4,ELF3,1,0.10193543584321217
SMAD3,ELF3,1,0.03840264185904363
CDC5L,ELF3,1,0.076662627870208
NR2F1,ELF3,1,0.013894160808046873
PITX1,ELF3,1,0.002409847215792293
POU3F2,ELF3,-1,-0.06068240671882377
FEV,ELF3,1,0.0024674092633592544
HOXA3,ELF3,1,0.03232435871601422
AR,ELF3,1,0.006421340769840669
PEG10,ELF3,-1,-0.0416829875868988
E2F8,ELF3,1,0.1624556099388839
TFAP2A,ELF3,1,0.015185252793587813
HSF1,HOXD10,-1,-0.00518184055140306
MYBL2,HOXD10,1,0.008852289847640948
RARA,HOXD10,-1,-0.0853735497889084
SREBF2,HOXD10,-1,-0.024552003202446503
ELF3,HOXD10,-1,-0.00197265226853975
HMGA1,HOXD10,-1,-0.004281717686389271
ZBTB7B,HOXD10,1,0.03791096678537847
HOXC13,HOXD10,1,0.03209013660613216
HOXD9,HOXD10,1,0.7383376836225978
TEAD3,HOXD10,1,0.06565809166511825
ZBTB16,HOXD10,1,0.049676335264051366
TCF3,HOXD10,-1,-0.009180625930067049
CEBPG,HOXD10,1,0.021172910423668128
NR2C2,HOXD10,1,0.020938562241989346
HOXD13,HOXD10,1,0.22166136599696634
FOXO4,HOXD10,-1,-0.1556820094777725
FOXC2,HOXD10,-1,-0.10375865388071433
IRF7,HOXD10,1,0.011431388154905771
IRF5,HOXD10,-1,-0.01456931417962948
HOXB13,HOXD10,1,0.011214559933731024
TEAD4,HOXD10,-1,-0.008967688887839458
SIX6,HOXD10,-1,-0.021814055837710247
ETS2,HOXD10,1,0.0018267242879936453
TEAD1,HOXD10,1,0.033875041366359715
BCL6,HOXD10,1,0.022309386510817587
PARP1,HOXD10,1,0.049138637720897646
ZNF35,HOXD10,1,0.04922753247656611
ETV1,ERF,1,0.05501235693136161
SOX18,ERF,1,0.08406840205424737
ELF5,ERF,-1,-0.0605739483121099
MEOX2,ERF,1,0.0367263704255829
ELK1,ERF,1,0.01471776987681352
ESRRG,ERF,-1,-0.041002824926231994
SOX21,ERF,1,0.08129901064085249
MEF2A,ERF,-1,-0.014873979784487772
HMGA1,ERF,1,0.011849758717552568
TP53,ERF,1,0.07063695338228401
SP4,ERF,-1,-0.05461000439893827
JDP2,ERF,-1,-0.007644455069502802
THRA,ERF,-1,-0.04909716428705476
POU3F3,ERF,1,0.04113895855261499
EWSR1,ERF,1,0.1467208606419002
PATZ1,ERF,1,0.04428644641632225
TCF3,ERF,1,0.28618338246747244
MZF1,ERF,1,0.08091151408966046
IKZF1,ERF,-1,-0.2636583444834501
SOX12,ERF,1,0.04568154158565435
JUN,ERF,1,0.028335852552997403
CEBPG,ERF,1,0.04140722110765981
XBP1,ERF,1,0.06913271377437541
SOX11,ERF,-1,-0.03414674711986553
TFAP2B,ERF,-1,-0.0748494368288577
EGR1,ERF,1,0.002396033255745934
TFAP2C,ERF,-1,-0.10003356455460896
IRF2,ERF,1,0.058586945601061174
SCRT1,ERF,-1,-0.10309923456287982
ETV5,ERF,1,0.129253217901319
FOXC2,ERF,-1,-0.050309212809707564
MAZ,ERF,1,0.17429424728590076
ETV3,ERF,-1,-0.004522919506237365
ZNF589,ERF,-1,-0.05549121734283491
BRF1,E2F1,1,0.21668020167626528
MEF2D,E2F1,-1,-0.1275142656984846
HSF1,E2F1,1,0.052154913783179886
MEOX2,E2F1,-1,-0.01327654967095098
LHX6,E2F1,1,0.06905330291570833
RARA,E2F1,-1,-0.05269017270496181
SREBF2,E2F1,1,0.015318988451025542
ELF3,E2F1,-1,-0.04532076712756178
HOXD10,E2F1,1,0.058762546326611265
ETS1,E2F1,-1,-0.03832528866932029
SOX9,E2F1,-1,-0.0855601342302154
ZNF281,E2F1,-1,-0.04746926034525637
TRIM28,E2F1,1,0.06445745187572781
NEUROD1,E2F1,1,0.08370841349891861
ZBTB7B,E2F1,1,0.0348105860552253
SP4,E2F1,1,0.04819854708418827
E2F4,E2F1,1,0.10041430452249782
SOX4,E2F1,1,0.05240723397856853
SOX17,E2F1,-1,-0.07232366962850016
NFYA,E2F1,-1,-0.0017215386686560833
KLF15,E2F1,-1,-0.14324248513496157
ELF1,E2F1,-1,-0.2332806113015846
SPI1,E2F1,1,0.15150517818329612
SRF,E2F1,-1,-0.03666074730475166
POU3F3,E2F1,1,0.13336847079458142
TRAF4,E2F1,1,0.07096044700314916
POU3F4,E2F1,1,0.060369007417241716
CEBPA,E2F1,1,0.07357708255485534
TCF3,E2F1,1,0.12126542279045695
MYCN,E2F1,1,0.20992492913411667
JUN,E2F1,1,0.025078105173648176
TAL1,E2F1,-1,-0.27465311020195127
SOX11,E2F1,-1,-0.08632161732629404
HOXB3,E2F1,-1,-0.05871092351828251
EMX2,E2F1,1,0.04452900165354547
ZEB1,E2F1,-1,-0.04458632774850895
EGR1,E2F1,-1,-0.009542293312049404
IRF1,E2F1,-1,-0.1532556248723525
NR2C2,E2F1,-1,-0.026597882940649232
PRRX1,E2F1,1,0.017932880942766655
VAX2,E2F1,-1,-0.029172682922457886
FOXD3,E2F1,1,0.1041031897766541
HOXD13,E2F1,-1,-0.03751170425198765
PRDM1,E2F1,-1,-0.02958420480300485
FOXO4,E2F1,-1,-0.004060001511462486
BACH1,E2F1,1,0.06116068608638076
FOXC2,E2F1,-1,-0.11662550840540223
NR2F1,E2F1,1,0.05432192096410859
IRF7,E2F1,1,0.011631113015437657
POU3F2,E2F1,-1,-0.09826746172162992
E2F3,E2F1,1,0.07933624215350618
HOXA4,E2F1,-1,-0.05030355132963124
SOX1,E2F1,-1,-0.07445814361755336
HOXA3,E2F1,1,0.11033358986388977
AR,E2F1,-1,-0.08054076898220058
NR4A1,E2F1,1,0.12299181709315729
FOXM1,E2F1,1,0.43562717950415253
HOXC4,E2F1,-1,-0.11866832661493401
FOXO3,E2F1,1,0.04377917877089404
BCL6,E2F1,-1,-0.05363144858322639
E2F8,E2F1,1,0.3782211791781971
ASCL2,E2F1,-1,-0.036701430773688676
TFAP2A,E2F1,1,0.013180909185219507
PAX6,E2F1,1,0.056381476114830464
EN1,E2F1,-1,-0.03125081022425495
ZNF35,E2F1,1,0.01015542270665903
ETV1,ARID5A,1,0.007655132503841057
KLF13,ARID5A,-1,-0.0555441941252283
RARA,ARID5A,1,0.11032843530339394
E2F1,ARID5A,-1,-0.0029204505939693414
SOX9,ARID5A,1,0.08669366006844874
TRIM28,ARID5A,1,0.03795710357320431
SP1,ARID5A,-1,-0.029358917387906053
HMGA1,ARID5A,1,0.13327312701490346
KLF11,ARID5A,-1,-0.01948995090560683
SOX4,ARID5A,-1,-0.21281302677388717
GBX2,ARID5A,1,0.012742670983966996
RXRA,ARID5A,-1,-0.09748270614365674
GABPA,ARID5A,-1,-0.04328461138078998
KLF15,ARID5A,1,0.006447872265407965
SPI1,ARID5A,1,0.180683979072243
SRF,ARID5A,1,0.08429944967678937
TRAF4,ARID5A,1,0.0006998221967513457
TCF3,ARID5A,1,0.037717330290672986
JUN,ARID5A,1,0.19025777704255598
TAL1,ARID5A,1,0.051251474547179474
NKX2-5,ARID5A,1,0.010419141538210169
RUNX1,ARID5A,1,0.1961992937989151
HBP1,ARID5A,-1,-0.022246576409699185
HOXC11,ARID5A,1,0.021624714450287925
EMX2,ARID5A,-1,-0.10612895592918822
IRF1,ARID5A,1,0.1642732754137583
PKNOX2,ARID5A,1,0.0890648596237094
TFAP2C,ARID5A,-1,-0.050281496533566075
IRF2,ARID5A,1,0.12837863612994455
FOXO4,ARID5A,1,0.03991603882412177
FOXC1,ARID5A,-1,-0.019252707751011105
SMAD3,ARID5A,-1,-0.01044734598392545
FOXO1,ARID5A,-1,-0.0913972871807747
NR2F1,ARID5A,1,0.00028727672503662735
IRF7,ARID5A,1,0.07425735769836907
HOXD11,ARID5A,1,0.05408993332503224
SOX1,ARID5A,1,0.005697768554429614
HOXB13,ARID5A,1,0.004764738172709164
AR,ARID5A,-1,-0.09950498755061017
RARG,ARID5A,-1,-0.10352595725350186
RUNX3,ARID5A,1,0.010804063570718002
ARID3A,ARID5A,1,0.07550659831983485
TBP,ARID5A,-1,-0.035827244241823646
BCL6,ARID5A,1,0.07738972310591449
EN1,ARID5A,1,0.055393327163041385
ZNF35,ARID5A,1,0.10162446905676427
MEF2D,SOX21,1,0.09347418635896274
HSF1,SOX21,-1,-0.03575790852038025
SOX18,SOX21,1,0.13594574921021296
MEOX2,SOX21,-1,-0.008314278942014008
RELA,SOX21,1,0.03560328094484779
RARA,SOX21,-1,-0.10752705612222029
ELF3,SOX21,1,0.5085433654739347
E2F1,SOX21,-1,-0.22035737049477516
ETS1,SOX21,-1,-0.009442846239263615
IRF8,SOX21,1,0.20070449161981171
MEF2A,SOX21,-1,-0.2367682099103432
SOX9,SOX21,1,0.015693033522480433
FOXJ1,SOX21,1,0.1045090992093728
TRIM28,SOX21,-1,-0.1359994531724575
SP1,SOX21,-1,-0.07415355609104203
NEUROD1,SOX21,1,0.06130269524058292
HMGA1,SOX21,1,0.1868153307084505
ZBTB33,SOX21,1,0.14722522123154846
TP53,SOX21,-1,-0.028401492989186927
KLF11,SOX21,1,0.04159151289685506
SP4,SOX21,1,0.003911145270857721
SOX4,SOX21,-1,-0.005264946760242489
SOX17,SOX21,1,0.011891315368288524
NFYA,SOX21,1,0.0036739212843196266
SOX15,SOX21,-1,-0.009582219067544173
TEAD3,SOX21,1,0.0460414861830793
HMGA2,SOX21,1,0.052177126875662574
ELF1,SOX21,1,0.08464045661901513
SPI1,SOX21,1,0.06566983258074827
SOX2,SOX21,1,0.2588326259066004
SRF,SOX21,-1,-0.06728806946255177
POU3F3,SOX21,1,0.3461657682775777
EWSR1,SOX21,-1,-0.11884241185917574
PPARG,SOX21,1,0.04579038714161201
TRAF4,SOX21,1,7.049263643324918e-05
POU3F4,SOX21,1,0.11268934910241699
CEBPA,SOX21,-1,-0.17408642318531245
MAFK,SOX21,-1,-0.058320029102720966
NFKB1,SOX21,-1,-0.07834680506952403
TCF3,SOX21,1,0.2404204934115262
VDR,SOX21,-1,-0.4280782036826148
IKZF1,SOX21,1,0.12247850300389948
SOX12,SOX21,1,0.04648845936787524
NKX2-5,SOX21,1,0.019966982817818734
SOX11,SOX21,-1,-0.03314633621134903
ELF4,SOX21,-1,-0.14140170149569115
EGR1,SOX21,-1,-0.012161241352866503
IRF1,SOX21,1,0.06817555837470042
SATB1,SOX21,1,0.0016312480302118086
PRRX1,SOX21,1,0.022430796488113938
MAF,SOX21,1,0.10429556462779316
TFAP2C,SOX21,1,0.004270209644999857
FOXD3,SOX21,1,0.0020278668454286244
NR2E1,SOX21,1,0.09227203179143802
BRCA1,SOX21,1,0.11443492822825385
IRF2,SOX21,-1,-0.049061928620530715
LMO2,SOX21,-1,-0.07264664181542281
FOXO4,SOX21,1,0.09083290411436828
BACH1,SOX21,-1,-0.0702454564676746
SMAD4,SOX21,-1,-0.049783274841860396
SCRT1,SOX21,-1,-0.058990730459622435
HOXA10,SOX21,-1,-0.006452433202246042
SMAD3,SOX21,1,0.15690716624600776
FOXO1,SOX21,1,0.06560170126763568
NR2F1,SOX21,1,0.09874956570643659
PITX1,SOX21,1,0.07390816672454006
POU3F2,SOX21,-1,-0.045302973732152946
RFX3,SOX21,-1,-0.03357241934157592
SOX1,SOX21,-1,-0.04937547611752649
HOXA3,SOX21,-1,-0.03559965208437805
MSX2,SOX21,-1,-0.05929340082653009
AR,SOX21,1,0.12173884980115415
MSX1,SOX21,-1,-0.08202029653819791
MAFB,SOX21,-1,-0.017039681892703308
HIC1,SOX21,-1,-0.1280406041511541
RUNX3,SOX21,1,0.16934849079484882
NFATC4,SOX21,1,0.044039545714020085
ARID3A,SOX21,-1,-0.20751476358753818
HOXC4,SOX21,-1,-0.07250724150912624
TBP,SOX21,1,0.12108981659984294
FOXO3,SOX21,-1,-0.03459102027527019
BCL6,SOX21,-1,-0.0015753574479135271
SREBF1,SOX21,1,0.044424420297360726
NKX6-1,SOX21,1,0.023451946647390226
ASCL2,SOX21,-1,-0.14224000726537883
CPEB1,SOX21,1,0.06397792937748326
ZNF35,SOX21,-1,-0.014016919885019184
ERG,CTF1,1,0.07484569235637341
ETV1,CTF1,1,0.014837655526121261
MYBL2,CTF1,-1,-0.010917099405519588
ELK1,CTF1,1,0.06263602967664764
CNOT3,CTF1,1,0.10322951759484912
ELF3,CTF1,1,0.13869761621649054
HOXD10,CTF1,1,0.028425436271836683
ERF,CTF1,-1,-0.11444157026545308
E2F1,CTF1,1,0.03599791952704237
ETS1,CTF1,-1,-0.0397748407430434
FOXJ1,CTF1,1,0.06880995944956417
PLAG1,CTF1,1,0.13473396967740653
SP1,CTF1,-1,-0.09163575765957371
ZNF219,CTF1,1,0.04447699854258489
TP53,CTF1,1,0.018165824445122717
KLF11,CTF1,1,0.006787843240685601
SP4,CTF1,-1,-0.04309996076048165
SOX17,CTF1,-1,-0.005077856433228299
PBX1,CTF1,1,0.010697237696246427
GABPA,CTF1,1,0.21509744824240673
KLF15,CTF1,1,0.11259532064317863
SPI1,CTF1,1,0.14392985646532194
SOX2,CTF1,1,0.06566916538764118
PATZ1,CTF1,1,0.041623903825356384
TRAF4,CTF1,1,0.0003178594563622577
CEBPA,CTF1,-1,-0.1209792099770572
ZBTB16,CTF1,-1,-0.08699473520031104
JUN,CTF1,-1,-0.0244279027976908
ETV4,CTF1,1,0.11493417106002693
STAT5A,CTF1,1,0.0011220541380005194
EMX2,CTF1,1,0.04233347616335088
TFAP2B,CTF1,1,0.04197473749126687
EGR1,CTF1,1,0.16610320911026955
TFAP2C,CTF1,1,0.042585277135561504
MAX,CTF1,1,0.1608634519378271
BRCA1,CTF1,-1,-0.013666141719219243
LMO2,CTF1,1,0.0031750967996172106
KLF12,CTF1,-1,-0.1872031011686776
SMAD4,CTF1,-1,-0.1688571332346319
ETV5,CTF1,-1,-0.024928904852358786
SMAD3,CTF1,1,0.02667156966460157
ETV3,CTF1,1,0.02658902560643904
HOXB13,CTF1,1,0.03068385541243394
TEAD4,CTF1,-1,-0.02147903921340971
ETS2,CTF1,-1,-0.05188122038071388
PEG10,CTF1,1,0.018168208354078737
HLF,CTF1,1,0.011134808337452444
TBP,CTF1,1,0.0026015613555423383
SREBF1,CTF1,1,0.05384783254020628
NFIL3,CTF1,1,0.08530602024364418
ZNF35,CTF1,-1,-0.11915276701782891
ETV1,ETS1,1,0.05754576709106551
SOX18,ETS1,1,0.4345491803827959
SOX9,ETS1,-1,-0.07914563251868226
FOXJ1,ETS1,-1,-0.10055443925138516
SP1,ETS1,1,0.27199248733716996
HMGA1,ETS1,1,0.058173846636536755
SOX17,ETS1,1,0.0077895566765337635
KLF15,ETS1,-1,-0.04504864132187
JDP2,ETS1,1,0.02419993383350211
SRF,ETS1,1,0.2102363207037101
TCF3,ETS1,1,0.0856791172387818
RUNX1,ETS1,1,0.1625533815344608
HOXB3,ETS1,-1,-0.08253707410591718
FOXF2,ETS1,1,0.017630394437054536
IRF2,ETS1,-1,-0.026680999071999285
HOXB6,ETS1,-1,-0.007689694902090765
POU4F1,ETS1,-1,-0.049152151111565685
KLF12,ETS1,1,0.26235731045577365
BACH1,ETS1,1,0.05692086961817494
SMAD3,ETS1,-1,-0.06971204839095278
FOXO1,ETS1,-1,-0.018157237648821503
MEIS1,ETS1,-1,-0.03393921331498671
AR,ETS1,-1,-0.02992930474651662
FOXP3,ETS1,-1,-0.171809745745416
PPARA,ETS1,1,0.04342132222680601
PAX6,ETS1,-1,-0.09973697722682835
ZNF35,ETS1,1,0.014983993675782244
REL,IRF8,1,0.016808966653820936
MEF2D,IRF8,-1,-0.10420130557163068
NFKB2,IRF8,-1,-0.048600080848641876
ELF5,IRF8,1,0.10103127666493532
MEOX2,IRF8,-1,-0.04711465391445059
RELA,IRF8,-1,-0.10824201667151942
SOX21,IRF8,1,0.014640084284284722
MEF2A,IRF8,1,0.06185498450055789
STAT4,IRF8,1,0.07606820781714979
SP1,IRF8,-1,-0.01657553769401386
SOX13,IRF8,-1,-0.01297904317882622
ELF1,IRF8,1,0.04764558471757217
SPI1,IRF8,1,0.2861573086795093
SOX2,IRF8,-1,-0.004186083710226904
POU3F3,IRF8,-1,-0.007847703403872046
ZBTB16,IRF8,-1,-0.04927273826647006
NFKB1,IRF8,1,0.1257359214635495
TCF3,IRF8,-1,-0.07252517752518618
MYCN,IRF8,1,0.09406024439358765
EGR1,IRF8,-1,-0.05391806413451395
IRF1,IRF8,1,0.06400878129910983
MAF,IRF8,1,0.12056454619150261
TFEB,IRF8,1,0.10509030669323126
FLI1,IRF8,1,0.23410968001969998
NFATC4,IRF8,-1,-0.006232092872245301
ARID3A,IRF8,1,0.04433093991617525
PPARA,IRF8,1,0.019666217250822276
NKX6-1,IRF8,1,0.006275506959709275
TBR1,IRF8,1,0.10706413467429313
MEF2D,MEF2A,1,0.04940504048998672
NRF1,MEF2A,1,0.017973316774852248
RARA,MEF2A,-1,-0.032529628660391524
ELF3,MEF2A,-1,-0.05568923560909757
SOX21,MEF2A,-1,-0.03423900830856115
ETS1,MEF2A,1,0.009246821758696323
IRF8,MEF2A,1,0.06817781087754021
AHR,MEF2A,1,0.0285495072539546
ZNF281,MEF2A,1,0.1011395883428637
STAT4,MEF2A,-1,-0.05006561974062063
TRIM28,MEF2A,-1,-0.09421456747384992
SP1,MEF2A,1,0.04211219158658094
HOXC13,MEF2A,-1,-0.024379320965109422
E2F4,MEF2A,1,0.0008154166999642086
SOX4,MEF2A,-1,-0.07891542850701254
SOX17,MEF2A,-1,-0.023563044089987
KLF15,MEF2A,-1,-0.010741369277323236
THRA,MEF2A,1,0.010966333728945073
EWSR1,MEF2A,1,0.07034287957000047
PPARG,MEF2A,-1,-0.0022837955872117214
PATZ1,MEF2A,-1,-0.08662935107826464
TRAF4,MEF2A,-1,-0.018550769967258393
CEBPA,MEF2A,1,0.056661885969423974
ZBTB16,MEF2A,1,0.035830246774003524
MYCN,MEF2A,1,0.014101838622664719
IKZF1,MEF2A,1,0.04941476291145158
RFX2,MEF2A,-1,-0.050134150867512974
RFX1,MEF2A,-1,-0.02549918236257001
CEBPG,MEF2A,1,0.03958524566911425
TAL1,MEF2A,1,0.011630615023751428
RUNX1,MEF2A,1,0.075563324573528
HBP1,MEF2A,1,0.005867325757728134
ELF4,MEF2A,1,0.07048565269598846
EMX2,MEF2A,1,0.0034951933762586824
ZEB1,MEF2A,1,0.0016692882664125063
EGR1,MEF2A,1,0.01932475236194924
FOXF2,MEF2A,1,0.01346426037579012
SATB1,MEF2A,1,0.04245604505450162
TFAP2C,MEF2A,-1,-0.04516057691419785
MAX,MEF2A,-1,-0.020894030048091043
FOXD3,MEF2A,-1,-0.0024906078803499584
NR2E1,MEF2A,1,0.061331208933403956
IRF2,MEF2A,1,0.038366263035682656
FOXO4,MEF2A,-1,-0.04153032855835991
SMAD3,MEF2A,1,0.07517134472037723
CDC5L,MEF2A,1,0.04633337085497793
FOXO1,MEF2A,1,0.03852254573996619
TGIF2,MEF2A,-1,-0.03094680900679049
IRF7,MEF2A,1,0.006858659509517873
POU3F2,MEF2A,1,0.06101291172063815
RFX3,MEF2A,1,0.044110193713512075
HOXB2,MEF2A,-1,-0.02326618651671839
VBP1,MEF2A,1,0.0015801249463755324
E2F3,MEF2A,1,0.010247203410457074
FLI1,MEF2A,1,0.11448327239169158
FOXP3,MEF2A,-1,-0.03165638586989127
PRDM4,MEF2A,1,0.1731168149815995
MAFB,MEF2A,1,0.05566475908011746
HLF,MEF2A,1,0.14275556894891753
ARID3A,MEF2A,1,0.07865619511429663
HOXC4,MEF2A,1,0.0014772371988890387
ASCL2,MEF2A,-1,-0.06671077574933107
HOXA9,MEF2A,1,0.00027676619347699014
RFX5,MEF2A,1,0.11460109848851932
EN1,MEF2A,1,0.005433690798861918
NFIX,GTF2A1,1,0.3281221436328899
ARNT,GTF2A1,-1,-0.01720973455963898
HSF1,GTF2A1,1,0.045492989596037606
SOX18,GTF2A1,1,0.12405986601059396
MYBL2,GTF2A1,1,0.1051478617410596
KLF13,GTF2A1,-1,-0.028863440139671844
ELK1,GTF2A1,1,0.12131883566127581
NRF1,GTF2A1,-1,-0.15028462123380124
E2F1,GTF2A1,-1,-0.07238408998433185
CTF1,GTF2A1,1,0.0739789078560962
SOX9,GTF2A1,-1,-0.11475724938279769
ZNF281,GTF2A1,1,0.23109135269666992
FOXJ1,GTF2A1,-1,-0.03900664766301141
TRIM28,GTF2A1,-1,-0.024228376200272704
SP1,GTF2A1,1,0.12861762649832192
SP4,GTF2A1,1,0.3078017983350446
HOXC13,GTF2A1,-1,-0.038776549874257216
E2F4,GTF2A1,-1,-0.05192192396153808
SOX4,GTF2A1,1,0.05835589074950755
RXRA,GTF2A1,-1,-0.11558191150870108
HOXD9,GTF2A1,-1,-0.015838453250784305
TEAD3,GTF2A1,-1,-0.0041293778022997675
KLF15,GTF2A1,-1,-0.017149370788456943
POU3F3,GTF2A1,1,0.009397905479067256
EWSR1,GTF2A1,-1,-0.09988219793039967
PPARG,GTF2A1,-1,-0.021738462033649576
POU3F4,GTF2A1,-1,-0.05766090171253283
MAFK,GTF2A1,-1,-0.005204375246739468
MYCN,GTF2A1,-1,-0.046964098440114885
SOX12,GTF2A1,1,0.016008583703531205
NFATC1,GTF2A1,-1,-0.04735742798258657
TAL1,GTF2A1,1,0.0970445003427408
RUNX1,GTF2A1,1,0.18538395230251023
ELF4,GTF2A1,-1,-0.057932945623210774
HOXC11,GTF2A1,-1,-0.054015451088302975
EGR1,GTF2A1,1,0.02065680359519837
IRF1,GTF2A1,-1,-0.05568814893965212
RUNX2,GTF2A1,1,0.02393808225507444
NR2C2,GTF2A1,1,0.10847578214586093
MAF,GTF2A1,1,0.011466232862868849
MAX,GTF2A1,1,0.45578159785275546
IRF2,GTF2A1,-1,-0.127898659270936
HOXB6,GTF2A1,-1,-0.009711449267013322
POU4F1,GTF2A1,-1,-0.06574940825627887
FOXO4,GTF2A1,1,0.02278816949016412
NKX2-2,GTF2A1,1,0.06958025930978197
TFEB,GTF2A1,1,0.016828402748908976
SMAD3,GTF2A1,-1,-0.10867789224493979
FOXC2,GTF2A1,1,0.14490326451117755
POU3F2,GTF2A1,1,0.20594983957921856
MAZ,GTF2A1,-1,-0.11952243725709914
RORA,GTF2A1,1,0.28278417585082083
SOX1,GTF2A1,1,0.05825240875048311
HOXB13,GTF2A1,-1,-0.008535205660067251
MSX2,GTF2A1,-1,-0.052113283600132024
MSX1,GTF2A1,-1,-0.044988273880199804
ARID3A,GTF2A1,-1,-0.1033021183823644
TEAD1,GTF2A1,1,0.04019542513338816
PPARA,GTF2A1,1,0.10702257714498405
BCL6,GTF2A1,-1,-0.11938862459895208
SREBF1,GTF2A1,1,0.06898863531965815
TFAP2A,GTF2A1,1,0.02746231991131307
PAX6,GTF2A1,-1,-0.19638480332072775
ZNF35,GTF2A1,1,0.0070615200201594635
MEF2D,AHR,-1,-0.0004916157642162645
ELF5,AHR,1,0.1282111541520515
MEOX2,AHR,-1,-0.010999336474922348
ELK1,AHR,-1,-0.037364320422003154
SP1,AHR,-1,-0.03651545857141377
NEUROD1,AHR,1,0.008345165269020204
KLF11,AHR,1,0.07387750414575323
SP4,AHR,1,0.03926672753379375
GBX2,AHR,1,0.08818110362451141
LEF1,AHR,1,0.07371906543942061
SOX13,AHR,-1,-0.005754616023623632
SRF,AHR,-1,-0.0013046563368406179
POU3F4,AHR,-1,-0.0022460160706025147
CEBPA,AHR,1,0.0726886813345574
TCF3,AHR,-1,-0.08172733625638992
XBP1,AHR,1,0.15307857838128253
RUNX1,AHR,1,0.1380960897209174
VENTX,AHR,1,0.07936556014021881
NR2C2,AHR,-1,-0.028684013350420687
SMAD3,AHR,-1,-0.09684320400965965
HOXA4,AHR,1,0.01814747436527279
SOX1,AHR,1,0.03689168998933683
TEAD4,AHR,1,0.11984555817114033
SIX6,AHR,1,0.03108701771299708
MAFB,AHR,1,0.10672301547368584
FOXO3,AHR,-1,-0.023903979348875844
NKX6-1,AHR,1,0.003004090431489771
ZNF35,AHR,1,0.022020977142827684
NFIX,SOX9,1,0.023352803928948365
KLF13,SOX9,-1,-0.10893789906321565
HOXC10,SOX9,-1,-0.013571100956168432
RELA,SOX9,1,0.09392050897905241
FOSL1,SOX9,1,0.030971520444384427
ELF3,SOX9,-1,-0.035232016959205775
E2F1,SOX9,-1,-0.03438488000659035
SOX21,SOX9,1,0.010762968390637064
FOXJ1,SOX9,1,0.028248463183145882
ZNF219,SOX9,1,0.07202266432080245
TP53,SOX9,1,0.0660507080373897
KLF11,SOX9,-1,-0.09661986851693971
SP4,SOX9,1,0.005320368782385275
SOX4,SOX9,1,0.01759369445126222
NFYA,SOX9,-1,-0.021431581172308183
SOX2,SOX9,1,0.03566601796072804
SRF,SOX9,-1,-0.00761997289891003
EWSR1,SOX9,-1,-0.08345172020030257
PATZ1,SOX9,1,0.00363461857977133
TBX2,SOX9,1,0.04754880896990101
TRAF4,SOX9,1,0.016500497869502632
POU3F4,SOX9,1,0.002762130676915907
TCF3,SOX9,1,0.008063550533402651
VDR,SOX9,-1,-0.0049536448878485006
JUN,SOX9,1,0.01182347594758865
ZNF217,SOX9,1,0.05295966407606564
SOX11,SOX9,1,0.22019428905791155
ELF4,SOX9,-1,-0.012298053425416166
PLAGL1,SOX9,-1,-0.017270811042591146
EGR1,SOX9,1,0.053690094664615454
IRF1,SOX9,-1,-0.054939259502570975
FOXF2,SOX9,1,0.027512621500535885
RUNX2,SOX9,-1,-0.028694403802210354
PRRX1,SOX9,-1,-0.016311384170334946
HOXD13,SOX9,1,0.009584316607064663
NR2E1,SOX9,1,0.1882520722224733
IRF2,SOX9,1,0.0727316434554587
POU4F1,SOX9,-1,-0.08018964930746696
FOXO4,SOX9,1,0.023142021031344384
NF1,SOX9,1,0.08171713715771436
SMAD3,SOX9,1,0.09086438414848248
NR2F1,SOX9,1,0.12800210852880486
IRF7,SOX9,-1,-0.017307100428488747
POU3F2,SOX9,1,0.09724091278496626
MAZ,SOX9,-1,-0.000242980244889303
HOXB13,SOX9,1,0.025046131531548874
INSM1,SOX9,-1,-0.07333891676133567
AR,SOX9,1,0.008136538046325633
PRDM4,SOX9,1,0.029792325791612048
MSX1,SOX9,1,0.028523885125131935
PEG10,SOX9,1,0.0029946891711274664
NFATC4,SOX9,-1,-0.020603313819564508
TBP,SOX9,-1,-0.03382927080057972
PPARA,SOX9,1,0.016574131891014938
BCL6,SOX9,1,0.02376848431399885
PARP1,SOX9,1,0.04433588988845002
PAX6,SOX9,1,0.11327478839390394
CPEB1,SOX9,1,0.06255915490730972
EN1,SOX9,1,0.015561636024689766
ZNF35,SOX9,-1,-0.039915960422707605
MEF2D,ZNF281,1,0.009473990506034853
MEOX2,ZNF281,-1,-0.022188975121752
KLF13,ZNF281,1,0.08618220767808149
TFCP2,ZNF281,1,0.01814338240490648
ELF3,ZNF281,1,0.05442541814707254
MEF2A,ZNF281,1,0.10979021315132899
TRIM28,ZNF281,1,0.023993475966118546
HMGA1,ZNF281,1,0.036104300713943514
TP53,ZNF281,-1,-0.023460405971802174
KLF11,ZNF281,1,0.08033958674711494
SP4,ZNF281,1,0.030396147461685924
SOX4,ZNF281,1,0.07317461806118124
SOX17,ZNF281,-1,-0.040987933501311656
PBX1,ZNF281,1,0.04314368237433434
RXRA,ZNF281,-1,-0.007821590244675745
LEF1,ZNF281,-1,-0.03168824607211339
KLF15,ZNF281,-1,-0.01191356578880899
ELF1,ZNF281,1,0.09208047086293553
SPI1,ZNF281,-1,-0.046554606199815586
SOX2,ZNF281,-1,-0.020585189605756424
SRF,ZNF281,1,0.01206210859163263
POU3F3,ZNF281,-1,-0.025437044001096674
CEBPD,ZNF281,-1,-0.03039253958145873
PATZ1,ZNF281,-1,-4.189040218252264e-05
TRAF4,ZNF281,1,0.014890897003980472
CEBPA,ZNF281,-1,-0.04705790246471637
MAFK,ZNF281,-1,-0.03983805384739854
ZBTB16,ZNF281,-1,-0.003368884281146336
TCF3,ZNF281,-1,-0.06843276140066708
CEBPG,ZNF281,-1,-0.007907636026112694
ZNF217,ZNF281,1,0.12622295652491125
RUNX1,ZNF281,1,0.03471019258484421
SOX11,ZNF281,1,0.06374433846832768
HOXC11,ZNF281,-1,-0.024007474513376613
EGR2,ZNF281,-1,-0.01280020129131865
HOXB3,ZNF281,-1,-0.008368300523224745
IRF1,ZNF281,-1,-0.009447004231370824
RUNX2,ZNF281,1,0.04702853559443592
PRRX1,ZNF281,1,0.03740018402385356
VAX2,ZNF281,1,0.02565080243888789
HOXD13,ZNF281,-1,-0.0005022275989441865
HOXB6,ZNF281,-1,-0.04254054498012283
FOXO4,ZNF281,1,0.07299659415407846
SMAD4,ZNF281,1,0.06748479183779678
MEIS1,ZNF281,-1,-0.019128911677552252
POU3F2,ZNF281,1,0.011716268115044667
TCF7L2,ZNF281,1,0.07740711304621949
HOXA4,ZNF281,-1,-0.019816639325319442
HOXB13,ZNF281,1,0.03332620499972593
HOXA3,ZNF281,1,0.02841784209158684
SIX6,ZNF281,1,0.006938165808832599
MSX1,ZNF281,1,0.02067252606728393
MAFB,ZNF281,-1,-0.02897382600439252
SNAI2,ZNF281,1,0.055842861710195445
HLF,ZNF281,1,0.03174657392026624
TBP,ZNF281,1,0.04022972797803553
NFIL3,ZNF281,1,0.009156638416946302
PARP1,ZNF281,1,0.1856535804338116
PAX6,ZNF281,-1,-0.0904337160721076
ZNF35,ZNF281,1,0.04149438991243159
HSF1,FOXJ1,-1,-0.06506300525151647
MEOX2,FOXJ1,1,0.03249325917745597
LHX6,FOXJ1,-1,-0.1189805145805384
E2F1,FOXJ1,1,0.14837695114250404
SOX9,FOXJ1,1,0.04833368117509699
PLAG1,FOXJ1,-1,-0.02567027762900916
ZNF219,FOXJ1,-1,-0.12738630399939085
TP53,FOXJ1,1,0.06015708544170636
KLF11,FOXJ1,1,0.04449085518249955
SOX2,FOXJ1,1,0.09963758250398008
PPARG,FOXJ1,-1,-0.0017106476972462929
MAFK,FOXJ1,-1,-0.041770633004628625
TCF3,FOXJ1,-1,-0.24489342854632964
RFX2,FOXJ1,1,1.0866673736211288
RFX1,FOXJ1,1,0.07038717516726974
TAL1,FOXJ1,1,0.017256474440887303
NKX2-5,FOXJ1,1,0.03031974432260619
HOXB3,FOXJ1,-1,-0.14405376865914385
EMX2,FOXJ1,1,0.025763428508679673
EGR1,FOXJ1,-1,-0.08634150215623652
PRRX1,FOXJ1,-1,-0.026581373678974864
IRF2,FOXJ1,1,0.04686678985070235
SMAD4,FOXJ1,-1,-0.12469920977843853
NR2F1,FOXJ1,1,0.17628966085788575
IRF7,FOXJ1,1,0.0857715766251744
POU3F2,FOXJ1,-1,-0.14273555724275655
RFX3,FOXJ1,1,0.07762949058663587
HOXB2,FOXJ1,1,0.12789245624083975
HOXD11,FOXJ1,1,0.08923147295299007
TEAD4,FOXJ1,-1,-0.004122939058918066
ARID3A,FOXJ1,-1,-0.21914516198925188
HOXC4,FOXJ1,1,0.09638412970601068
TEAD1,FOXJ1,-1,-0.07444209750791782
FOXO3,FOXJ1,-1,-0.04414287291020084
PPARA,FOXJ1,-1,-0.14146070457323387
TFAP2A,FOXJ1,-1,-0.18407499046412157
HOXA9,FOXJ1,1,0.021782449216511058
RFX5,FOXJ1,1,0.1197931716312194
TFAP4,FOXJ1,-1,-0.18074018135134712
SOX18,PLAG1,-1,-0.00818144431281536
HOXC10,PLAG1,-1,-0.014986389969283587
ELF3,PLAG1,1,0.05368552010397087
E2F1,PLAG1,-1,-9.913406707695058e-05
ARID5A,PLAG1,1,0.013548012271219748
SOX21,PLAG1,1,0.020297280153259323
MEF2A,PLAG1,1,0.03714128174582249
FOXJ1,PLAG1,-1,-0.011631615197727943
STAT4,PLAG1,1,0.05520598849338019
HMGA1,PLAG1,1,0.06415465652173559
ZNF219,PLAG1,-1,-0.006371873678192329
KLF11,PLAG1,-1,-0.009518426320044382
SP4,PLAG1,1,0.014072597181764184
SOX17,PLAG1,1,0.008857252030503296
KLF15,PLAG1,-1,-0.012417332441130928
HMGA2,PLAG1,1,0.2295709137046364
SPI1,PLAG1,-1,-0.050674013747360955
SRF,PLAG1,-1,-0.011899839882205537
POU3F3,PLAG1,-1,-0.05585500445621076
EWSR1,PLAG1,-1,-0.014789874092200825
TRAF4,PLAG1,-1,-0.025929392124367158
POU3F4,PLAG1,-1,-0.01810297475269046
CEBPA,PLAG1,1,0.04086836016825005
TCF3,PLAG1,-1,-0.04305346455457125
STAT5A,PLAG1,1,0.01789296495665983
HBP1,PLAG1,1,0.06330041105592162
HOXB9,PLAG1,1,0.019840763487086167
VENTX,PLAG1,1,0.018195607831527898
EMX2,PLAG1,1,0.004612472416330288
EGR1,PLAG1,-1,-0.01599362073675039
FOXF2,PLAG1,-1,-0.030865974300990966
HOXD13,PLAG1,-1,-0.02128885222785122
HOXB6,PLAG1,1,0.10228167780986658
FOXO4,PLAG1,1,0.08839281927507607
FOXC1,PLAG1,1,0.053720426937797966
SMAD3,PLAG1,1,0.02564863280998371
FOXO1,PLAG1,1,0.008684241021056837
FOXC2,PLAG1,1,0.05963399530797672
POU3F2,PLAG1,1,0.0002791146046837097
MAZ,PLAG1,-1,-0.04948083377729957
HOXB13,PLAG1,1,0.032451354547231456
INSM1,PLAG1,1,0.007750849987001891
AR,PLAG1,1,0.05381005148869838
FOXP3,PLAG1,1,0.08532087671702251
NFATC4,PLAG1,1,0.03441585187394994
ARID3A,PLAG1,1,0.07928496799504649
ZNF35,PLAG1,1,0.017251552755829437
HSF1,TFEC,-1,-0.10494096881691241
MEOX2,TFEC,1,0.01328013669005253
HOXC10,TFEC,-1,-0.0021437576177501696
LHX6,TFEC,1,0.10705400239237897
FOSL1,TFEC,-1,-0.024408247558836797
ARID5A,TFEC,-1,-0.008418987152434857
SOX21,TFEC,1,0.009108963710560261
SOX9,TFEC,-1,-0.06987765695251731
FOXJ1,TFEC,-1,-0.015207886054502217
TP53,TFEC,-1,-0.017727151427626923
SOX4,TFEC,-1,-0.045878025408116745
SOX17,TFEC,1,0.020815084340034113
GBX2,TFEC,1,0.04223636026072749
ZNF282,TFEC,-1,-0.05561732603101617
SOX13,TFEC,-1,-0.007037882406425301
SPI1,TFEC,1,0.14643907411424692
SRF,TFEC,-1,-0.016291188725399114
POU3F4,TFEC,1,0.02068548772269612
CEBPA,TFEC,1,0.20609239180847427
TCF3,TFEC,-1,-0.03538726801586164
ATF5,TFEC,-1,-0.0060617218079517315
ZNF217,TFEC,1,0.02391873800836763
RUNX1,TFEC,1,0.011163492176744658
HBP1,TFEC,1,0.1805220060074901
ELF4,TFEC,1,0.07053668464332016
VENTX,TFEC,1,0.027916848504758476
EMX2,TFEC,-1,-0.01270534565212303
IRF1,TFEC,1,0.09019629882763598
MAF,TFEC,1,0.07590954298778353
FOXD3,TFEC,1,0.035730161712909894
HOXB6,TFEC,1,0.04526151923358306
BACH1,TFEC,1,0.051843544102025234
PITX1,TFEC,-1,-0.012404643224729431
POU3F2,TFEC,1,0.030632618001416628
DLX6,TFEC,1,0.014219857478281937
FEV,TFEC,1,0.015572134739766829
HOXB2,TFEC,1,0.012697898832380516
RORA,TFEC,1,0.0021808312439313238
AR,TFEC,1,0.023149241514205957
MSX1,TFEC,-1,-0.05220678802513713
MAFB,TFEC,1,0.15729842180642098
FOXO3,TFEC,-1,-0.014619728080864059
ZNF35,TFEC,1,0.0963053362785437
SOX18,STAT4,-1,-0.032244174738713466
ELF5,STAT4,1,0.1840542693139605
MEOX2,STAT4,1,0.004650644258532867
ELK1,STAT4,1,0.044678487409176314
LHX6,STAT4,1,0.3803766096898924
TFCP2,STAT4,-1,-0.034598495582971706
ELF3,STAT4,1,0.044084825478298985
HOXD10,STAT4,1,0.0018176254855482256
ERF,STAT4,1,0.023485842283586376
SOX21,STAT4,1,0.027351737700160434
ETS1,STAT4,1,0.017546373851875224
SOX9,STAT4,-1,-0.014236809024845207
ZNF281,STAT4,1,0.0680211028234394
FOXJ1,STAT4,-1,-0.007848766837393549
SP1,STAT4,-1,-0.09569836570534059
HMGA1,STAT4,-1,-0.04041472474725744
TP53,STAT4,-1,-0.04521926969180864
SP4,STAT4,1,0.028950163083270666
SOX4,STAT4,-1,-0.022461989719502574
SOX17,STAT4,-1,-0.00048584840234864083
RXRA,STAT4,-1,-0.04896608124156056
HOXD9,STAT4,-1,-0.01699156579062182
SOX15,STAT4,1,0.021574954568727784
TEAD3,STAT4,1,0.00924520106582696
SOX13,STAT4,1,0.005207522009203988
SPI1,STAT4,1,0.0534373993586986
SRF,STAT4,1,0.005266222420181039
EWSR1,STAT4,-1,-0.007198570576383071
CEBPD,STAT4,-1,-0.023695080893380967
PPARG,STAT4,1,0.010732988103220837
TRAF4,STAT4,1,0.024397606909887695
MAFK,STAT4,1,0.025976775050931097
ZBTB16,STAT4,1,0.011291168394439229
TCF3,STAT4,-1,-0.0765593969243699
SOX12,STAT4,-1,-0.10421177747153604
CEBPG,STAT4,-1,-0.007195235120372956
TAL1,STAT4,-1,-0.07886219850395697
NKX2-5,STAT4,1,0.004283964836903437
RUNX1,STAT4,1,0.015003203605905142
SOX11,STAT4,-1,-0.06722168418122014
ELF4,STAT4,1,0.0179803867820964
HOXC11,STAT4,1,0.0018577419418195316
TFAP2B,STAT4,1,0.01714186716476137
IRF1,STAT4,1,0.0792080228228988
FOXF2,STAT4,-1,-0.04772548458720537
RUNX2,STAT4,1,0.04228640906860024
SATB1,STAT4,1,0.10559167744738089
HOXC6,STAT4,-1,-0.032057005771208374
MAF,STAT4,-1,-0.025651245412978623
MAX,STAT4,1,0.04326997710821405
IRF2,STAT4,-1,-0.06620766846063396
LMO2,STAT4,-1,-0.013358031848021229
PRDM1,STAT4,1,0.09574374288881661
FOXO4,STAT4,1,0.039348823980131564
FOXC1,STAT4,1,0.028253523660385367
HOXA10,STAT4,-1,-0.057932601970162104
SMAD3,STAT4,1,0.07579545884775338
FOXO1,STAT4,-1,-0.004777336349789609
TGIF2,STAT4,1,0.0076155684162359915
MEIS1,STAT4,-1,-0.022254118384727305
POU3F2,STAT4,1,0.02209463040250628
MAZ,STAT4,1,0.005000308872324952
TTF1,STAT4,1,0.0684163908480886
SOX1,STAT4,1,0.02178860565408947
TBX5,STAT4,1,0.027191343928672236
SIX6,STAT4,1,0.017813906517432157
MSX1,STAT4,-1,-0.033060755603926455
MAFB,STAT4,1,0.03596325216276058
NFATC4,STAT4,1,0.00854228346470543
ARID3A,STAT4,-1,-0.002690494750101531
FOXM1,STAT4,1,0.025656501869775986
TEAD1,STAT4,-1,-0.007507344722806902
FOXO3,STAT4,1,0.00036269367841595474
HOXA9,STAT4,1,0.03874227465662618
TFAP4,STAT4,1,0.05956049823584819
ERG,TRIM28,-1,-0.007085973298323572
MYBL2,TRIM28,1,0.14544187018710705
FOSL1,TRIM28,1,0.05454901295346601
NRF1,TRIM28,1,0.11058315060630002
E2F1,TRIM28,1,0.06384031973811104
SOX9,TRIM28,1,0.012225237932777331
ZNF281,TRIM28,1,0.39239429604273485
SP1,TRIM28,-1,-0.05168060048883211
KLF11,TRIM28,1,0.033597622879044456
SP4,TRIM28,-1,-0.13757973149663086
E2F4,TRIM28,1,0.043705961104949
KLF15,TRIM28,1,0.00031226664138959075
JDP2,TRIM28,-1,-0.0033672224979112153
SPI1,TRIM28,1,0.09353860100714315
SOX2,TRIM28,-1,-0.01909042389965868
SRF,TRIM28,-1,-0.04737077330816328
ATF7,TRIM28,-1,-0.2038686261556092
PATZ1,TRIM28,1,0.20686136322702997
MAFK,TRIM28,1,0.03350207865976128
TCF3,TRIM28,1,0.24064115356457572
IKZF1,TRIM28,-1,-0.2011159339367936
JUN,TRIM28,-1,-0.02655728588422783
TAL1,TRIM28,-1,-0.04445713305018767
FOS,TRIM28,1,0.089095666808602
EGR1,TRIM28,-1,-0.03670612207629229
NR2E1,TRIM28,1,0.15123192608192032
ATF2,TRIM28,1,0.01861504460042121
CREB5,TRIM28,1,0.1467005253085321
IRF5,TRIM28,1,0.03288299789144932
ZNF232,TRIM28,1,0.20664404736315362
TFAP2A,TRIM28,-1,-0.13095949590819778
PAX6,TRIM28,-1,-0.06841739964191716
OSR2,TRIM28,-1,-0.03966402600563661
ETV1,SP1,-1,-0.03550021946603971
MEF2D,SP1,1,0.09278287355161137
SOX18,SP1,-1,-0.20691338013694974
MYBL2,SP1,1,0.00279792118017623
ELF5,SP1,-1,-0.11314726671452932
MEOX2,SP1,1,0.002206360348980711
SREBF2,SP1,-1,-0.03535634297021065
ELF3,SP1,-1,-0.1335569477819195
ETS1,SP1,1,0.10628997284247761
STAT4,SP1,-1,-0.1226071855812157
HMGA1,SP1,-1,-0.037020573059245575
TP53,SP1,-1,-0.002004973766563693
KLF11,SP1,-1,-0.008038555434968783
SP4,SP1,1,0.12058830460263958
HOXC13,SP1,-1,-0.05026505230474061
PBX1,SP1,1,0.008869355033900371
GBX2,SP1,1,0.03750526304990274
NFYA,SP1,1,0.09676647494273959
RXRA,SP1,-1,-0.0013355841886872905
GABPA,SP1,1,0.13714006237693163
HOXD9,SP1,1,0.0076995323965777665
SOX15,SP1,-1,-0.06362434135085387
TEAD3,SP1,1,0.04750748064857866
KLF15,SP1,1,0.015437035781837942
SPI1,SP1,-1,-0.05803995932358624
SOX2,SP1,1,0.03106027937701954
SRF,SP1,1,0.07232644073545258
THRA,SP1,-1,-0.024231394116770045
POU3F3,SP1,1,0.16522491845774828
PPARG,SP1,-1,-0.0020493100190866202
PATZ1,SP1,1,0.13763172592126624
TRAF4,SP1,-1,-0.016438636523897723
POU3F4,SP1,-1,-0.01859865860336266
ATF5,SP1,-1,-0.031060275020350598
SOX12,SP1,-1,-0.0504825871728329
JUN,SP1,1,0.04573290465916925
CEBPG,SP1,-1,-0.05082181136662849
XBP1,SP1,-1,-0.03036961559892904
STAT5A,SP1,1,0.12235753854963574
RUNX1,SP1,1,0.14746044888107593
VENTX,SP1,1,0.006116919883526463
HOXB3,SP1,-1,-0.01845515204997976
EMX2,SP1,-1,-0.004603593198571111
TFAP2B,SP1,-1,-0.01163833258190142
PRRX1,SP1,-1,-0.01836570662157596
TFAP2C,SP1,1,0.03944729359108295
FOXD3,SP1,-1,-0.00891364449952621
HOXD13,SP1,1,0.004039395113904327
IRF2,SP1,-1,-0.05933139601301212
POU4F1,SP1,1,0.0580368997498145
FOXO4,SP1,-1,-0.00024836879351908774
NKX2-2,SP1,-1,-0.11908785416514787
SCRT1,SP1,-1,-0.11716895927635394
FOXO1,SP1,-1,-0.03559375866158247
FOXC2,SP1,-1,-0.3065237744425493
POU3F2,SP1,-1,-0.04273650688447676
DLX6,SP1,-1,-0.04786514212517116
HOXD11,SP1,1,0.031034530435177014
FLI1,SP1,1,0.10420890967137447
HOXA4,SP1,-1,-0.010150145796462501
SOX1,SP1,-1,-0.03627016028949208
INSM1,SP1,-1,-0.012919667973389757
HOXA3,SP1,-1,-0.03768379564866277
ZNF350,SP1,1,0.015466235912440217
AR,SP1,1,0.06452507908034996
TEAD4,SP1,-1,-0.05816882360498684
PRDM4,SP1,1,0.0037975941680826707
MSX1,SP1,-1,-0.06180570023844077
SNAI2,SP1,-1,-0.03340851707398093
RARG,SP1,1,0.3317856528863741
ARID3A,SP1,1,0.006070913158602624
TBP,SP1,-1,-0.05770712630483327
FOXO3,SP1,1,0.08788247386514167
TFAP2A,SP1,-1,-0.014700759466641783
TBR1,SP1,-1,-0.06874857225550113
EN1,SP1,1,0.015615368169447828
ZNF35,SP1,1,0.07253338361364542
ETV1,NEUROD1,1,0.005137983685662144
MYBL2,NEUROD1,1,0.10530865804221644
FOSL1,NEUROD1,-1,-0.04561929097236905
ELF3,NEUROD1,1,0.03440211439025757
HOXD10,NEUROD1,1,0.032920811742870634
E2F1,NEUROD1,1,0.08166208799656882
AHR,NEUROD1,1,0.051642329366646395
ZNF281,NEUROD1,1,0.003227498374165764
FOXJ1,NEUROD1,-1,-0.10065142336184345
SP1,NEUROD1,-1,-0.15252788566091877
TP53,NEUROD1,-1,-0.018899768787458786
KLF11,NEUROD1,-1,-0.039677724334453005
RXRA,NEUROD1,-1,-0.06107228443033074
LEF1,NEUROD1,-1,-0.05297434716671562
SOX13,NEUROD1,-1,-0.11696031271623628
JDP2,NEUROD1,-1,-0.013456287303748855
SPI1,NEUROD1,1,0.0009905142757867188
PATZ1,NEUROD1,1,0.07125428640075591
TFE3,NEUROD1,-1,-0.009566565165710653
TCF3,NEUROD1,1,0.01576336628442686
JUN,NEUROD1,1,0.0699842225874824
ETV4,NEUROD1,-1,-0.08049677549580068
TAL1,NEUROD1,1,0.012842505799993308
SOX11,NEUROD1,1,0.07544128191441135
IRF1,NEUROD1,1,0.03607629147749912
PRDM1,NEUROD1,1,0.07827819925359991
FOXO1,NEUROD1,-1,-0.0019141700697599489
POU3F2,NEUROD1,1,0.09134234936132535
MAZ,NEUROD1,1,0.16283671021227059
TCF7L2,NEUROD1,1,0.021089146086100616
ETV3,NEUROD1,1,0.01997372400287559
HLF,NEUROD1,1,0.19090382638433442
HOXC4,NEUROD1,1,0.11167108628688555
TBP,NEUROD1,1,0.0017589404235432897
E2F8,NEUROD1,1,0.04299956243233141
ASCL2,NEUROD1,1,0.08087762790850549
HOXA9,NEUROD1,1,0.051266048786001134
ZNF35,NEUROD1,1,0.015225953921104023
ERG,HMGA1,-1,-0.10893050531800673
ETV1,HMGA1,1,0.06626934941225116
SOX18,HMGA1,-1,-0.009252625319582241
NR1H2,HMGA1,1,0.03845387290354667
MEOX2,HMGA1,-1,-0.11406258397053502
HOXC10,HMGA1,1,0.011663314878528347
TFCP2,HMGA1,1,0.09996855635604979
FOSL1,HMGA1,1,0.5108118681895598
ESRRG,HMGA1,-1,-0.026148920578388597
ELF3,HMGA1,-1,-0.025020848024398162
ERF,HMGA1,-1,-0.02695453637592633
E2F1,HMGA1,1,0.04272978678267942
ARID5A,HMGA1,1,0.034526330289711714
SOX21,HMGA1,1,0.06307267628739036
ETS1,HMGA1,1,0.07346207634311805
SOX9,HMGA1,-1,-0.12379187309406918
FOXJ1,HMGA1,-1,-0.039576916029241335
PLAG1,HMGA1,1,0.3114326463319298
STAT4,HMGA1,-1,-0.05536589174757974
TRIM28,HMGA1,1,0.12341968877926239
KLF11,HMGA1,-1,-0.06150859435701946
GBX2,HMGA1,1,0.10161034859323154
NFYA,HMGA1,1,0.08473380468696272
GABPA,HMGA1,1,0.05964383983709426
HOXD9,HMGA1,-1,-0.0032372984867164198
SOX15,HMGA1,1,0.0478186532005137
KLF15,HMGA1,1,0.03728349917250256
JDP2,HMGA1,-1,-0.0850531801620171
SPI1,HMGA1,1,0.19415711102337468
SRF,HMGA1,1,0.11749556715581129
THRA,HMGA1,1,0.005324903326119582
EWSR1,HMGA1,-1,-0.03995035443085158
PATZ1,HMGA1,1,0.04117836953193671
TRAF4,HMGA1,1,0.0960890437657578
POU3F4,HMGA1,-1,-0.035501692539411864
ZBTB16,HMGA1,-1,-0.025724342067630884
TCF3,HMGA1,-1,-0.0026807267875069555
MZF1,HMGA1,-1,-0.09462175849025672
SOX12,HMGA1,1,0.07187149026986411
E2F2,HMGA1,1,0.050515501120522555
CEBPG,HMGA1,1,0.054058787626335106
TAL1,HMGA1,-1,-0.08170891515520888
FOS,HMGA1,1,0.00566878592156924
HOXB3,HMGA1,-1,-0.0861169400747035
EGR1,HMGA1,1,0.010297027076000408
IRF1,HMGA1,-1,-0.025829151022069886
NR2C2,HMGA1,-1,-0.024577611242575695
PRRX1,HMGA1,-1,-0.05372596130835798
HOXD13,HMGA1,-1,-0.018641489896241533
FOXO4,HMGA1,1,0.016307020165646845
BACH1,HMGA1,-1,-0.08683938418809091
NKX2-2,HMGA1,1,0.10504644700069456
FOXC1,HMGA1,-1,-0.004474328754173354
FOXO1,HMGA1,-1,-0.10064763972078165
TGIF2,HMGA1,1,0.025119426238914687
PITX1,HMGA1,1,0.01608538092342066
DLX6,HMGA1,-1,-0.017213892607790302
MAZ,HMGA1,1,0.017875421602611227
HOXB2,HMGA1,1,0.031270276028213764
HOXD11,HMGA1,-1,-0.05081711142854924
RORA,HMGA1,-1,-0.19474085362037763
FLI1,HMGA1,-1,-0.019198986256272522
SOX1,HMGA1,-1,-0.011854414213296622
HOXB13,HMGA1,-1,-0.05796514209941236
MSX2,HMGA1,-1,-0.05791691013018794
ELF2,HMGA1,-1,-0.0905805965782625
FOXO3,HMGA1,-1,-0.016356377197649163
PAX6,HMGA1,-1,-0.07432682633381368
ZNF35,HMGA1,-1,-0.012631077543187963
NR2F6,ZNF219,1,0.08289423947472546
MYBL2,ZNF219,-1,-0.02664946978449875
KLF13,ZNF219,1,0.03093689682661897
FOSL1,ZNF219,1,0.022597842381617435
ESRRG,ZNF219,1,0.0969737942568059
RARA,ZNF219,1,0.04790146333671428
CNOT3,ZNF219,1,0.059772927251114064
HOXD10,ZNF219,-1,-0.07218694758133166
E2F1,ZNF219,1,0.04784797853660439
SOX21,ZNF219,1,0.013786967839523934
CTF1,ZNF219,-1,-0.0057345762625141935
ETS1,ZNF219,-1,-0.003565602043901809
SOX9,ZNF219,1,0.017963983517162347
STAT4,ZNF219,-1,-0.02139863076302953
TRIM28,ZNF219,1,0.011837582677998806
SP1,ZNF219,-1,-0.04900120983528895
E2F4,ZNF219,-1,-0.05230688550756733
SOX15,ZNF219,1,0.05955100466071881
GATA6,ZNF219,1,0.02329914500937696
STAT5B,ZNF219,1,0.04390690656796834
LEF1,ZNF219,-1,-0.05423398889870162
KLF15,ZNF219,1,0.02214079910883459
SOX2,ZNF219,1,0.05691532187786366
SRF,ZNF219,-1,-0.0038170016803589055
EWSR1,ZNF219,-1,-0.007507445797969448
ESR2,ZNF219,1,0.11775431731092316
TRAF4,ZNF219,1,0.03962673493187424
NFKB1,ZNF219,1,0.04605445000322631
TCF3,ZNF219,1,0.09655538050653298
ATF5,ZNF219,-1,-0.01850410005970653
NKX2-5,ZNF219,1,0.011664325972926552
RUNX1,ZNF219,1,0.02750618612860072
HOXB9,ZNF219,-1,-0.09427575553404086
HOXC11,ZNF219,1,0.033371866224050986
PLAGL1,ZNF219,-1,-0.014592358595297198
TFAP2B,ZNF219,1,0.03907127504447677
FOXF2,ZNF219,1,0.04607857382100449
MAX,ZNF219,1,0.148841562669496
FOXD3,ZNF219,1,0.022373280516029184
NR2E1,ZNF219,-1,-0.04867153766523621
IRF2,ZNF219,1,0.01851717358403938
LMO2,ZNF219,1,0.09362648815328543
PRDM1,ZNF219,-1,-0.0519284904969133
BACH1,ZNF219,-1,-0.05715294391676519
SMAD3,ZNF219,-1,-0.009450664786211562
ATF2,ZNF219,-1,-0.038524025089314635
TGIF2,ZNF219,-1,-0.039219566107513586
MAZ,ZNF219,1,0.10885137143655205
TCF7L2,ZNF219,1,0.07509138986712754
SOX1,ZNF219,1,0.07935266090341249
MAFB,ZNF219,-1,-0.03001080694179917
RUNX3,ZNF219,1,0.06502834692980818
PEG10,ZNF219,1,0.0017299091440132143
NFATC4,ZNF219,1,0.06943213158412054
TBP,ZNF219,-1,-0.004936843557343619
PPARA,ZNF219,-1,-0.00852933530266573
BCL6,ZNF219,-1,-0.03499643724619207
ASCL2,ZNF219,1,0.08499854596442381
HOXA9,ZNF219,1,0.00021465045356466333
PAX6,ZNF219,1,0.00991713352563503
ZNF35,ZNF219,1,0.0033563677482885295
ETV1,ZBTB33,1,0.05500919985819057
ELF5,ZBTB33,-1,-0.15377749630446744
ELK1,ZBTB33,1,0.1253391390157486
SP1,ZBTB33,1,0.39508963746181774
RXRA,ZBTB33,1,0.0929812675340957
GABPA,ZBTB33,1,0.49427764130537744
SOX13,ZBTB33,1,0.018160245143622657
SPI1,ZBTB33,1,0.08322814877290206
SOX2,ZBTB33,1,0.10735419647360042
ZBTB16,ZBTB33,-1,-0.10345898198346654
TCF3,ZBTB33,1,0.006244153188190402
NFATC1,ZBTB33,-1,-0.016276437803089308
ELF4,ZBTB33,-1,-0.18276171974269248
TFAP2B,ZBTB33,-1,-0.06755525552974263
IRF1,ZBTB33,-1,-0.1854350461317709
IRF2,ZBTB33,1,0.0796052209901966
PRDM1,ZBTB33,-1,-0.1855119255839294
BACH1,ZBTB33,1,0.023676941720299084
ETV5,ZBTB33,-1,-0.12526429234578113
FOXO1,ZBTB33,1,0.09472701529492127
IRF7,ZBTB33,1,0.046556626848692065
POU3F2,ZBTB33,1,0.009599498718069442
MAFB,ZBTB33,-1,-0.04123113459650232
ELF2,ZBTB33,1,0.04122735877827302
TFAP4,ZBTB33,1,0.09111487494939668
NR2F6,TP53,-1,-0.007936437219300308
HSF1,TP53,-1,-0.12905396339810093
ELK1,TP53,-1,-0.025676376771979086
RELA,TP53,1,0.3805928949974818
SP100,TP53,-1,-0.029523128505454917
CNOT3,TP53,1,0.033497614595058116
SREBF2,TP53,1,0.025781032836698397
ERF,TP53,1,0.1042879290040899
E2F1,TP53,1,0.03107808486391774
ARID5A,TP53,1,0.018769637638934016
SOX9,TP53,1,0.14738028026883238
HMGA1,TP53,1,0.0068163916342402564
KLF11,TP53,-1,-0.0582729644356373
E2F4,TP53,1,0.052002537029689835
SOX4,TP53,1,0.13111935270837338
GABPA,TP53,1,0.14612437779608442
SOX15,TP53,1,0.013008579660425512
KLF15,TP53,1,0.011085174377716379
SOX13,TP53,1,0.013927515399576674
SOX2,TP53,1,0.033021140962654204
SRF,TP53,-1,-0.012416003898933487
EWSR1,TP53,1,0.011922270435786546
CEBPA,TP53,1,0.07593015882913934
NFKB1,TP53,1,0.17750180763545056
TCF3,TP53,1,0.12334386397640722
ELK3,TP53,1,0.013129182082246652
RFX2,TP53,-1,-0.024157286871054708
JUN,TP53,-1,-0.001684824529289413
ETV4,TP53,1,0.016971770919767544
XBP1,TP53,-1,-0.053539772893783553
SOX11,TP53,-1,-0.025495683255828412
HOXB9,TP53,1,0.051314059592114734
EGR1,TP53,-1,-0.0018586745153501363
FOXD3,TP53,-1,-0.019766535799733254
IRF2,TP53,1,0.023184884231000527
POU4F1,TP53,-1,-0.008115196759806731
FOXO4,TP53,-1,-0.12585469506845906
ETV5,TP53,1,0.08479512275091487
ATF2,TP53,1,0.1466220415042254
NR2F1,TP53,-1,-0.07481188562052694
PITX1,TP53,-1,-0.06762230771283592
FEV,TP53,-1,-0.0532096372457015
HOXD11,TP53,-1,-0.0020586833141169212
ETV3,TP53,-1,-0.035393229255638405
RORA,TP53,-1,-0.059987564945230054
FLI1,TP53,1,0.0013815823447171022
SOX1,TP53,-1,-0.0459973831689898
NR4A1,TP53,-1,-0.004022944655590063
NFATC4,TP53,1,0.0393470201477023
PPARA,TP53,-1,-0.052842798411143865
BCL6,TP53,-1,-0.05540085345229658
ERG,ZBTB7B,-1,-0.11899501402119303
ETV1,ZBTB7B,-1,-0.016308803395764338
MEF2D,ZBTB7B,1,0.12531591042411314
SOX18,ZBTB7B,1,0.05262747992668112
ELK1,ZBTB7B,1,0.0952710040259057
TFCP2,ZBTB7B,-1,-0.08643796679604356
ZNF652,ZBTB7B,-1,-0.11136805551784755
ELF3,ZBTB7B,1,0.10030719857173354
ERF,ZBTB7B,1,0.12222518514994846
CTF1,ZBTB7B,1,0.281597787242803
ETS1,ZBTB7B,-1,-0.020370879317053666
MEF2A,ZBTB7B,-1,-0.22387022444728916
SOX9,ZBTB7B,-1,-0.15307384238725855
ZNF281,ZBTB7B,1,0.03146414268730689
PLAG1,ZBTB7B,-1,-0.07372315971606325
STAT4,ZBTB7B,-1,-0.18288867460584773
SP1,ZBTB7B,1,0.05900326288544645
ZNF219,ZBTB7B,1,0.024879771010184046
TP53,ZBTB7B,-1,-0.031373064086859
SP4,ZBTB7B,-1,-0.15609721838359364
PBX1,ZBTB7B,1,0.07562553994938269
NFYA,ZBTB7B,-1,-0.03345589103524577
RXRA,ZBTB7B,1,0.03615437263866021
GABPA,ZBTB7B,-1,-0.09747372102967149
ZNF282,ZBTB7B,1,0.08163523811119333
ETV6,ZBTB7B,-1,-0.011297087375958048
TEAD3,ZBTB7B,-1,-0.03077370466525519
LEF1,ZBTB7B,1,0.047519909209049596
KLF15,ZBTB7B,-1,-0.02583384806624128
ELF1,ZBTB7B,-1,-0.010840103584534515
SPI1,ZBTB7B,1,0.08981526235775046
SOX2,ZBTB7B,1,0.08466437554997898
SRF,ZBTB7B,1,0.12086164653873321
POU3F3,ZBTB7B,1,0.07856597384347087
EWSR1,ZBTB7B,-1,-0.037165850227397
PPARG,ZBTB7B,1,0.029408352079081396
PATZ1,ZBTB7B,-1,-0.11852424989030975
MAFK,ZBTB7B,1,0.17848244308755573
ELK3,ZBTB7B,1,0.07514646307796537
IKZF1,ZBTB7B,1,0.3222937007235603
JUN,ZBTB7B,1,0.13295461412519852
ETV4,ZBTB7B,-1,-0.02952157428926937
TAL1,ZBTB7B,1,0.04220122376347288
RUNX1,ZBTB7B,-1,-0.1215274145907783
ELF4,ZBTB7B,1,0.111964448289307
PLAGL1,ZBTB7B,-1,-0.15337478252953896
TFAP2B,ZBTB7B,1,0.055713885641126025
ELK4,ZBTB7B,1,0.09815978241745991
EGR1,ZBTB7B,-1,-0.18826058522140424
FOXF2,ZBTB7B,-1,-0.11716532476746032
MAF,ZBTB7B,1,0.17279218344571357
TFAP2C,ZBTB7B,-1,-0.057206725276692225
MAX,ZBTB7B,-1,-0.13932694828101264
LMO2,ZBTB7B,-1,-0.0628308208374353
PRDM1,ZBTB7B,1,0.1250254017484103
ETV5,ZBTB7B,-1,-0.06542682767676479
SMAD3,ZBTB7B,-1,-0.0846483282155164
FOXO1,ZBTB7B,-1,-0.05618275883927768
MAZ,ZBTB7B,1,0.05287848481374155
ETV3,ZBTB7B,1,0.11939909306351539
RORA,ZBTB7B,1,0.14505171512109752
FLI1,ZBTB7B,1,0.17704114943543522
TBX5,ZBTB7B,-1,-0.13566499012597635
AR,ZBTB7B,-1,-0.015487508067186668
MSX1,ZBTB7B,-1,-0.12283073971983653
ETS2,ZBTB7B,-1,-0.0593225484943677
RARG,ZBTB7B,1,0.09491963947984418
TEAD1,ZBTB7B,1,0.07948382814081117
TBP,ZBTB7B,1,0.16574593823559602
ELF2,ZBTB7B,-1,-0.060597727544378754
PPARA,ZBTB7B,1,0.2293817057606839
SREBF1,ZBTB7B,1,0.14943503546405718
ASCL2,ZBTB7B,1,0.08167945353266852
TFAP2A,ZBTB7B,-1,-0.1379284427188247
PAX6,ZBTB7B,-1,-0.042508599613473926
ERG,KLF11,1,0.1444588005279552
MEOX2,KLF11,-1,-0.030690819698279605
SREBF2,KLF11,1,0.004205595829490368
ELF3,KLF11,1,0.012885511253612423
ZNF281,KLF11,1,0.19709147795222187
TRIM28,KLF11,1,0.012898767459462277
HMGA1,KLF11,-1,-0.03122310095210597
TP53,KLF11,-1,-0.01055902101912104
PBX1,KLF11,1,0.04688024078749121
NFYA,KLF11,1,0.01809828245248698
KLF15,KLF11,-1,-0.0002882495213083238
JDP2,KLF11,-1,-0.001558564569779939
THRA,KLF11,-1,-0.003002679896576244
PPARG,KLF11,1,0.13352116993268162
POU3F4,KLF11,-1,-0.017656108028597316
NFKB1,KLF11,1,0.04543795087948239
HBP1,KLF11,1,0.03442699016636729
ELF4,KLF11,1,0.19971005462361474
PRRX1,KLF11,-1,-0.009127180397983492
HOXD13,KLF11,1,0.005110054186391803
ATF2,KLF11,1,0.052654426477718515
POU3F2,KLF11,-1,-0.10904191107758662
HOXD11,KLF11,1,0.018422130950853155
MAFB,KLF11,1,0.08311653602889771
ARID3A,KLF11,1,0.060101342049083864
TBP,KLF11,1,0.04972759600461203
TFAP2A,KLF11,1,0.007158950626424024
EN1,KLF11,1,0.030429839009745465
ELF5,SP4,1,0.031203393882054113
LHX6,SP4,-1,-0.042956344564093835
ELF3,SP4,1,0.11957775349953062
E2F1,SP4,1,0.07080811451993123
SOX21,SP4,1,0.0065336923639220616
ZNF281,SP4,1,0.04291719193062535
TRIM28,SP4,-1,-0.00979038919979148
SP1,SP4,1,0.11006924048534064
ZNF219,SP4,-1,-0.08341015316876924
KLF11,SP4,1,0.07585505862082398
HOXC13,SP4,-1,-0.016312519966908884
E2F4,SP4,-1,-0.0853541866792315
PBX1,SP4,1,0.11135349498662439
ZNF282,SP4,1,0.019790161837585557
KLF15,SP4,1,0.05685370151930308
SPI1,SP4,-1,-0.10105982224547297
POU3F3,SP4,1,0.27286414214228394
EWSR1,SP4,-1,-0.10992234214791828
MYCN,SP4,1,0.12356719537176583
VDR,SP4,1,0.0404794016673966
SOX12,SP4,-1,-0.011932510164315773
JUN,SP4,-1,-0.0763631745730711
CEBPG,SP4,1,0.06418085356181988
NKX2-5,SP4,-1,-0.02438671851410517
RUNX1,SP4,1,0.02615044099265478
SOX11,SP4,1,0.04279803358206059
EMX2,SP4,-1,-0.018361405361611374
EGR1,SP4,1,0.06971137424715192
HOXC6,SP4,-1,-0.055762209956886806
KLF12,SP4,1,0.32221065729985787
FOXC2,SP4,-1,-0.056759973185906094
PITX1,SP4,1,0.003860689864536101
POU3F2,SP4,1,0.09405194403417705
MAZ,SP4,-1,-0.03794939369398859
HOXB13,SP4,1,0.07967143774314804
AR,SP4,1,0.1245248376266958
MAFB,SP4,1,0.04103320806633939
PEG10,SP4,1,0.014251729492632153
BCL6,SP4,-1,-0.03603447252122098
TFAP2A,SP4,-1,-0.12165661784902106
CPEB1,SP4,1,0.03027390725726192
ZNF35,SP4,1,0.20404347125390382
TFAP4,SP4,1,0.16599234820808745
ELF3,HOXC13,1,0.09524770668281572
SP1,HOXC13,-1,-0.12866082019251143
KLF11,HOXC13,1,0.015261772631087337
SOX4,HOXC13,1,0.05046964129289413
KLF15,HOXC13,-1,-0.01617622494401713
SOX2,HOXC13,-1,-0.02138052766545909
EWSR1,HOXC13,1,0.015399813840610298
CEBPD,HOXC13,1,0.012942109103350426
PATZ1,HOXC13,1,0.008664858078713665
POU3F4,HOXC13,1,0.047744007213943875
MYCN,HOXC13,1,0.07611614056045783
MZF1,HOXC13,1,0.05691166425392326
CEBPG,HOXC13,1,0.03005201859913645
FOXC2,HOXC13,1,0.21402622969951032
MAZ,HOXC13,1,0.11918100760035247
ARID3A,HOXC13,1,0.11831061169251575
SREBF1,HOXC13,1,0.0017335980698542708
MEOX2,E2F4,1,0.02004814839015305
ELK1,E2F4,1,0.05527429667593436
E2F1,E2F4,1,0.1990943610379535
ETS1,E2F4,1,0.00886218730465257
MEF2A,E2F4,1,0.28251764150308845
ZNF281,E2F4,1,0.2324682258020604
TRIM28,E2F4,1,0.17050770267504844
TP53,E2F4,1,0.061697916004195226
PBX1,E2F4,-1,-0.05699781460840627
GABPA,E2F4,1,0.0827360660028462
ETV6,E2F4,1,0.08782228006429703
TEAD3,E2F4,1,0.16370715777731928
SPI1,E2F4,1,0.14702257301323463
THRA,E2F4,1,0.04896864511593836
POU3F3,E2F4,1,0.2019755240646595
ZBTB16,E2F4,-1,-0.1088576977461788
IKZF1,E2F4,-1,-0.18102117446236912
CEBPG,E2F4,-1,-0.044190433297000425
TAL1,E2F4,1,0.1902329027593726
RUNX1,E2F4,1,0.05582969518251635
ELF4,E2F4,-1,-0.09596772453653721
EGR1,E2F4,-1,-0.07499509193225733
FOXF2,E2F4,-1,-0.0017627759436167334
HOXC6,E2F4,-1,-0.02240012786330919
ETV5,E2F4,1,0.005614448581177136
POU3F2,E2F4,-1,-0.15990445045008808
HOXB2,E2F4,1,0.0537559766768255
HOXD11,E2F4,-1,-0.10388155456483447
ETV3,E2F4,1,0.007788112835123612
FLI1,E2F4,-1,-0.013299068836203892
HOXB13,E2F4,-1,-0.013133746156071406
TBX5,E2F4,-1,-0.013565337701087312
ZNF350,E2F4,1,0.03796782546495723
FOXP3,E2F4,1,0.3015471449628607
HIC1,E2F4,1,0.024738140423328506
FOXO3,E2F4,-1,-0.08335793445913531
NKX6-1,E2F4,1,0.14604743819401927
ASCL2,E2F4,-1,-0.2587123712518678
PAX6,E2F4,-1,-0.026706164913138205
SOX18,SOX4,1,0.09829725767311297
MEOX2,SOX4,-1,-0.006864719095376615
ELK1,SOX4,-1,-0.037637945326628564
TFCP2,SOX4,-1,-0.03401335631542748
ESRRG,SOX4,-1,-0.17689719917780913
ZNF652,SOX4,1,0.023235039368548618
ELF3,SOX4,1,0.06932086544242577
E2F1,SOX4,1,0.03555160047620364
SOX21,SOX4,1,0.001232867374074801
MEF2A,SOX4,-1,-0.2773924122445519
ZNF281,SOX4,1,0.20592441427352837
FOXJ1,SOX4,1,0.04452816168425973
TRIM28,SOX4,1,0.00425922396704123
TP53,SOX4,1,0.06433591345685552
PBX1,SOX4,1,0.12063369310908174
NFYA,SOX4,1,0.13293102008473193
RXRA,SOX4,-1,-0.019969725826436684
GABPA,SOX4,-1,-0.021154828680968206
ZNF282,SOX4,1,0.06687185484760373
KLF15,SOX4,-1,-0.038440223918838175
ELF1,SOX4,1,0.15058744347374659
SPI1,SOX4,1,0.02571008110647907
SOX2,SOX4,1,0.07195128158279342
EWSR1,SOX4,1,0.07335161488826067
TRAF4,SOX4,-1,-0.021360092404317455
MAFK,SOX4,-1,-0.06292066844586874
TCF3,SOX4,1,0.11360980504898613
MZF1,SOX4,-1,-0.05266533078646232
SOX12,SOX4,1,0.02212924492650916
NFATC1,SOX4,-1,-0.15540245715535836
E2F2,SOX4,1,0.010747649476110916
TAL1,SOX4,1,0.040898485026884056
ZNF217,SOX4,-1,-0.12471196744388834
STAT5A,SOX4,-1,-0.05540243774426647
RUNX1,SOX4,1,0.011649759027865893
SOX11,SOX4,1,0.43865066511967843
HBP1,SOX4,1,0.031592943403149464
SATB1,SOX4,1,0.20502718527689337
MAF,SOX4,1,0.06471613844013718
ONECUT2,SOX4,1,0.05648170638264105
FOXD3,SOX4,1,0.029592954045666867
HOXD13,SOX4,1,0.015649539752824532
IRF2,SOX4,-1,-0.1768437459022702
LMO2,SOX4,-1,-0.15782949469963856
FOXC1,SOX4,1,0.13352791393672017
HOXA10,SOX4,1,0.044787089232400996
NR2F1,SOX4,1,0.011945990985506028
IRF7,SOX4,1,0.025721090412549243
PITX1,SOX4,-1,-0.018292094189280374
HOXD11,SOX4,-1,-0.08769083740580579
HOXB13,SOX4,-1,-0.059658602368882103
HOXA3,SOX4,-1,-0.041370525168612136
AR,SOX4,1,0.041268490058232195
HIC1,SOX4,-1,-0.04549110681404072
BCL6,SOX4,1,0.04854943634093196
TFAP2A,SOX4,1,0.10013598167836579
HOXA9,SOX4,1,0.015397967613365583
SOX18,SOX17,1,0.2025873162263886
LHX6,SOX17,1,0.03247771270783082
TFCP2,SOX17,1,0.04839178442653167
RARA,SOX17,-1,-0.07126703029919133
ELF3,SOX17,1,0.33851733180589005
ETS1,SOX17,1,0.05338565779201386
TRIM28,SOX17,-1,-0.005397499191768613
SOX4,SOX17,-1,-0.009741674159618562
GATA6,SOX17,1,0.14949465912522975
KLF15,SOX17,1,0.017771097860471676
SRF,SOX17,-1,-0.022176687527385722
PATZ1,SOX17,1,0.028566387365967182
POU3F4,SOX17,1,0.0005205655594657243
NFATC1,SOX17,-1,-0.0019542719586707583
CEBPG,SOX17,-1,-0.0037606445974260917
TAL1,SOX17,1,0.10834255000917949
RUNX1,SOX17,-1,-0.03313209073152943
SOX11,SOX17,-1,-0.017519118297306995
HBP1,SOX17,1,0.015030899514368999
ZEB1,SOX17,1,0.021657480146758397
PKNOX2,SOX17,-1,-0.04466867649530466
SATB1,SOX17,1,0.11221269225702728
TFAP2C,SOX17,1,0.0062554933369299995
NR2E1,SOX17,1,0.022081343633672278
HOXB6,SOX17,1,0.0637495688782719
HOXA10,SOX17,-1,-0.007180832318555476
FEV,SOX17,1,0.021146171152235754
HOXD11,SOX17,-1,-0.029424888139490193
RORA,SOX17,1,0.03239373534573618
SOX1,SOX17,1,0.008108652349061048
AR,SOX17,1,0.003190023835181835
MAFB,SOX17,1,0.02404780435025587
HIC1,SOX17,1,0.08373398591103091
PEG10,SOX17,-1,-0.0026370888511407665
TBP,SOX17,-1,-0.014477556486195411
BCL6,SOX17,-1,-0.02196126324682254
EN1,SOX17,-1,-0.011418998316639957
ETV1,PBX1,1,0.0013502125081005817
ARID5A,PBX1,-1,-0.015038597448879481
IRF8,PBX1,-1,-0.07099128540942261
MEF2A,PBX1,1,0.07393480520073578
SOX9,PBX1,1,0.03447524553912371
ZNF281,PBX1,1,0.06262812495719436
FOXJ1,PBX1,1,0.04445312121789514
PLAG1,PBX1,1,0.013288287220846979
HMGA1,PBX1,-1,-0.06303005701638532
TP53,PBX1,-1,-0.0054944472446001045
KLF11,PBX1,1,0.0452864950989094
SP4,PBX1,1,0.04557749307739712
SOX4,PBX1,1,0.09490018609374101
RXRA,PBX1,1,0.07919811874334873
GABPA,PBX1,1,0.09235913448709046
ZNF282,PBX1,1,0.032705232352910084
TEAD3,PBX1,1,0.0018170289503270088
LEF1,PBX1,-1,-0.008922819128380513
KLF15,PBX1,1,0.009102612683040258
SPI1,PBX1,-1,-0.018275007555432505
EWSR1,PBX1,-1,-0.00876474213337988
CEBPD,PBX1,-1,-0.06711352039781195
PPARG,PBX1,-1,-0.030443791632113273
PATZ1,PBX1,1,0.06651400325447496
TRAF4,PBX1,-1,-0.08154447277892318
POU3F4,PBX1,1,0.039778389215955424
SOX12,PBX1,1,0.04522131907173056
RUNX1,PBX1,-1,-0.07862481836448
SOX11,PBX1,1,0.08955892438205905
HOXC11,PBX1,1,0.027360815750186198
HOXB3,PBX1,1,0.022627050854231622
EMX2,PBX1,1,0.0007154819776128698
EGR1,PBX1,-1,-0.0038036871341843113
IRF1,PBX1,-1,-0.06004602429609551
RUNX2,PBX1,1,0.018474936073140966
NR2C2,PBX1,1,0.10601885855091805
SATB1,PBX1,1,0.07327100704994528
MAF,PBX1,1,0.03555483300514322
IRF2,PBX1,1,0.08128929062111225
BACH1,PBX1,-1,-0.04239030930381139
SMAD4,PBX1,1,0.09326516266049241
FOXC1,PBX1,1,0.036188739496190045
SMAD3,PBX1,1,0.017181888656403948
NKX3-1,PBX1,1,0.0027569013849328564
MEIS1,PBX1,1,0.0371563217615095
PITX1,PBX1,-1,-0.008467723354029073
MAZ,PBX1,1,0.0032576148809731137
HOXB2,PBX1,-1,-0.01523873579461992
TTF1,PBX1,1,0.018147620229315792
FLI1,PBX1,1,0.0331727784741085
HOXA4,PBX1,-1,-0.009093672532043153
SOX1,PBX1,-1,-0.002630924013221398
HOXB13,PBX1,1,0.020776993579452306
INSM1,PBX1,1,0.010729760977093225
HOXA3,PBX1,-1,-0.027614868459426838
AR,PBX1,1,0.013876622730112488
TEAD4,PBX1,-1,-0.025223693856340542
MSX1,PBX1,1,0.009022634007926841
RARG,PBX1,1,0.013735400792516542
NFATC4,PBX1,1,0.0012398566682676026
ARID3A,PBX1,-1,-0.08083663710778861
TBP,PBX1,1,0.008320059671157348
PAX6,PBX1,1,0.08233143134739285
ZNF35,PBX1,1,0.06424023743681541
MEF2D,GBX2,-1,-0.005625839297916358
MEOX2,GBX2,-1,-0.04407256561632943
CNOT3,GBX2,-1,-0.08168388299324275
ELF3,GBX2,1,0.07798370648813344
E2F1,GBX2,1,0.018965430315978263
ZNF281,GBX2,1,0.016600081107943414
TRIM28,GBX2,-1,-0.009787832356077964
HMGA1,GBX2,1,0.11332916077948924
KLF11,GBX2,1,0.035798780136901145
SP4,GBX2,1,0.0771614238392738
KLF15,GBX2,1,0.07939277049503195
SOX2,GBX2,1,0.12248198041147995
SRF,GBX2,-1,-0.04175951617800646
POU3F3,GBX2,-1,-0.07632690461756099
EWSR1,GBX2,-1,-0.024765827524698105
MAFK,GBX2,-1,-0.018475410028778675
TCF3,GBX2,1,0.08615244073168422
TAL1,GBX2,1,0.012123116685422266
IRF1,GBX2,-1,-0.0015740503142406157
MAF,GBX2,-1,-0.08225999048001749
MAX,GBX2,-1,-0.03479557419643675
FOXO4,GBX2,1,0.050392644503371685
FOXC1,GBX2,-1,-0.08281763558347102
HOXA10,GBX2,1,0.30974306326892415
SMAD3,GBX2,1,0.07770439783050402
FOXC2,GBX2,1,0.03941641679232395
MAZ,GBX2,1,0.003959940084934157
FLI1,GBX2,-1,-0.001596880678844154
SOX1,GBX2,1,0.11902433728873946
FOXP3,GBX2,1,0.22111587245171402
BCL6,GBX2,1,0.044712395946849386
OSR2,GBX2,1,0.03647884479594533
CPEB1,GBX2,1,0.06861495576633551
ZNF35,GBX2,1,0.01046648027191566
ETV1,NFYA,1,0.0398496687735279
NFKB2,NFYA,1,0.03875724785949754
HSF1,NFYA,1,0.11973398177457092
KLF13,NFYA,1,0.03108794420956846
TFCP2,NFYA,1,0.015523544568406123
NRF1,NFYA,1,0.34115940896211305
E2F1,NFYA,1,0.038617725208075965
SOX9,NFYA,-1,-0.002444121574398041
SP1,NFYA,1,0.09469150046788354
SOX4,NFYA,1,0.1212567187464702
SOX17,NFYA,-1,-0.01634908313102739
GABPA,NFYA,1,0.29924988584437257
SPI1,NFYA,1,0.15038495523215922
SOX2,NFYA,-1,-0.19461219557074938
SRF,NFYA,1,0.07987938078795637
POU3F4,NFYA,-1,-0.002778759832435983
MAFK,NFYA,-1,-0.0215862252156736
IKZF1,NFYA,-1,-0.059701687810463935
RFX2,NFYA,-1,-0.039515580884718265
CEBPG,NFYA,-1,-0.0018621604843864577
ETV4,NFYA,-1,-0.048283116412316265
NKX2-5,NFYA,-1,-0.024911570628079433
SOX11,NFYA,-1,-0.02102154150878183
NR5A2,NFYA,-1,-0.028887382035079717
EGR2,NFYA,-1,-0.025035478752740037
ELK4,NFYA,1,0.07383374474657384
SATB1,NFYA,-1,-0.16437531488263482
TFAP2C,NFYA,-1,-0.018184096782092464
FOXD3,NFYA,-1,-0.07291243736799077
KLF12,NFYA,1,0.05872727575605066
SCRT1,NFYA,1,0.09066177491781466
CDC5L,NFYA,1,0.31177152621837695
FOXO1,NFYA,-1,-0.053098236809170564
NKX3-1,NFYA,-1,-0.057693278520655526
IRF7,NFYA,-1,-0.04448797169258797
POU3F2,NFYA,-1,-0.04350010337023192
ETV3,NFYA,1,0.1145355097214422
IRF5,NFYA,-1,-0.018180978915082937
MSX1,NFYA,-1,-0.04232091223567979
HIC1,NFYA,-1,-0.09137932014942494
ARID3A,NFYA,1,0.012186977370016816
FOXM1,NFYA,1,0.013683820209868762
TBP,NFYA,1,0.029813309502767817
ZNF589,NFYA,1,0.050715713654740965
BCL6,NFYA,-1,-0.07945938026992037
E2F8,NFYA,-1,-0.11535722426057066
SOX18,SIRT6,1,0.04620693611665556
ELK1,SIRT6,1,0.013922551107714133
HOXD10,SIRT6,1,0.00043707436342515035
SOX9,SIRT6,1,0.02476298339358093
TRIM28,SIRT6,1,0.14023726841957887
SOX4,SIRT6,-1,-0.04502160125317082
SOX15,SIRT6,1,0.08094388786149373
KLF15,SIRT6,1,0.02253645826451695
SPI1,SIRT6,1,0.13005510923983502
SOX2,SIRT6,1,0.0012003234498939746
TBX2,SIRT6,1,0.08273409553315261
MAFK,SIRT6,1,0.00487769527194277
TCF3,SIRT6,1,0.28391955159120247
SOX12,SIRT6,1,0.2626116079553783
NKX2-5,SIRT6,1,0.00028429132684051846
RUNX1,SIRT6,-1,-0.004659411454558699
ELK4,SIRT6,-1,-0.16402397263632232
FOXO4,SIRT6,1,0.037121756950570316
FLI1,SIRT6,1,0.008150597770607167
MAFB,SIRT6,-1,-0.04994315685647152
TBP,SIRT6,1,0.06455074238740113
ZNF35,SIRT6,1,0.10769171275108441
MEF2D,RXRA,1,0.06519085029613837
HSF1,RXRA,1,0.0644702037389301
MEOX2,RXRA,-1,-0.027057703814243068
RELA,RXRA,1,0.05439532528602145
SREBF2,RXRA,-1,-0.006584754490202925
ELF3,RXRA,1,0.0451041133475701
ARID5A,RXRA,-1,-0.03933794485803624
NEUROD1,RXRA,-1,-0.03077598260105862
ZNF219,RXRA,1,0.06750770934820306
KLF11,RXRA,1,0.06080932887186913
KLF15,RXRA,-1,-0.02937253531352736
ELF1,RXRA,1,0.004191557380117261
SRF,RXRA,1,0.05335587667281484
THRA,RXRA,1,0.17394167538423938
CEBPD,RXRA,1,0.0643993343686728
NFKB1,RXRA,1,0.05820523753684642
MYCN,RXRA,-1,-0.0053518220505645005
VDR,RXRA,1,0.08496218744991026
JUN,RXRA,1,0.0022857553528133076
ZNF217,RXRA,1,0.06800344164159142
RUNX1,RXRA,-1,-0.06962578448669596
ELF4,RXRA,1,0.13881235410808712
EGR1,RXRA,1,0.01313094190299534
TFAP2C,RXRA,1,0.05703237318659148
FOXD3,RXRA,1,0.019455864331493215
NR2E1,RXRA,1,0.07601863703150907
PRDM1,RXRA,1,0.03410881123624331
SMAD4,RXRA,-1,-0.10415553484001458
TFEB,RXRA,1,0.033463430399758624
HOXA10,RXRA,-1,-0.010130499571306871
FOXO1,RXRA,1,0.048624313989217495
IRF7,RXRA,-1,-0.03775155069468366
RFX3,RXRA,1,0.022603102129037583
MAZ,RXRA,1,0.025123869628148277
HOXD11,RXRA,1,0.037956035941596036
FOXP3,RXRA,1,0.034631476911784434
TEAD4,RXRA,-1,-0.050544170850156014
TBP,RXRA,-1,-0.006496928567604836
PPARA,RXRA,1,0.14736305736342153
BCL6,RXRA,1,0.07183236549554672
TFAP2A,RXRA,1,0.028476164951881548
PAX6,RXRA,1,0.002721585232924207
ZNF35,RXRA,-1,-0.03834408853059846
NR2F6,GABPA,-1,-0.06435677743502641
ETV1,GABPA,1,0.04741607208826218
ELF5,GABPA,1,0.17539522902463012
ELK1,GABPA,1,0.0437478310958416
LHX6,GABPA,-1,-0.12200755244894944
ESRRG,GABPA,1,0.023683052099283917
NRF1,GABPA,-1,-0.08334195609535108
RARA,GABPA,-1,-0.019279850321540153
ELF3,GABPA,1,0.029028455440923837
ETS1,GABPA,1,0.013053289186971937
MEF2A,GABPA,-1,-0.12373706863708318
SOX9,GABPA,-1,-0.07199842846811325
ZNF281,GABPA,1,0.0957182018602334
FOXJ1,GABPA,1,0.011481828027503126
PLAG1,GABPA,-1,-0.11509931621252853
TRIM28,GABPA,-1,-0.08280848921372527
SP1,GABPA,1,0.027651383798307574
HMGA1,GABPA,1,0.00866254246528974
ZNF219,GABPA,-1,-0.0021914087384945335
ZBTB33,GABPA,1,0.265701852756941
KLF11,GABPA,1,0.001477296252519482
SP4,GABPA,1,0.12806013397820823
E2F4,GABPA,1,0.02359894648546054
SOX4,GABPA,-1,-0.029725821482262802
GBX2,GABPA,1,0.011922965185636958
KLF15,GABPA,-1,-0.03715068673029464
SOX13,GABPA,-1,-0.03410314040096679
ELF1,GABPA,1,0.10047890334274034
SPI1,GABPA,-1,-0.05769533383045009
SOX2,GABPA,1,0.04715706765386671
SRF,GABPA,1,0.014410919309258688
SF1,GABPA,1,0.022815817496246525
ESR2,GABPA,1,0.07149160915853697
PATZ1,GABPA,1,0.014378466007812778
CEBPA,GABPA,1,0.012565328695938143
TCF3,GABPA,1,0.05912731635044409
ELK3,GABPA,1,0.17709648400044134
NFATC1,GABPA,1,0.10099808990418896
JUN,GABPA,-1,-0.08020969108128957
CEBPG,GABPA,1,0.18433447029388214
ETV4,GABPA,-1,-0.031407833427917954
STAT5A,GABPA,1,0.045131086555785876
SOX11,GABPA,-1,-0.07639516803284746
EMX2,GABPA,1,0.046274594636776384
ZEB1,GABPA,1,0.05967644946151422
EGR1,GABPA,1,0.02811962261556872
FOXD3,GABPA,1,0.002309258480838034
IRF2,GABPA,1,0.06670980635479878
HOXB6,GABPA,-1,-0.04424174481458482
PRDM1,GABPA,1,0.019204920204725813
NKX2-2,GABPA,-1,-0.12359976553390588
FOXC2,GABPA,1,0.08915950789100681
NR2F1,GABPA,1,0.021227721971105073
MAZ,GABPA,1,0.033509166207640044
TTF1,GABPA,-1,-0.04775007292715493
RORA,GABPA,1,0.09993159044738019
FLI1,GABPA,1,0.13189236666127888
FOXP3,GABPA,1,0.20696347391352887
FOXM1,GABPA,-1,-0.032399844697836654
TBP,GABPA,1,0.18607185497939377
ELF2,GABPA,1,0.04458889108230583
BCL6,GABPA,-1,-0.039315944335641666
RFC5,GABPA,1,0.20327398615867961
PAX6,GABPA,-1,-0.248358900500777
RFX5,GABPA,-1,-0.03911942090222953
EN1,GABPA,1,0.007956530013006353
ELF5,ZNF282,-1,-0.22432222250163636
MEOX2,ZNF282,-1,-0.0023683343080173566
ELK1,ZNF282,1,0.050396506971244585
LHX6,ZNF282,-1,-0.09891705555294233
CNOT3,ZNF282,1,0.11366611358583242
ELF3,ZNF282,-1,-0.07674622419495515
ERF,ZNF282,1,0.043676215123147066
MEF2A,ZNF282,-1,-0.07204765551825724
AHR,ZNF282,-1,-0.012584703094482187
SOX9,ZNF282,1,0.04420496600063174
SP1,ZNF282,-1,-0.009185112108672094
KLF11,ZNF282,1,0.14499075733505096
SP4,ZNF282,1,0.03995403963060373
PBX1,ZNF282,1,0.1096981564311519
GBX2,ZNF282,1,0.029335321115306807
HOXD9,ZNF282,-1,-0.05605453607523719
ETV6,ZNF282,-1,-0.07085620459789256
STAT5B,ZNF282,1,0.047900286070919534
KLF15,ZNF282,-1,-0.05275521308936573
SPI1,ZNF282,1,0.0496224816159651
SRF,ZNF282,1,0.13171758444835271
PATZ1,ZNF282,-1,-0.002731254972752267
TCF3,ZNF282,1,0.2736405365219729
CEBPG,ZNF282,-1,-0.08668352328111933
ZNF217,ZNF282,1,0.18446196322730246
STAT5A,ZNF282,1,0.1162052306044993
ELF4,ZNF282,1,0.06986829388602626
EMX2,ZNF282,-1,-0.0886710956362846
ZEB1,ZNF282,-1,-0.013547578421203408
EGR1,ZNF282,-1,-0.09320739963545452
RUNX2,ZNF282,-1,-0.2341359456633592
SMAD3,ZNF282,1,0.09998914191340409
TCF7L2,ZNF282,1,0.01760460807391076
ETV3,ZNF282,1,0.027159207013990237
TEAD4,ZNF282,1,0.07266481906091365
TBP,ZNF282,-1,-0.2013613436166737
FOXO3,ZNF282,1,0.2925122376647567
HOXA9,ZNF282,1,0.1212610152445107
RFC5,ZNF282,1,0.21545811202471365
PAX6,ZNF282,1,0.07946395418200222
ZNF35,ZNF282,1,0.023358701124074243
SOX18,HOXD9,1,0.07197470136413309
RARA,HOXD9,1,0.05356844373069201
HOXD10,HOXD9,1,0.5396874143427746
SOX15,HOXD9,1,0.00791574787220998
TCF3,HOXD9,1,0.017403886459151995
SOX12,HOXD9,1,0.066202219710884
HOXD13,HOXD9,1,0.10006812798448413
NR2E1,HOXD9,-1,-0.07183632728672508
FOXO4,HOXD9,1,0.04191561150594849
SOX1,HOXD9,1,0.06935363939151863
HOXA3,HOXD9,1,0.03173735730385867
SIX6,HOXD9,1,0.0767310556582673
TBP,HOXD9,1,6.305142459463041e-05
NKX6-1,HOXD9,1,0.043313514809119054
MYBL2,SOX15,-1,-0.08535144614945253
TFCP2,SOX15,-1,-0.022389554388332625
FOSL1,SOX15,1,0.14778582107437946
E2F1,SOX15,1,0.040577330191551644
SOX21,SOX15,1,0.07589673739002971
SOX9,SOX15,1,0.20562403626885167
ZNF281,SOX15,-1,-0.14059236901056266
STAT4,SOX15,1,0.09628844708918279
SP1,SOX15,-1,-0.11435429453569904
NEUROD1,SOX15,1,0.08926576876965364
ZNF219,SOX15,1,0.13082479409378725
KLF11,SOX15,-1,-0.04366010605339164
SP4,SOX15,1,0.06077741122515762
SIRT6,SOX15,1,0.03484601841349422
GATA6,SOX15,-1,-0.051701629016929186
STAT5B,SOX15,1,0.021892095993336212
TEAD3,SOX15,1,0.03568863658596052
KLF15,SOX15,1,0.03208942534739051
JDP2,SOX15,1,0.018010128149499472
PATZ1,SOX15,1,0.13313265443811628
TRAF4,SOX15,1,0.0582909547620647
MAFK,SOX15,-1,-0.04513745257586204
IKZF1,SOX15,-1,-0.027337366835958884
SOX12,SOX15,1,0.052713050874671666
NFATC1,SOX15,1,0.15929377201059422
E2F2,SOX15,-1,-0.002140988925677963
JUN,SOX15,-1,-0.06966112948674993
HBP1,SOX15,1,0.059734255689091215
PRRX1,SOX15,-1,-0.05840112542137353
MAF,SOX15,1,0.012445415854442947
TFAP2C,SOX15,-1,-0.0068314684377891064
NKX3-1,SOX15,1,0.15555877081571318
MAZ,SOX15,1,0.02088651717608593
E2F3,SOX15,-1,-0.10098241269170306
SOX1,SOX15,1,0.004294476069336575
MSX2,SOX15,1,0.058698297227459
PRDM4,SOX15,-1,-0.03584717096961972
MSX1,SOX15,1,0.16561559152329372
RUNX3,SOX15,-1,-0.12004136382462496
TEAD1,SOX15,1,0.005044437645138446
TBP,SOX15,1,0.03936569922234099
TFAP2A,SOX15,-1,-0.06637024778700899
SOX18,ETV6,-1,-0.0130659713898373
MEOX2,ETV6,1,0.004755885121067655
HOXC10,ETV6,-1,-0.019662101855642468
ESRRG,ETV6,1,0.07915155195117023
ELF3,ETV6,1,0.005464336222867751
ETS1,ETV6,1,0.08513867457261882
GTF2A1,ETV6,1,0.00353141656104282
SOX9,ETV6,1,0.12913737604863065
TRIM28,ETV6,-1,-0.009410949415905649
SP1,ETV6,1,0.1720130287581557
HMGA1,ETV6,-1,-0.0471958946627217
ZBTB33,ETV6,1,0.02645921561984808
ZBTB7B,ETV6,1,0.03513815829455218
PBX1,ETV6,1,0.016433139478715355
HOXD9,ETV6,1,0.03211674877968426
SOX15,ETV6,-1,-0.0836508110738697
KLF15,ETV6,-1,-0.03281167334373401
SOX13,ETV6,-1,-0.010168147479560683
SPI1,ETV6,1,0.10851188630708467
POU3F3,ETV6,1,0.07839172399463831
ATF7,ETV6,1,0.24826473589223813
PATZ1,ETV6,1,0.037382983840296286
ZBTB16,ETV6,-1,-0.028767606616743463
NFKB1,ETV6,1,0.06638096689766348
TCF3,ETV6,1,0.015648563603585658
RFX1,ETV6,1,0.005257003328335852
STAT5A,ETV6,1,0.10449040806604143
RUNX1,ETV6,1,0.30193326071819226
EMX2,ETV6,-1,-0.031161655134955685
IRF1,ETV6,1,0.00861561873010565
RUNX2,ETV6,1,0.004177209805948664
MAF,ETV6,-1,-0.10256249400370294
FOXD3,ETV6,-1,-0.018418553761317815
FOXC1,ETV6,-1,-0.05831164194012119
ETV5,ETV6,1,0.05468650526347787
HOXA10,ETV6,-1,-0.013178060631825483
SMAD3,ETV6,1,0.013392575309122771
RFX3,ETV6,1,0.06059419304408029
MAZ,ETV6,-1,-0.1480982779367651
IRF5,ETV6,1,0.07685945137391338
SOX1,ETV6,-1,-0.06932081187119275
HOXB13,ETV6,1,0.04540339907110693
AR,ETV6,1,0.0039663625924415335
TEAD4,ETV6,1,0.16740309737764872
SIX6,ETV6,1,0.015259128892515156
PPARA,ETV6,1,0.10783857790590597
BCL6,ETV6,1,0.026150959742777435
NKX6-1,ETV6,-1,-0.04474271507261604
HOXA9,ETV6,-1,-0.04708641489003675
RFC5,ETV6,-1,-0.03064495290451621
ZNF35,ETV6,1,0.025847106833649727
NR2F6,GATA6,1,0.0282204335867649
MEF2D,GATA6,-1,-0.026587495283889633
HSF1,GATA6,1,0.006342370461137596
SOX18,GATA6,-1,-0.01626446592376191
MYBL2,GATA6,1,0.031000803930419436
ELF5,GATA6,1,0.18125897600161425
MEOX2,GATA6,-1,-0.008647728133603684
HOXC10,GATA6,-1,-0.012617423074087447
LHX6,GATA6,1,0.01858326333257982
TFCP2,GATA6,-1,-0.04610088734332931
SREBF2,GATA6,1,0.017362608083743274
ELF3,GATA6,1,0.39423830790542047
SOX21,GATA6,-1,-0.003664137192594943
IRF8,GATA6,1,0.0021072901003499696
SOX9,GATA6,1,0.014691190270610544
FOXJ1,GATA6,1,0.004303853029814837
TRIM28,GATA6,-1,-0.044172972968701686
SP1,GATA6,1,0.010603254346568143
NEUROD1,GATA6,-1,-0.0027952585533317816
HMGA1,GATA6,-1,-0.0011718733884846075
ZBTB33,GATA6,1,0.00584608147103136
TP53,GATA6,1,0.008838407622602682
KLF11,GATA6,1,0.015153782925442694
SP4,GATA6,-1,-0.004417610036641724
HOXC13,GATA6,1,0.010424417842858094
SOX4,GATA6,1,0.02109527521244746
SOX17,GATA6,1,0.0763539352509681
PBX1,GATA6,1,0.03529335432182815
NFYA,GATA6,-1,-0.011721522892911578
GABPA,GATA6,-1,-0.035196160023952795
SOX13,GATA6,-1,-0.004031179848960549
HMGA2,GATA6,1,0.01776823231882175
SPI1,GATA6,1,0.0024483661912485136
SOX2,GATA6,-1,-0.09697420427435867
SRF,GATA6,-1,-0.02072950704688264
POU3F3,GATA6,-1,-0.05198699861201328
PPARG,GATA6,1,0.18353021316801513
PATZ1,GATA6,1,0.04360557431448618
CEBPA,GATA6,-1,-0.01927856331050439
TCF3,GATA6,-1,-0.0022079752235541227
VDR,GATA6,-1,-0.11059445696451643
MZF1,GATA6,-1,-0.0006325209416817017
SOX12,GATA6,1,0.034923082982148614
JUN,GATA6,1,0.05233703700618497
CEBPG,GATA6,-1,-0.001147541496795073
TAL1,GATA6,-1,-0.13074874935737657
NKX2-5,GATA6,-1,-0.06449190911505288
ZNF217,GATA6,1,0.0036937069193366395
STAT5A,GATA6,1,0.013806601973279977
SOX11,GATA6,-1,-0.07032405270002917
ELF4,GATA6,1,0.04582363030962278
HOXC11,GATA6,1,0.014825959062741
EMX2,GATA6,-1,-0.040781187122011404
EGR1,GATA6,1,0.00856333248947965
IRF1,GATA6,-1,-0.0014373597322843437
FOXF2,GATA6,-1,-0.023857209853847275
SATB1,GATA6,1,0.05137309229103356
MAF,GATA6,1,0.01161249473434904
TFAP2C,GATA6,1,0.044628539280579346
ONECUT2,GATA6,1,0.0039345156353612475
FOXD3,GATA6,1,0.03827408491469727
HOXD13,GATA6,-1,-0.008473832049496513
BRCA1,GATA6,-1,-0.012732428233947844
IRF2,GATA6,1,0.016372291140991365
PRDM1,GATA6,-1,-0.06636967000352886
FOXC1,GATA6,1,0.09391776940341318
HOXA10,GATA6,-1,-0.009281821854697664
SMAD3,GATA6,-1,-0.016917299566586535
FOXO1,GATA6,-1,-0.020830632795741537
FOXC2,GATA6,1,0.0830086532045297
NKX3-1,GATA6,1,0.10943173209415603
NR2F1,GATA6,1,0.03392321988246229
IRF7,GATA6,-1,-0.050333713451254015
PITX1,GATA6,1,0.022868588150994882
FLI1,GATA6,1,0.07389390644978568
IRF5,GATA6,-1,-0.0013439558122876187
HOXB13,GATA6,1,0.02279031395770532
AR,GATA6,1,0.01109870102303222
NR4A1,GATA6,1,0.019734596270384007
NFATC4,GATA6,1,0.032428354500936035
ZNF589,GATA6,1,0.010539926071180717
FOXO3,GATA6,1,0.051918632657715603
NKX6-1,GATA6,-1,-0.018663296018282212
ASCL2,GATA6,-1,-0.044895880702183484
TFAP2A,GATA6,-1,-0.05209113243172109
HOXA9,GATA6,1,0.048660374939013915
PARP1,GATA6,-1,-0.05235310055853343
CPEB1,GATA6,-1,-0.062295098172552535
ZNF35,GATA6,1,0.039301105344199304
NR2F6,STAT5B,-1,-0.035011079306735374
ETV1,STAT5B,1,0.00649725459413489
NFIX,STAT5B,1,0.0015061401427136829
RELA,STAT5B,1,0.19611087521026593
ZNF652,STAT5B,1,0.04205902829444107
RARA,STAT5B,1,0.018875846151177014
STAT4,STAT5B,-1,-0.015595794933459334
SP1,STAT5B,1,0.26326030797493855
TP53,STAT5B,1,0.0891504463685914
PBX1,STAT5B,1,0.0864732376950123
SOX15,STAT5B,1,0.02927764942266113
ELF1,STAT5B,1,0.025129640310912558
SRF,STAT5B,1,0.15708926081215033
POU3F3,STAT5B,1,0.059568992941152185
MAFK,STAT5B,1,0.006694689159703208
NFKB1,STAT5B,1,0.1613318452135203
JUN,STAT5B,1,0.018462451679306283
RUNX1,STAT5B,-1,-0.05344462873642682
ELF4,STAT5B,-1,-0.12065942794090428
ZEB1,STAT5B,1,0.1992613373170939
FOXO4,STAT5B,1,0.16379526435734723
NKX2-2,STAT5B,1,0.021727174221797815
POU3F2,STAT5B,-1,-0.0491351280472245
RFX3,STAT5B,1,0.02100380084279289
RARG,STAT5B,-1,-0.0825506259793958
ELF2,STAT5B,1,0.14909290673305886
ETV1,TEAD3,-1,-0.0072268096317452644
ELK1,TEAD3,-1,-0.0221664077207416
ERF,TEAD3,1,0.08978893524136768
SOX9,TEAD3,1,0.09297985826681392
ZNF281,TEAD3,-1,-0.06259483239551002
FOXJ1,TEAD3,1,0.012747260017595461
SP1,TEAD3,1,0.022104477827343313
TP53,TEAD3,1,0.050138539872122426
SP4,TEAD3,-1,-0.00908680138876883
KLF15,TEAD3,1,0.014071645882645976
SOX2,TEAD3,-1,-0.18713708031648243
SRF,TEAD3,1,0.3229858720023525
PATZ1,TEAD3,-1,-0.056798730213336465
MAFK,TEAD3,1,0.062724111900521
TCF3,TEAD3,1,0.059509772574777346
MYCN,TEAD3,-1,-0.08524352279517897
IKZF1,TEAD3,-1,-0.16873113416592828
NFATC1,TEAD3,1,0.0892534855551898
ETV4,TEAD3,1,0.19583879751742467
XBP1,TEAD3,1,0.06447545469925901
ELF4,TEAD3,1,0.18099067141545938
VENTX,TEAD3,1,0.08953539060076893
EGR1,TEAD3,1,0.011329847819800518
FOXC1,TEAD3,1,0.09055851429345083
FOXO1,TEAD3,1,0.07677107239083447
POU3F2,TEAD3,1,0.029796996718305897
FEV,TEAD3,-1,-0.04085264465479472
MAFB,TEAD3,1,0.049230118670227564
TFAP2A,TEAD3,-1,-0.006487325304681197
HOXA9,TEAD3,1,0.005016593161374802
ERG,LEF1,1,0.1426637986480393
ARNT,LEF1,-1,-0.05474956714177868
SOX18,LEF1,1,0.08829802989863744
KLF13,LEF1,-1,-0.03904138925191587
ESRRG,LEF1,1,0.10989173240188509
CNOT3,LEF1,1,0.027621462915238607
ARID5A,LEF1,-1,-0.05034106165591537
AHR,LEF1,1,0.04978932589556224
FOXJ1,LEF1,1,0.031948241848568794
HMGA1,LEF1,1,0.04693557482056821
TP53,LEF1,1,0.07792308336427405
E2F4,LEF1,-1,-0.017185963970689853
SOX15,LEF1,-1,-0.05299289408104063
TEAD3,LEF1,-1,-0.040887687514758506
KLF15,LEF1,1,0.03562899553872429
SOX2,LEF1,1,0.055264973468484094
SRF,LEF1,-1,-0.0006689007518607114
EWSR1,LEF1,1,0.07662855620336657
PPARG,LEF1,-1,-0.04390888262489542
PATZ1,LEF1,-1,-0.07771878677165503
CEBPA,LEF1,1,0.04040319745125183
MAFK,LEF1,-1,-0.01583154331348166
TCF3,LEF1,-1,-0.013741157984722845
MZF1,LEF1,1,0.019710797993391087
RUNX1,LEF1,1,0.24105611535417884
ELF4,LEF1,1,0.024146998489257564
ZEB1,LEF1,-1,-0.04830339975280699
EGR1,LEF1,1,0.03249427426686298
IRF1,LEF1,-1,-0.01787860001141627
FOXF2,LEF1,1,0.13531500599111076
VAX2,LEF1,-1,-0.1206449433473849
MAF,LEF1,1,0.02652030535413751
IRF2,LEF1,1,0.0724290516815319
HOXB6,LEF1,1,0.004877500194587833
PRDM1,LEF1,1,0.09516839774022373
FOXO4,LEF1,-1,-0.02983923974488853
NF1,LEF1,-1,-0.043623852675693804
FOXC1,LEF1,1,0.11742375910987636
FOXO1,LEF1,-1,-0.007554656646682054
POU3F2,LEF1,1,0.058887934726787716
TCF7L2,LEF1,-1,-0.033277914454273964
ZSCAN16,LEF1,1,0.012382480954394747
RORA,LEF1,-1,-0.0118316035141368
FLI1,LEF1,1,0.04776816590644396
INSM1,LEF1,-1,-0.05080402615554856
TBX5,LEF1,1,0.017333708849985193
RARG,LEF1,1,0.028878872170088124
TEAD1,LEF1,1,0.10146943139792343
FOXO3,LEF1,1,0.03931773492727907
BCL6,LEF1,-1,-0.028658585081286082
TFAP2A,LEF1,1,0.03798601864921012
EN1,LEF1,1,0.024564884833952333
ZNF35,LEF1,1,0.01694480103684136
NR2F6,KLF15,1,0.01888029753481275
MEF2D,KLF15,1,0.27419798372158233
HSF1,KLF15,-1,-0.01796277006739447
ELK1,KLF15,-1,-0.00019030950681048583
SREBF2,KLF15,-1,-0.19456152103455848
ELF3,KLF15,1,0.2607284176301824
HOXD10,KLF15,1,0.030773162528871283
ARID5A,KLF15,1,0.14508621555822937
CTF1,KLF15,1,0.2907447304930691
MEF2A,KLF15,-1,-0.06406685708648456
SOX9,KLF15,-1,-0.09327273128424228
ZNF281,KLF15,-1,-0.19057663219160298
FOXJ1,KLF15,-1,-0.013824695225131058
TFEC,KLF15,-1,-0.19040392074758053
TRIM28,KLF15,-1,-0.031973421299615376
SP1,KLF15,-1,-0.008864511946793394
NEUROD1,KLF15,-1,-0.03957316561375132
SP4,KLF15,1,0.013353976533147719
HOXC13,KLF15,-1,-0.02419796616672186
RXRA,KLF15,-1,-0.080006743759193
ZNF282,KLF15,-1,-0.07558231003160605
HMGA2,KLF15,1,0.07786882495852279
SPI1,KLF15,1,0.0330725047127292
SOX2,KLF15,1,0.15651707740658335
SRF,KLF15,-1,-0.24182299138390756
THRA,KLF15,1,0.22862974167971026
POU3F3,KLF15,1,0.2611439545676298
EWSR1,KLF15,1,0.04813178147640746
CEBPD,KLF15,1,0.10622856312847091
PPARG,KLF15,1,0.1849682977130095
ESR2,KLF15,1,0.052064908617720354
PATZ1,KLF15,1,0.15823103547518416
CEBPA,KLF15,-1,-0.01416979039836599
ZBTB16,KLF15,1,0.25598534851333493
TFE3,KLF15,-1,-0.02344907814392312
TCF3,KLF15,1,0.12784717403935386
MYCN,KLF15,-1,-0.04813533484406036
MZF1,KLF15,1,0.15869347750469764
RFX2,KLF15,1,0.13956003032588504
ETV4,KLF15,1,0.08417225787970699
RUNX1,KLF15,-1,-0.3107246994383818
ELF4,KLF15,-1,-0.16759356687651628
EGR1,KLF15,1,0.02600333357348371
NR2C2,KLF15,-1,-0.044795962101287695
TFAP2C,KLF15,1,0.10726606206954731
MAX,KLF15,-1,-0.07092399856218368
TFEB,KLF15,1,0.0602751640455986
CDC5L,KLF15,1,0.05999072244301488
FOXO1,KLF15,1,0.1614334037062558
FOXC2,KLF15,-1,-0.22168186753321376
NKX3-1,KLF15,-1,-0.5910557551225576
NR2F1,KLF15,-1,-0.22284652157175538
IRF7,KLF15,1,0.01806389820383924
PITX1,KLF15,1,0.03247269798176679
MAZ,KLF15,-1,-0.089179667363322
TCF7L2,KLF15,-1,-0.13797126536062793
FLI1,KLF15,-1,-0.07677335716622757
TBX5,KLF15,-1,-0.07582349964397737
AR,KLF15,1,0.07744389976427112
NFATC4,KLF15,-1,-0.13277809770055202
HLF,KLF15,1,0.14924115234628801
TBP,KLF15,1,0.02680922651437327
PPARA,KLF15,1,0.36019278818097494
SREBF1,KLF15,-1,-0.1235211579133833
TFAP2A,KLF15,1,0.04882367589647515
HOXA9,KLF15,-1,-0.006049408426348813
NFIL3,KLF15,1,0.06237798357738776
CPEB1,KLF15,-1,-0.10188223159289568
ZNF35,KLF15,1,0.09386883059595362
HSF1,SOX13,1,0.0010053260625372158
NR1H2,SOX13,1,0.006048030066090441
RELA,SOX13,1,0.15691240363899614
ZNF219,SOX13,1,0.1270703644737555
THRA,SOX13,1,0.12915594818591566
EWSR1,SOX13,1,0.059636820958035616
ESR2,SOX13,1,0.045923424308184704
NR2C2,SOX13,1,0.021820579687668713
FOXO4,SOX13,1,0.02464987459224023
NR2F1,SOX13,1,0.009162589013883756
RORA,SOX13,1,0.15265156681460185
AR,SOX13,1,0.0010844534836515984
ELF2,SOX13,1,0.022583245716775672
FOXO3,SOX13,1,0.06362121999983529
TFAP2A,SOX13,1,0.1668967235634815
NR2F6,HMGA2,1,0.031672804523366606
MEF2D,HMGA2,-1,-0.08690312099828545
SOX18,HMGA2,-1,-0.010544394750269095
MEOX2,HMGA2,-1,-0.07922394376862484
FOSL1,HMGA2,1,0.2810077095852308
RARA,HMGA2,-1,-0.09383514160507307
FOXJ1,HMGA2,-1,-0.021533722160493405
HMGA1,HMGA2,1,0.06812023169057843
TP53,HMGA2,-1,-0.0045553178570956095
LEF1,HMGA2,1,0.06985358351565757
SOX2,HMGA2,-1,-0.1321049586051534
SRF,HMGA2,-1,-0.056025065147876627
POU3F3,HMGA2,-1,-0.07449544076522478
EWSR1,HMGA2,-1,-0.020215910704520244
TRAF4,HMGA2,1,0.022369083545695723
TCF3,HMGA2,-1,-0.004214523594144237
ATF5,HMGA2,-1,-0.008746902757347116
ZNF217,HMGA2,1,0.03945361642102398
HOXB9,HMGA2,1,0.04082050909739434
IRF1,HMGA2,-1,-0.05064688261828723
FOXF2,HMGA2,1,0.013535531805092585
RUNX2,HMGA2,1,0.0007004694050266975
HOXC6,HMGA2,1,0.06877147747411878
NR2E1,HMGA2,-1,-0.006687387131675555
SMAD3,HMGA2,1,0.09208146226236456
NR2F1,HMGA2,-1,-0.11569243875014641
MEIS1,HMGA2,1,0.07626462807451773
IRF7,HMGA2,-1,-0.005371951221827666
RFX3,HMGA2,1,0.047015913316489966
TCF7L2,HMGA2,1,0.02536670069661025
TTF1,HMGA2,1,0.02081284311002652
HOXA3,HMGA2,1,0.01971798495349625
TEAD4,HMGA2,1,0.0025701850981705997
PRDM4,HMGA2,1,0.263078713895434
RARG,HMGA2,1,0.10965730672221771
RUNX3,HMGA2,-1,-0.01999157995215006
TEAD1,HMGA2,1,0.04813675490364014
SREBF1,HMGA2,-1,-0.014122759754391083
TFAP2A,HMGA2,1,0.0845813491560829
ETV1,JDP2,-1,-0.03499970204847568
NFIX,JDP2,1,0.1242859114635462
ARNT,JDP2,1,0.07613526213576613
SOX18,JDP2,1,0.05784713092797478
RARA,JDP2,-1,-0.03431329718986261
SOX21,JDP2,-1,-0.0042043084286236725
IRF8,JDP2,-1,-0.13102167251191027
MEF2A,JDP2,-1,-0.13839921800295638
AHR,JDP2,-1,-0.04414749451248675
FOXJ1,JDP2,1,0.01910956997760155
SP1,JDP2,1,0.02966877944465798
TP53,JDP2,-1,-0.028088243034806015
SP4,JDP2,-1,-0.040254061893829865
RXRA,JDP2,1,0.024995989044161514
ZNF282,JDP2,-1,-0.03851976579744734
KLF15,JDP2,1,0.26199787332674673
SPI1,JDP2,1,0.03632771009789542
SRF,JDP2,1,0.12829616643682357
POU3F3,JDP2,1,0.17514348142751562
PATZ1,JDP2,1,0.21302539010859062
POU3F4,JDP2,-1,-0.07879352271881362
TCF3,JDP2,-1,-0.0029341152864416483
SOX12,JDP2,-1,-0.08174042641603148
TAL1,JDP2,1,0.2340049036511581
NKX2-5,JDP2,-1,-0.0905572334604309
STAT5A,JDP2,1,0.013647195312609472
VENTX,JDP2,1,0.2007341820380516
EMX2,JDP2,1,0.013016743335670029
IRF1,JDP2,-1,-0.010378691503259728
RUNX2,JDP2,1,0.367995823221554
NR2C2,JDP2,-1,-0.08706047729721192
PRRX1,JDP2,-1,-0.06216649617232167
TFAP2C,JDP2,1,0.0476478436321961
NR2E1,JDP2,-1,-0.018309608843030154
IRF2,JDP2,-1,-0.008978355296866105
POU4F1,JDP2,-1,-0.06929848474328444
PRDM1,JDP2,1,0.07777450879193788
NF1,JDP2,-1,-0.14712758549857358
TFEB,JDP2,-1,-0.015368542286220397
MSC,JDP2,1,0.13397289059631626
SMAD3,JDP2,-1,-0.12289298036404285
NKX3-1,JDP2,1,0.12448583461222168
PITX1,JDP2,-1,-0.10485680911926064
RFX3,JDP2,-1,-0.0617740778232929
ETV3,JDP2,1,0.05537440905591268
FLI1,JDP2,1,0.2707622149569494
IRF5,JDP2,1,0.11163780416363647
MSX2,JDP2,-1,-0.10923153663154339
MSX1,JDP2,1,0.05012875414055413
RARG,JDP2,1,0.14781235834799325
RUNX3,JDP2,-1,-0.057130341313705965
ZNF589,JDP2,-1,-0.10322868019495453
BCL6,JDP2,-1,-0.006915735312272017
ASCL2,JDP2,1,0.1915075702531156
PAX6,JDP2,1,0.0680136742396028
ZNF35,JDP2,1,0.024413883159813604
TFAP4,JDP2,-1,-0.17150486145251997
HSF1,ELF1,-1,-0.05387528375343729
SOX18,ELF1,-1,-0.016103222708786488
MEOX2,ELF1,1,0.023773682906806613
LHX6,ELF1,-1,-0.01197730659893831
FOSL1,ELF1,1,0.03734788957788258
ZNF652,ELF1,-1,-0.02637118373738988
ELF3,ELF1,1,0.13679597709258096
E2F1,ELF1,-1,-0.055166852857843916
IRF8,ELF1,1,0.014823468905417693
MEF2A,ELF1,1,0.14350413273134272
SOX9,ELF1,1,0.0814148056755374
ZNF281,ELF1,1,0.09229787105117063
TRIM28,ELF1,1,0.00487398579453763
HMGA1,ELF1,1,0.025586630936136393
TP53,ELF1,1,0.014424052467653787
ZBTB7B,ELF1,1,0.011375567343291773
SP4,ELF1,-1,-0.02396476217156194
SOX4,ELF1,1,0.05778014083025817
SOX17,ELF1,-1,-0.06031969179940053
HOXD9,ELF1,-1,-0.008434005859649842
SOX15,ELF1,-1,-0.06972872315458963
GATA6,ELF1,-1,-0.02968859553445604
JDP2,ELF1,1,0.0032987622375103645
SRF,ELF1,-1,-0.011274966701632999
THRA,ELF1,1,0.03179951981828459
POU3F3,ELF1,-1,-0.024998031123025233
PPARG,ELF1,1,0.11474157910152197
TRAF4,ELF1,1,0.023311161989875297
CEBPA,ELF1,1,0.03373080183041682
ZBTB16,ELF1,1,0.015629556553093886
TCF3,ELF1,1,0.11743548093045106
MYCN,ELF1,-1,-0.03053549567301583
MZF1,ELF1,-1,-0.08317649384268819
ATF5,ELF1,-1,-0.016559696996335617
SOX12,ELF1,-1,-0.0675605944706596
JUN,ELF1,-1,-0.03385225414103949
CEBPG,ELF1,1,0.032151528203243566
TAL1,ELF1,-1,-0.024185747223119364
NKX2-5,ELF1,-1,-0.008983169488420739
ZNF217,ELF1,1,0.064682117984212
RUNX1,ELF1,1,0.0001047446200278975
SOX11,ELF1,-1,-0.11988302747439984
HBP1,ELF1,1,0.04695063241757851
ELF4,ELF1,-1,-0.026551685946364527
NR5A2,ELF1,-1,-0.017179019866349822
EGR2,ELF1,1,0.023369515455257193
FOS,ELF1,1,0.04474523088886728
EMX2,ELF1,-1,-0.012844465206670987
ZEB1,ELF1,1,0.09779665095872321
EGR1,ELF1,-1,-0.028683846617237198
IRF1,ELF1,-1,-0.00795080566564254
RUNX2,ELF1,-1,-0.06450416455250482
PRRX1,ELF1,-1,-0.014196336564982976
IRF2,ELF1,1,0.023779622686923282
PRDM1,ELF1,1,0.005404250798808667
BACH1,ELF1,1,0.0237474706812937
FOXC1,ELF1,-1,-0.012859397488706344
FOXO1,ELF1,1,0.21213399308973785
IRF7,ELF1,1,0.028780012639537892
POU3F2,ELF1,-1,-0.059797352713009955
MAZ,ELF1,-1,-0.04855143064797307
TCF7L2,ELF1,1,0.08714822847500464
FLI1,ELF1,1,0.10099458018676614
IRF5,ELF1,1,0.0267020141437944
SOX1,ELF1,-1,-0.0017406794464935942
HOXA3,ELF1,1,0.00790345552127452
MSX2,ELF1,1,0.04174645345817489
PRDM4,ELF1,1,0.06487743562772513
MSX1,ELF1,-1,-0.009715163852928938
MAFB,ELF1,1,0.06320176713705955
ETS2,ELF1,1,0.025534904362645883
RUNX3,ELF1,1,0.13251231470410363
ARID3A,ELF1,-1,-0.054252243460451426
HOXC4,ELF1,1,0.027379439300652283
TEAD1,ELF1,1,0.04505416166586445
NKX6-1,ELF1,-1,-0.01631389478834739
OSR2,ELF1,1,0.010851224290088803
CPEB1,ELF1,-1,-0.027886462189995454
ZNF35,ELF1,1,0.02451299487570257
ETV1,SPI1,-1,-0.06551579380461824
REL,SPI1,-1,-0.0322446465306386
MEF2D,SPI1,1,0.19428862855612553
NR1H2,SPI1,1,0.08701578078808722
RELA,SPI1,1,0.0582032876903373
ESRRG,SPI1,-1,-0.005294478465297691
SOX21,SPI1,1,0.06536690279192414
ETS1,SPI1,-1,-0.0013688982955400101
PLAG1,SPI1,-1,-0.28702429512069155
HMGA1,SPI1,1,0.19983497209783646
TP53,SPI1,1,0.06276069843339983
SP4,SPI1,-1,-0.05744429418117376
SOX17,SPI1,-1,-0.10434207035322542
PBX1,SPI1,-1,-0.07105645106819727
STAT5B,SPI1,-1,-0.10905172218855365
TEAD3,SPI1,-1,-0.015255308305039388
JDP2,SPI1,1,0.07728159144149045
SOX2,SPI1,1,0.09697588540646813
POU3F3,SPI1,1,0.07781861232054296
EWSR1,SPI1,1,0.026765970149581708
PPARG,SPI1,1,0.16183108198682702
TRAF4,SPI1,-1,-0.00838282162684118
POU3F4,SPI1,1,0.020187420477407448
CEBPA,SPI1,1,0.2776972699935074
TCF3,SPI1,-1,-0.0776603189463155
MZF1,SPI1,-1,-0.03795909346645684
JUN,SPI1,-1,-0.01937734202661811
CEBPG,SPI1,-1,-0.12184069459387949
TAL1,SPI1,1,0.07619177261596859
STAT5A,SPI1,1,0.07215710135960655
RUNX1,SPI1,1,0.09556264417317711
DBP,SPI1,-1,-0.10285065067673034
FOS,SPI1,-1,-0.01916911830127955
EGR1,SPI1,1,0.050830003384202634
NR2C2,SPI1,-1,-0.048946955219829946
SATB1,SPI1,-1,-0.11945260846907724
HOXC6,SPI1,-1,-0.03411465168010667
IRF2,SPI1,1,0.15449940282929872
FOXO1,SPI1,1,0.015110057272731613
NR2F1,SPI1,1,0.12744277781061852
CREB5,SPI1,-1,-0.03940832683189472
POU3F2,SPI1,1,0.04853858877936616
VBP1,SPI1,-1,-0.04982831882364556
FLI1,SPI1,1,0.22279772267076758
SOX1,SPI1,-1,-0.00535581552208658
MAFB,SPI1,1,0.4397860627584502
HLF,SPI1,-1,-0.08749709588028838
TEAD1,SPI1,-1,-0.13178920604568062
FOXO3,SPI1,-1,-0.06653440837724679
NFIL3,SPI1,-1,-0.10763656794836948
EN1,SPI1,1,0.0013197685941137472
NFIX,SOX2,1,0.049124878672552656
MEF2D,SOX2,-1,-0.15153534155174847
SOX18,SOX2,-1,-0.027977066487907678
MYBL2,SOX2,-1,-0.014197858457088834
HOXC10,SOX2,-1,-0.08088427866407696
LHX6,SOX2,-1,-0.10779616822367227
ELF3,SOX2,-1,-0.3620457262632168
E2F1,SOX2,1,0.0452268687166249
ARID5A,SOX2,-1,-0.00444312209290642
SOX21,SOX2,1,0.19642307632920844
AHR,SOX2,1,0.05302580234594079
SOX9,SOX2,1,0.05177072073137865
ZNF281,SOX2,-1,-0.17062789335560224
TRIM28,SOX2,-1,-0.01102160944049079
SP1,SOX2,1,0.05189937603076993
HMGA1,SOX2,1,0.07274067877309454
ZNF219,SOX2,-1,-0.04974725418430826
ZBTB7B,SOX2,1,0.04462269702515019
SP4,SOX2,-1,-0.08583465232072428
SOX4,SOX2,1,0.1516999605802294
SOX17,SOX2,1,0.03521832398175905
GBX2,SOX2,1,0.08468983756379106
NFYA,SOX2,-1,-0.10416087089173098
ZNF282,SOX2,1,0.03484969363041044
HOXD9,SOX2,1,0.0663438084759322
SOX15,SOX2,1,0.09725532853589662
STAT5B,SOX2,1,0.07887151817499398
LEF1,SOX2,1,0.07570155393624695
KLF15,SOX2,1,0.02359981937089199
SOX13,SOX2,1,0.04833089496303423
SRF,SOX2,1,0.01003582390856706
POU3F3,SOX2,1,0.29398360547036173
PPARG,SOX2,-1,-0.08761410901791103
PATZ1,SOX2,1,0.021268118441248863
TRAF4,SOX2,1,0.010643682894487794
POU3F4,SOX2,-1,-0.031144495835083753
ZBTB16,SOX2,1,0.07152596324377869
TCF3,SOX2,1,0.048951622375757786
MYCN,SOX2,-1,-0.045308121539039244
MZF1,SOX2,-1,-0.022518639567200505
RFX1,SOX2,-1,-0.14608492366577341
TAL1,SOX2,1,0.010067541148005767
ZNF217,SOX2,-1,-0.1796688486581631
XBP1,SOX2,-1,-0.025866986944849575
STAT5A,SOX2,-1,-0.09817460995861148
HOXB9,SOX2,1,0.041094423006232575
ELF4,SOX2,1,0.09796713817606612
HOXC11,SOX2,1,0.025128323539001615
HOXB3,SOX2,-1,-0.022702816461988254
EMX2,SOX2,1,0.0260068889238101
ZEB1,SOX2,1,0.0616828590488503
TFAP2B,SOX2,1,0.1275862127722537
EGR1,SOX2,-1,-0.008249009434228372
IRF1,SOX2,-1,-0.07258139368046117
FOXF2,SOX2,-1,-0.13291756511892108
HOXC6,SOX2,1,0.06749004808909068
PRRX1,SOX2,-1,-0.009043500227545727
VAX2,SOX2,-1,-0.07037043319634063
ONECUT2,SOX2,1,0.02737433850587694
MAX,SOX2,1,0.0595317153509837
FOXD3,SOX2,1,0.002364245299914551
HOXD13,SOX2,-1,-0.0005274856964028744
IRF2,SOX2,1,0.17863545765348485
HOXB6,SOX2,-1,-0.08073745815562938
PRDM1,SOX2,1,0.044267097100833416
FOXO4,SOX2,-1,-0.06496609224105766
NF1,SOX2,1,0.0519329483446421
NKX2-2,SOX2,1,0.14501944183770904
SCRT1,SOX2,-1,-0.01002308265427616
FOXC1,SOX2,1,0.1476962868662329
FOXO1,SOX2,-1,-0.17219254449799568
FOXC2,SOX2,-1,-0.12784442329663187
NKX3-1,SOX2,1,0.03876428033448522
TGIF2,SOX2,1,0.01797770350945133
IRF7,SOX2,-1,-0.03704012521325414
PITX1,SOX2,1,0.0342878925808138
POU3F2,SOX2,1,0.25532943138371517
DLX6,SOX2,-1,-0.0006217408253806708
MAZ,SOX2,1,0.11769221301624982
TCF7L2,SOX2,1,0.0025888379360122136
HOXD11,SOX2,-1,-0.05737077490133642
HOXA4,SOX2,1,0.052945721480925
SOX1,SOX2,-1,-0.012488329704586958
HOXA3,SOX2,-1,-0.09211418211269441
AR,SOX2,1,0.05402363820496081
SIX6,SOX2,1,0.01658194996018684
PRDM4,SOX2,-1,-0.013268817822372905
MSX1,SOX2,1,0.14553777374190502
MAFB,SOX2,-1,-0.03055772436598556
HIC1,SOX2,-1,-0.1088361475187341
RUNX3,SOX2,-1,-0.09931560360532983
TBP,SOX2,-1,-0.046583145433129955
BCL6,SOX2,1,0.18947407841890268
NKX6-1,SOX2,1,0.07325492164344914
E2F8,SOX2,-1,-0.080768091558318
ASCL2,SOX2,1,0.1986004848650702
TFAP2A,SOX2,-1,-0.10423312784835347
HOXA9,SOX2,-1,-0.003845573779983638
RFC5,SOX2,1,0.058681676280143875
OSR2,SOX2,-1,-0.08861990451008651
EN1,SOX2,1,0.05030990253904401
ZNF35,SOX2,1,0.10934596101605325
MEF2D,SRF,1,0.2195949830883395
NFKB2,SRF,1,0.128131917221035
KLF13,SRF,1,0.08699569988964008
FOXJ1,SRF,-1,-0.02901012956373684
SP1,SRF,1,0.10939894245382993
TP53,SRF,-1,-0.03674579291902166
NFYA,SRF,1,0.005065727778605488
RXRA,SRF,1,0.02031077728678742
ZNF282,SRF,1,0.06259882069395084
KLF15,SRF,-1,-0.09679510945392035
THRA,SRF,-1,-0.04000164105965396
POU3F3,SRF,1,0.18955842638310205
EWSR1,SRF,1,0.017555761252834503
POU3F4,SRF,-1,-0.03606686221354031
TCF3,SRF,1,0.2236891860324954
MZF1,SRF,1,0.09991182279889886
IKZF1,SRF,-1,-0.030300844200266627
ATF5,SRF,1,0.06625393234310574
HOXB9,SRF,-1,-0.02763451925610992
HOXC11,SRF,-1,-0.020328350070056758
EGR1,SRF,1,0.26621206781476775
HOXA10,SRF,-1,-0.005901369294220185
RFX3,SRF,1,0.027012833628485663
MAZ,SRF,-1,-0.18101719028713756
HIC1,SRF,1,0.06873318583857688
FOXO3,SRF,1,0.034538987052454305
TFAP2A,SRF,1,0.023396135354648507
RFX5,SRF,-1,-0.015321864552450593
ZNF35,SRF,1,0.010901505950281184
HSF1,THRA,1,0.0935983911057108
LHX6,THRA,1,0.009999409653095334
RELA,THRA,1,0.19716863544865584
ELF3,THRA,-1,-0.3089351361519388
HOXD10,THRA,-1,-0.015710652262312073
SOX21,THRA,-1,-0.01709900916737769
MEF2A,THRA,1,0.057734900469344506
SOX9,THRA,-1,-0.021098385644611556
ZNF281,THRA,1,0.014763340825652314
FOXJ1,THRA,1,0.12890378790982915
STAT4,THRA,-1,-0.01061207184621962
SP1,THRA,-1,-0.12745214830324275
HMGA1,THRA,-1,-0.10946845078575936
ZNF219,THRA,-1,-0.027550482883950456
TP53,THRA,-1,-0.06115657318405521
ZBTB7B,THRA,1,0.0660542019816844
SP4,THRA,1,0.05831029471064555
KLF15,THRA,1,0.17997953554467758
ELF1,THRA,1,0.10822165905486407
SPI1,THRA,1,0.027925108290829864
SOX2,THRA,1,0.18811518858503903
SF1,THRA,1,0.22273653808276048
POU3F3,THRA,1,0.2310948957968484
EWSR1,THRA,-1,-0.13988490318362837
PATZ1,THRA,1,0.25700091360594335
CEBPA,THRA,1,0.00911906930291638
NFKB1,THRA,-1,-0.2285403668904953
TCF3,THRA,-1,-0.1821285974096894
RFX1,THRA,-1,-0.004895574375246224
ELF4,THRA,-1,-0.17277567917363057
NR5A2,THRA,-1,-0.13611163771929102
EMX2,THRA,1,0.041443773948473095
EGR1,THRA,-1,-0.07292421987477311
IRF1,THRA,-1,-0.10036025998112999
SATB1,THRA,1,0.22425583049518752
IRF2,THRA,1,0.05609440450945261
PRDM1,THRA,-1,-0.06421652788110044
FOXO4,THRA,1,0.15893210593781568
NF1,THRA,1,0.17245647525726623
SCRT1,THRA,1,0.1456463925096351
HOXA10,THRA,1,0.040882073336877954
SMAD3,THRA,-1,-0.024323229628863078
FOXO1,THRA,1,0.03954389741818743
FOXC2,THRA,-1,-0.03606032954677548
NR2F1,THRA,1,0.20272427345917557
IRF7,THRA,1,0.003593103297799301
POU3F2,THRA,-1,-0.3161198414037154
RFX3,THRA,-1,-0.0016392345427943978
TBX5,THRA,1,0.004671238001552857
RARG,THRA,1,0.19126846602789344
FOXO3,THRA,1,0.025917019493540378
BCL6,THRA,-1,-0.17023636718891372
RFC5,THRA,1,0.05995552815315601
RFX5,THRA,1,0.02090129645481068
ZNF35,THRA,-1,-0.014443142978238474
NR2F6,SF1,-1,-0.038475993587007686
ETV1,SF1,-1,-0.0679234689386227
HSF1,SF1,1,0.08476705517912675
SOX18,SF1,1,0.07469625360149161
NR1H2,SF1,-1,-0.06950569909596392
ELF5,SF1,-1,-0.15586141878261972
MEOX2,SF1,1,0.006456951895318499
ELK1,SF1,1,0.002955698676675665
ESRRG,SF1,-1,-0.06303620780008641
NRF1,SF1,1,0.1623241516951841
SREBF2,SF1,1,0.06003902560353728
HOXD10,SF1,1,0.02186435400613243
ARID5A,SF1,-1,-0.09930056910780892
IRF8,SF1,1,0.04553393461988532
SOX9,SF1,1,0.025386355367364263
ZNF281,SF1,1,0.21761274032162625
TRIM28,SF1,1,0.047860137260655876
SP1,SF1,-1,-0.055379623685199164
HMGA1,SF1,1,0.04690989561634624
ZBTB33,SF1,1,0.029533037050681506
TP53,SF1,1,0.021575137182200624
E2F4,SF1,1,0.06009443557923845
NFYA,SF1,1,0.009341624293783053
SOX15,SF1,1,0.051305051955094175
LEF1,SF1,1,0.033713819292165104
KLF15,SF1,-1,-0.05318856193007952
JDP2,SF1,-1,-0.0026105608299785165
ELF1,SF1,1,0.06877515333686604
SPI1,SF1,1,0.025152506281416666
SRF,SF1,1,0.02526453972535549
THRA,SF1,1,0.07803062824783961
POU3F3,SF1,-1,-0.006557929716911884
TRAF4,SF1,1,0.0023043946722571497
TCF3,SF1,1,0.01771822962465992
SOX12,SF1,1,0.03396235077259605
RFX1,SF1,1,0.10281578601490547
SOX11,SF1,1,0.0207835984487869
ELF4,SF1,-1,-0.06309337023826553
FOS,SF1,-1,-0.0690904022396215
EGR1,SF1,1,0.209773542414952
HOXB6,SF1,-1,-0.041166141665801584
BACH1,SF1,-1,-0.040528112933172426
ETV5,SF1,-1,-0.01481508067713508
POU3F2,SF1,1,0.12179866599091606
RFX3,SF1,-1,-0.07987687376361505
MAZ,SF1,-1,-0.042632900781747494
HOXA3,SF1,-1,-0.02357615919981213
HIC1,SF1,-1,-0.07827659304743478
RARG,SF1,1,0.01690045842721809
BCL6,SF1,1,0.2690107608335079
SREBF1,SF1,1,0.01865450132439041
NKX6-1,SF1,-1,-0.011593987099772687
HOXA9,SF1,1,0.02329160340619823
RFX5,SF1,1,0.07665819115331843
ZNF35,SF1,-1,-0.11402937882502849
ELK1,POU3F3,1,0.009485084705445086
HOXD10,POU3F3,-1,-0.005271684129134114
E2F1,POU3F3,1,0.05702232659932027
SOX21,POU3F3,1,0.13329458299815694
ZNF281,POU3F3,-1,-0.0009128553639878228
FOXJ1,POU3F3,1,0.019505928127516888
PLAG1,POU3F3,-1,-0.04998073984247278
SP1,POU3F3,1,0.1322474177708678
ZNF219,POU3F3,1,0.0728453420522635
ZBTB7B,POU3F3,1,0.02242197628837552
SP4,POU3F3,1,0.16222178133512166
E2F4,POU3F3,1,0.041615337106349286
NFYA,POU3F3,1,0.019438536576260875
TEAD3,POU3F3,-1,-0.06606027439771442
KLF15,POU3F3,1,0.10899495679611462
SOX2,POU3F3,1,0.11303282373551005
SRF,POU3F3,1,0.11680548595567253
EWSR1,POU3F3,1,0.06775054795772505
PATZ1,POU3F3,1,0.037825541875417916
TRAF4,POU3F3,1,0.02395907512653693
POU3F4,POU3F3,1,0.020421145025447247
MAFK,POU3F3,1,0.09634665830571408
ZBTB16,POU3F3,-1,-0.0249133827079938
TCF3,POU3F3,1,0.027925778991557383
E2F2,POU3F3,1,0.03650682653793838
HBP1,POU3F3,-1,-0.1804029670367376
PKNOX2,POU3F3,-1,-0.023242357883085877
SATB1,POU3F3,-1,-0.023628344459113295
FOXD3,POU3F3,-1,-0.023251368553202294
HOXD13,POU3F3,-1,-0.010700972835076547
SMAD4,POU3F3,-1,-0.06748976662465064
NKX3-1,POU3F3,-1,-0.06728686080948644
TGIF2,POU3F3,-1,-0.053126489879247736
POU3F2,POU3F3,1,0.05209908328275842
MAZ,POU3F3,-1,-0.07059342874270615
TTF1,POU3F3,-1,-0.021921127418677567
E2F3,POU3F3,-1,-0.09862441061221944
FLI1,POU3F3,-1,-0.012743055275189414
SOX1,POU3F3,1,0.08583241360687283
MSX2,POU3F3,-1,-0.06466160329638397
MSX1,POU3F3,-1,-0.02751575852735721
BCL6,POU3F3,-1,-0.04903015815334138
NKX6-1,POU3F3,-1,-0.13547768993535608
ZNF35,POU3F3,-1,-0.05354108421630363
TFAP4,POU3F3,-1,-0.030339722028425924
NRF1,EWSR1,1,0.276082732595265
SREBF2,EWSR1,1,0.2073707124223625
HOXD10,EWSR1,1,0.03958642593408014
E2F1,EWSR1,1,0.10417406289164764
MEF2A,EWSR1,1,0.11509495819026298
SOX9,EWSR1,-1,-0.0978923681956747
ZNF281,EWSR1,1,0.07207491891382731
FOXJ1,EWSR1,1,0.027006417460225318
PLAG1,EWSR1,-1,-0.015407531272804472
SP4,EWSR1,-1,-0.020155289881325453
NFYA,EWSR1,1,0.13213164524262971
SOX15,EWSR1,-1,-0.09690704462245206
KLF15,EWSR1,1,0.06335774287655052
PATZ1,EWSR1,1,0.26442437468977886
MAFK,EWSR1,1,0.017378134107201574
ZBTB16,EWSR1,-1,-0.09927836370360044
MYCN,EWSR1,-1,-0.05659381426021117
NFATC1,EWSR1,-1,-0.0030303225309978926
JUN,EWSR1,1,0.0232639354237764
SOX11,EWSR1,1,0.04963231320461457
HBP1,EWSR1,-1,-0.10899173866967675
SATB1,EWSR1,-1,-0.0431107107088702
MAF,EWSR1,-1,-0.0094087849106962
FOXD3,EWSR1,-1,-0.031435025256494144
IRF2,EWSR1,1,0.12543652145067719
LMO2,EWSR1,-1,-0.06661185467988039
FOXC1,EWSR1,1,0.04324041281700904
FOXO1,EWSR1,1,0.1189101552547362
FOXC2,EWSR1,-1,-0.14755306874158744
MAZ,EWSR1,-1,-0.10261573750578049
RORA,EWSR1,-1,-0.0972700602252263
PRDM4,EWSR1,1,0.26960452238497384
ETS2,EWSR1,1,0.0757743094714898
NR2F6,CEBPD,1,0.023715647948060112
ETV1,CEBPD,-1,-0.006524133912184436
MEOX2,CEBPD,1,0.07691606764831298
NRF1,CEBPD,-1,-0.018302826086546167
RARA,CEBPD,1,0.08447742460398595
IRF8,CEBPD,-1,-0.06591760918439822
MEF2A,CEBPD,-1,-0.13379194701634328
FOXJ1,CEBPD,1,0.05333766858563157
SP1,CEBPD,-1,-0.04062114075291042
E2F4,CEBPD,-1,-0.10983695081922715
SOX17,CEBPD,-1,-0.017547605969138805
HOXD9,CEBPD,-1,-0.03179745230714714
SOX15,CEBPD,1,0.094703921591983
ETV6,CEBPD,1,0.022768824307913507
KLF15,CEBPD,1,0.06410346862146628
SOX13,CEBPD,-1,-0.011021284206985173
SPI1,CEBPD,1,0.1262268924062378
POU3F3,CEBPD,-1,-0.003504244277020178
PATZ1,CEBPD,-1,-0.053564533332614114
POU3F4,CEBPD,-1,-0.027683580874642868
MAFK,CEBPD,1,0.0019773224419532367
ELK3,CEBPD,1,0.042231995098784704
IKZF1,CEBPD,-1,-0.023483772142540976
JUN,CEBPD,1,0.2806820380812988
NKX2-5,CEBPD,1,0.013918098473774981
RUNX1,CEBPD,1,0.08026224609593288
SOX11,CEBPD,-1,-0.010917331565997617
HOXB9,CEBPD,1,0.0022419998416560267
VENTX,CEBPD,1,0.008589578375166253
EMX2,CEBPD,-1,-0.009131009211889302
ZEB1,CEBPD,-1,-0.1144811898861829
ELK4,CEBPD,-1,-0.07572376144069147
EGR1,CEBPD,1,0.07814441165822247
IRF1,CEBPD,1,0.04714734322500359
SATB1,CEBPD,-1,-0.1519555207809951
PRRX1,CEBPD,-1,-0.04785788794102352
MAF,CEBPD,1,0.055121139444805775
TFAP2C,CEBPD,-1,-0.009097844812420125
ONECUT2,CEBPD,-1,-0.009658841488983647
FOXD3,CEBPD,1,0.021444830721388277
NR2E1,CEBPD,1,0.0447070274907159
PRDM1,CEBPD,1,0.09343079127909532
HOXA10,CEBPD,1,0.004025036888394535
FOXO1,CEBPD,1,0.0901312229536108
MEIS1,CEBPD,-1,-0.0465546081269804
DLX6,CEBPD,-1,-0.017803207136071492
HOXD11,CEBPD,1,0.014406756479503484
HOXB13,CEBPD,1,0.005980429349116648
MSX1,CEBPD,1,0.0737186626634118
MAFB,CEBPD,1,0.20745671199029683
SNAI2,CEBPD,1,0.04701944154325933
HIC1,CEBPD,1,0.1314192454991188
ETS2,CEBPD,1,0.03192810735997965
FOXO3,CEBPD,-1,-0.012637526393857861
BCL6,CEBPD,1,0.24496218783840748
TFAP2A,CEBPD,-1,-0.05504070986513268
PAX6,CEBPD,-1,-0.04113858732169308
ELK1,PPARG,1,0.0037115262614056134
AHR,PPARG,1,0.03159232170307813
STAT4,PPARG,1,0.19530921290709527
HMGA1,PPARG,1,0.02784743683124946
SOX17,PPARG,1,0.053799914499265966
HOXD9,PPARG,-1,-0.006250189358993304
SOX2,PPARG,-1,-0.12515891983644106
TRAF4,PPARG,1,0.024506382349201133
POU3F4,PPARG,1,0.03987122890487323
CEBPA,PPARG,1,0.31677458608875514
SOX11,PPARG,-1,-0.04342457737456722
EMX2,PPARG,-1,-0.05929922308522578
IRF1,PPARG,1,0.0663916888814148
RUNX2,PPARG,1,0.16297659030563386
PRRX1,PPARG,-1,-0.04490541087405643
HOXD13,PPARG,1,0.03065396907577843
HOXB6,PPARG,1,0.050465984733451895
BACH1,PPARG,1,0.04038705248849994
HOXA10,PPARG,1,0.06387967293117922
IRF7,PPARG,1,0.029662842320257767
POU3F2,PPARG,-1,-0.016626175655468995
SOX1,PPARG,1,0.010095548790337602
TEAD1,PPARG,-1,-0.010096363111574712
TBP,PPARG,1,0.05087804991427225
NKX6-1,PPARG,1,0.009464196574561061
EN1,PPARG,-1,-0.013106703446666035
MEF2D,ESR2,-1,-0.043651561719304906
ARNT,ESR2,1,0.04271975726308041
SOX18,ESR2,-1,-0.022992390833790614
MYBL2,ESR2,-1,-0.04826237130123973
ELF5,ESR2,1,0.22102619226620382
RARA,ESR2,-1,-0.03955353531123668
E2F1,ESR2,1,0.011741166319907376
ETS1,ESR2,-1,-0.07766171761987452
ZNF281,ESR2,-1,-0.08794094662987242
HMGA1,ESR2,1,0.0643771252903513
SOX17,ESR2,1,0.007271291583179063
LEF1,ESR2,1,0.023140873574721593
SPI1,ESR2,-1,-0.146615029260393
SRF,ESR2,1,0.0734135918901816
PATZ1,ESR2,-1,-0.041802919356465816
TCF3,ESR2,-1,-0.09121605755686739
ATF5,ESR2,-1,-0.09152178079744247
JUN,ESR2,1,0.04985123169528246
NKX2-5,ESR2,1,0.026026137201661304
STAT5A,ESR2,1,0.004332001692100358
RUNX1,ESR2,1,0.1334945320069127
ELF4,ESR2,1,0.052720608784039925
ZEB1,ESR2,-1,-0.01764611204623154
EGR1,ESR2,-1,-0.06207778562079032
RUNX2,ESR2,1,0.13253965322577768
NR2C2,ESR2,1,0.04814331102534912
MAX,ESR2,1,0.16527344837037
FOXD3,ESR2,1,0.07778038024785287
PRDM1,ESR2,1,0.13800049061194447
FOXO4,ESR2,-1,-0.010932517063757741
SMAD3,ESR2,-1,-0.012825975218903732
POU3F2,ESR2,1,0.07165342641628608
FEV,ESR2,1,0.07069627405181571
TCF7L2,ESR2,1,0.053213796782156944
TEAD4,ESR2,-1,-0.023500834798833657
HIC1,ESR2,1,0.0011256204393549228
BCL6,ESR2,1,0.01400125973225657
TFAP2A,ESR2,1,0.09560751483062865
ZNF35,ESR2,1,0.05882553522527193
SOX18,ATF7,1,0.023324509822032338
ELF5,ATF7,1,0.03733496697992204
ELK1,ATF7,1,0.007059510490777125
TFCP2,ATF7,1,0.01060329488044587
ZBTB33,ATF7,1,0.19957310485090907
PBX1,ATF7,1,0.038935797307968895
NFYA,ATF7,1,0.00728772452938398
GABPA,ATF7,1,0.04837584120003901
ZNF282,ATF7,-1,-0.052250064969357364
KLF15,ATF7,1,0.051485679997810355
SPI1,ATF7,1,0.08673495816134948
SOX2,ATF7,-1,-0.019854703223144383
SRF,ATF7,1,0.013876721343371479
POU3F3,ATF7,1,0.03764751229116287
CEBPA,ATF7,-1,-0.10002668792296428
TCF3,ATF7,1,0.1813139388450025
TAL1,ATF7,1,0.04469722804288117
SOX11,ATF7,-1,-0.02219630365684959
VENTX,ATF7,1,0.1108618464272605
EGR1,ATF7,1,0.08070258024754554
HOXC6,ATF7,1,0.047901593666678885
MAF,ATF7,1,0.055347959180424774
PRDM1,ATF7,1,0.024834791463556976
FOXC1,ATF7,1,0.05042498514929753
TCF7L2,ATF7,1,0.07395693710021498
VBP1,ATF7,1,0.010574452182673567
FOXP3,ATF7,1,0.28413936926125727
NFATC4,ATF7,1,0.10396377842692048
HLF,ATF7,1,0.07524493789505331
TBP,ATF7,1,0.02376654750621371
ZNF35,ATF7,-1,-0.1022968825904141
ERG,PATZ1,-1,-0.05657298220721693
ETV1,PATZ1,-1,-0.015554716483470385
MEF2D,PATZ1,-1,-0.021056465365877592
HSF1,PATZ1,1,0.016241512177276568
SOX18,PATZ1,1,0.06243522602057448
MYBL2,PATZ1,1,0.02872361941860811
ESRRG,PATZ1,-1,-0.056848503551182754
SREBF2,PATZ1,1,0.15196705280614609
ETS1,PATZ1,1,0.02055127014910047
IRF8,PATZ1,1,0.0012608354621333315
MEF2A,PATZ1,-1,-0.19534496410717586
SP1,PATZ1,1,0.08810572906636603
NEUROD1,PATZ1,1,0.02023301780023519
HMGA1,PATZ1,1,0.022450558278741223
ZNF219,PATZ1,1,0.2993444656862217
KLF11,PATZ1,-1,-0.03775310282889686
SP4,PATZ1,1,0.04056742395737455
SOX17,PATZ1,1,0.03365166264179144
PBX1,PATZ1,1,0.08446252356493855
ETV6,PATZ1,1,0.06659390301763457
STAT5B,PATZ1,1,0.0957933639671909
KLF15,PATZ1,1,0.024386142955499405
ELF1,PATZ1,-1,-0.04929478632412218
SPI1,PATZ1,1,0.005012832453537835
SOX2,PATZ1,1,0.015641162302537932
SRF,PATZ1,-1,-0.06432322032135099
EWSR1,PATZ1,1,0.21850136950812915
PPARG,PATZ1,-1,-0.009186637643665358
CEBPA,PATZ1,1,0.04166314647638773
ZBTB16,PATZ1,-1,-0.02844387699531465
NFKB1,PATZ1,-1,-0.17986838865645532
TCF3,PATZ1,1,0.03943197032312788
MYCN,PATZ1,1,0.07722719363653259
RFX2,PATZ1,-1,-0.0889466913741988
JUN,PATZ1,-1,-0.036780040585018534
TAL1,PATZ1,1,0.004309230592000991
STAT5A,PATZ1,-1,-0.03162084451466026
RUNX1,PATZ1,1,0.029076335625335705
SOX11,PATZ1,1,0.12668304724248497
ZEB1,PATZ1,1,0.022444263115337502
TFAP2B,PATZ1,-1,-0.011225890501612665
IRF1,PATZ1,1,0.003932226704922622
TFAP2C,PATZ1,-1,-0.10793844605114175
MAX,PATZ1,1,0.23124937612659616
FOXD3,PATZ1,1,0.06982109076605217
HOXD13,PATZ1,1,0.004408998318482424
BRCA1,PATZ1,-1,-0.1743287581439602
IRF2,PATZ1,-1,-0.01763984628886096
LMO2,PATZ1,1,0.02571045876713506
FOXO4,PATZ1,1,0.06886860513870997
SMAD4,PATZ1,1,0.06462802168368113
NF1,PATZ1,1,0.03282188172615575
FOXC1,PATZ1,1,0.05228337257336032
SMAD3,PATZ1,1,0.07426409137984129
FOXO1,PATZ1,1,0.062497507146926305
NKX3-1,PATZ1,-1,-0.04517212584796032
RFX3,PATZ1,1,0.0010762930905412454
HOXA4,PATZ1,-1,-0.010537295702112601
TBX5,PATZ1,1,0.1114600747777285
MAFB,PATZ1,1,0.04131928806906739
ARID3A,PATZ1,-1,-0.006160297946621673
TBP,PATZ1,-1,-0.025033648656671396
FOXO3,PATZ1,1,0.006811478988724151
PPARA,PATZ1,1,0.06046003268453312
PAX6,PATZ1,-1,-0.04536854184165184
ZNF35,PATZ1,-1,-0.07973024997783533
ERG,TBX2,1,0.5299613558025185
NR1H2,TBX2,1,0.13133406875303813
TFCP2,TBX2,1,0.011284832414714455
RARA,TBX2,1,0.15459219923971732
SREBF2,TBX2,-1,-0.11302323365117209
ELF3,TBX2,-1,-0.0025106280738458153
ETS1,TBX2,1,0.033488216726077775
IRF8,TBX2,-1,-0.060572217349944155
AHR,TBX2,-1,-0.0040155517077418105
TP53,TBX2,-1,-0.09397067597671202
SP4,TBX2,-1,-0.03356851885702933
SOX4,TBX2,1,0.001958856160094885
GBX2,TBX2,1,0.02052115516286963
NFYA,TBX2,1,0.022656662796792165
ZNF282,TBX2,1,0.18518270840265166
SOX15,TBX2,-1,-0.027974861725870506
KLF15,TBX2,1,0.017774518818207994
SPI1,TBX2,-1,-0.027991953535378703
SOX2,TBX2,-1,-0.09138237701449796
SRF,TBX2,-1,-0.07678826895601257
EWSR1,TBX2,1,0.08051980033670275
ESR2,TBX2,1,0.22207020495187668
MAFK,TBX2,1,0.07545159724010181
VDR,TBX2,-1,-0.28516518758658993
SOX12,TBX2,1,0.22002696243628905
STAT5A,TBX2,-1,-0.0024477656203264232
SOX11,TBX2,1,0.06253055754013231
ELF4,TBX2,1,0.051576005870884685
TFAP2B,TBX2,-1,-0.05923301473713819
EGR1,TBX2,1,0.07181714227028707
MAF,TBX2,1,0.044512690671732476
TFAP2C,TBX2,1,0.058157321116212295
FOXD3,TBX2,1,0.07782337441595298
NR2E1,TBX2,1,0.15256754682814688
IRF2,TBX2,-1,-0.0033208823009891696
HOXB6,TBX2,-1,-0.05569486589230576
PRDM1,TBX2,1,0.14322930517985155
FOXO4,TBX2,-1,-0.1543979413891009
HOXA10,TBX2,-1,-0.08397608346139847
CDC5L,TBX2,1,0.050492389660544
FOXC2,TBX2,1,0.16145351850988662
NKX3-1,TBX2,-1,-0.1929973481970522
TGIF2,TBX2,1,0.17391979269763444
MEIS1,TBX2,1,0.05762379948809182
IRF7,TBX2,-1,-0.05604840868624423
HOXD11,TBX2,-1,-0.08643215954975113
ZSCAN16,TBX2,-1,-0.17290681528629573
TTF1,TBX2,-1,-0.04892704423135666
RORA,TBX2,1,0.0778464801200821
SOX1,TBX2,-1,-0.043507750528981703
HOXB13,TBX2,1,0.05467572536761209
HOXA3,TBX2,-1,-0.04683759075532887
AR,TBX2,-1,-0.05773330604580114
MAFB,TBX2,-1,-0.03862054385702005
RARG,TBX2,1,0.050480654070843387
ARID3A,TBX2,1,0.22363658407917167
TBP,TBX2,-1,-0.023655878698598014
ELF2,TBX2,-1,-0.24381608168920635
FOXO3,TBX2,-1,-0.12342676189436094
ASCL2,TBX2,-1,-0.03206114776901355
TFAP2A,TBX2,1,0.10744000402346078
HOXA9,TBX2,-1,-0.15167999187025297
ZNF35,TBX2,1,0.050763045006070664
NR2F6,TRAF4,1,0.1577796578244632
REL,TRAF4,-1,-0.19310201367560967
MEF2D,TRAF4,-1,-0.03857301671302476
SOX18,TRAF4,1,0.0429963762531313
NR1H2,TRAF4,-1,-0.10477538705270227
MYBL2,TRAF4,1,0.3309951790692681
HOXC10,TRAF4,-1,-0.015392595144876273
RELA,TRAF4,-1,-0.012575629402534238
FOSL1,TRAF4,-1,-0.21194751167789203
RARA,TRAF4,1,0.22270831337419772
CNOT3,TRAF4,-1,-0.0720555628607579
HOXD10,TRAF4,-1,-0.1524189183061634
E2F1,TRAF4,-1,-0.06793358200374058
MEF2A,TRAF4,-1,-0.035657215334783464
SOX9,TRAF4,1,0.08838733501679956
ZNF281,TRAF4,1,0.0763592719097687
TRIM28,TRAF4,1,0.12644939658277843
SP1,TRAF4,-1,-0.01160435310403588
NEUROD1,TRAF4,-1,-0.049293663286365065
HMGA1,TRAF4,1,0.16812153753549156
ZNF219,TRAF4,1,0.07137186807225367
SP4,TRAF4,1,0.07099342692533271
E2F4,TRAF4,1,0.05219460818407127
SOX4,TRAF4,-1,-0.041300826789473825
PBX1,TRAF4,-1,-0.17883283279510795
RXRA,TRAF4,-1,-0.19612859061351712
HOXD9,TRAF4,1,0.020408583629090954
SOX15,TRAF4,1,0.06761176092353384
KLF15,TRAF4,1,0.08700770367253266
JDP2,TRAF4,1,0.007471841698850437
SPI1,TRAF4,-1,-0.08252614367148538
SOX2,TRAF4,1,0.05908701435051517
SRF,TRAF4,-1,-0.26711553921232933
EWSR1,TRAF4,1,0.1593626399220865
PPARG,TRAF4,1,0.08398900817474705
ATF7,TRAF4,-1,-0.037067111045004854
MAFK,TRAF4,1,0.014631686537157781
MZF1,TRAF4,1,0.11194297023527963
RFX2,TRAF4,-1,-0.10799979172240147
NKX2-5,TRAF4,1,0.04417044746328435
SOX11,TRAF4,1,0.044770146233684194
PLAGL1,TRAF4,-1,-0.06017868212577358
FOS,TRAF4,-1,-0.046892172714153066
TFAP2B,TRAF4,-1,-0.3162787060369665
EGR1,TRAF4,1,0.1968096142415209
IRF1,TRAF4,1,0.004358406377090439
NR2C2,TRAF4,1,0.04513139493768344
HOXD13,TRAF4,1,0.023096374671125235
HOXB6,TRAF4,-1,-0.014635394462988897
LMO2,TRAF4,1,0.10496797377522499
HOXA10,TRAF4,-1,-0.0931216855941447
ATF2,TRAF4,1,0.011353122655013297
FOXO1,TRAF4,-1,-0.038148222153852225
RFX3,TRAF4,1,0.006518634369526166
HOXD11,TRAF4,1,0.09126894176420108
E2F3,TRAF4,1,0.11533311830629167
RORA,TRAF4,1,0.18505565226455464
HOXB13,TRAF4,1,0.06217165059627322
TBX5,TRAF4,-1,-0.04392337879001963
TEAD4,TRAF4,-1,-0.08427006314322247
SIX6,TRAF4,1,0.05694647103820728
MAFB,TRAF4,-1,-0.13055200597507954
NR4A1,TRAF4,1,0.1315858292676007
RARG,TRAF4,1,0.10659157641817732
TEAD1,TRAF4,-1,-0.15126548653011732
FOXO3,TRAF4,-1,-0.10373165345392268
BCL6,TRAF4,-1,-0.15592168859290176
ASCL2,TRAF4,1,0.00688111212309096
TFAP2A,TRAF4,1,0.3238529416334326
HOXA9,TRAF4,-1,-0.015901938850710114
OSR2,TRAF4,-1,-0.08543706902180452
RFX5,TRAF4,1,0.04565970622249502
CPEB1,TRAF4,-1,-0.10731226481242645
EN1,TRAF4,1,0.055217016072507306
ZNF35,TRAF4,1,0.18712290800508635
ERG,POU3F4,1,0.1270678705378973
ELF5,POU3F4,1,0.11078805426958938
SOX21,POU3F4,1,0.3099126267583062
AHR,POU3F4,-1,-0.07074806104218179
SOX9,POU3F4,1,0.056119566326901675
GABPA,POU3F4,1,0.10705560797657776
SPI1,POU3F4,1,0.005157465079197531
SRF,POU3F4,-1,-0.013183772589310104
TCF3,POU3F4,1,0.005848131185017851
MZF1,POU3F4,1,0.016942378267363476
SOX12,POU3F4,1,0.06399678031111686
TFAP2B,POU3F4,1,0.022085329742110752
POU3F2,POU3F4,1,0.14135063216400326
SOX1,POU3F4,1,0.09940701990227667
AR,POU3F4,1,0.16345105489278677
FOXO3,POU3F4,-1,-0.09138682407760462
BCL6,POU3F4,-1,-0.02582384737193307
PAX6,POU3F4,1,0.08329507773451261
ZNF35,POU3F4,-1,-0.08615051589940977
MEF2D,CEBPA,-1,-0.18383098390621222
HSF1,CEBPA,-1,-0.0404787347787827
ELF3,CEBPA,-1,-0.001185619672791283
ARID5A,CEBPA,-1,-0.016300848211533582
SOX21,CEBPA,-1,-0.03131777011922791
CTF1,CEBPA,-1,-0.08000109437515229
MEF2A,CEBPA,1,0.277739511575592
ZNF281,CEBPA,-1,-0.03316641244631433
PLAG1,CEBPA,1,0.1111235799853111
HMGA1,CEBPA,-1,-0.024694451456838587
ZNF219,CEBPA,1,0.08751880528755303
TP53,CEBPA,1,0.02324375519253641
SOX4,CEBPA,1,0.003430694620312921
GBX2,CEBPA,-1,-0.013549114592895432
SIRT6,CEBPA,1,0.012980627490013944
GATA6,CEBPA,-1,-0.04174298186068953
KLF15,CEBPA,1,0.011782839213021793
SPI1,CEBPA,1,0.3859871836318622
SRF,CEBPA,-1,-0.11974591478110201
EWSR1,CEBPA,-1,-0.025810822210646348
PPARG,CEBPA,1,0.17390232425935792
ESR2,CEBPA,1,0.019196149782020114
MAFK,CEBPA,1,0.05898465787766836
TCF3,CEBPA,-1,-0.012181644302356744
RFX2,CEBPA,1,0.04307499995544183
TAL1,CEBPA,1,0.14723135046976332
RUNX1,CEBPA,-1,-0.11053595947634264
SOX11,CEBPA,1,0.07091496431205338
ELF4,CEBPA,1,0.04579843376285271
VENTX,CEBPA,-1,-0.21383836519931768
EGR1,CEBPA,1,0.04930932366736411
IRF1,CEBPA,1,0.0022156867770014984
SATB1,CEBPA,1,0.13018303657629168
HOXC6,CEBPA,1,0.03908667445495402
TFAP2C,CEBPA,1,0.01852470116240108
MAX,CEBPA,1,0.07418237390480768
HOXD13,CEBPA,-1,-0.01251864494306432
HOXB6,CEBPA,1,0.019647775371033554
FOXO4,CEBPA,1,0.05311648448183249
SMAD4,CEBPA,-1,-0.0052231657533482155
NF1,CEBPA,-1,-0.044825677468411075
FOXC1,CEBPA,1,0.11819161227797037
SMAD3,CEBPA,1,0.037500893246164575
FOXO1,CEBPA,-1,-0.12319789449417762
RFX3,CEBPA,-1,-0.00854039196496118
TTF1,CEBPA,-1,-0.08043439335319952
ARID3A,CEBPA,1,0.02440587667126304
TBP,CEBPA,-1,-0.05436853224239866
FOXO3,CEBPA,1,0.024208960676604777
SREBF1,CEBPA,1,0.030073901154805606
NKX6-1,CEBPA,1,0.020537279701210002
ASCL2,CEBPA,1,0.14845293044514432
TFAP2A,CEBPA,-1,-0.07071857278196313
PAX6,CEBPA,1,0.047324977619693204
ZNF35,CEBPA,1,0.06531715718937867
NR2F6,MAFK,1,0.013471732526450852
MEF2D,MAFK,1,0.30400051177787335
HSF1,MAFK,1,0.018230017000584922
ESRRG,MAFK,1,0.07048364802732651
ARID5A,MAFK,1,0.09903426049967858
SOX21,MAFK,-1,-0.09216703339866994
ZNF281,MAFK,-1,-0.21269079945744973
FOXJ1,MAFK,-1,-0.00945835043732046
SP1,MAFK,1,0.03487878872085353
TP53,MAFK,-1,-0.01829052708631962
KLF11,MAFK,1,0.03286227797717625
HOXC13,MAFK,-1,-0.040873117350513063
HOXD9,MAFK,-1,-0.015579504637954045
KLF15,MAFK,1,0.06775720752254462
SPI1,MAFK,-1,-0.04181658516691972
SRF,MAFK,1,0.4333204421308377
SF1,MAFK,-1,-0.05458355296866338
PATZ1,MAFK,-1,-0.10405306995998143
CEBPA,MAFK,1,0.10481769569938446
MYCN,MAFK,-1,-0.13492300722125816
RFX2,MAFK,1,0.31830511041822585
NFATC1,MAFK,1,0.04992454262337077
JUN,MAFK,1,0.0648723269642662
TAL1,MAFK,1,0.005824169776812849
RUNX1,MAFK,1,0.06953191846790881
EGR1,MAFK,-1,-0.13578880915749425
TFAP2C,MAFK,1,0.03526119587481431
PRDM1,MAFK,1,0.022737804030058414
KLF12,MAFK,1,0.08496147097620868
FOXO4,MAFK,1,0.023028946609455245
BACH1,MAFK,1,0.001217174311581331
NKX2-2,MAFK,1,0.04986065102186965
FOXO1,MAFK,-1,-0.15257834372162463
MEIS1,MAFK,-1,-0.018609658292842023
IRF7,MAFK,1,0.014059195080294445
RFX3,MAFK,-1,-0.05669900194439596
FLI1,MAFK,-1,-0.13587992977987604
IRF5,MAFK,1,0.08139910200375766
TBX5,MAFK,-1,-0.0062008920666990625
HOXA3,MAFK,1,0.07249740436758646
NR4A1,MAFK,1,0.022055394671309497
FOXM1,MAFK,-1,-0.0008948422611356776
BCL6,MAFK,1,0.029259295600027015
ASCL2,MAFK,1,0.020221003133872338
TFAP2A,MAFK,-1,-0.007356836944379672
TBR1,MAFK,1,0.14318002639205185
ZNF35,MAFK,1,0.0021563797510839623
TFCP2,ZBTB16,-1,-0.1304484404784977
ESRRG,ZBTB16,1,0.0723622707715647
HEY2,ZBTB16,-1,-0.02403024646626402
IRF8,ZBTB16,-1,-0.16769061021073114
SOX9,ZBTB16,-1,-0.06799524949703396
ZNF281,ZBTB16,-1,-0.1476874149938229
FOXJ1,ZBTB16,-1,-0.05676953432412992
SP1,ZBTB16,-1,-0.0414278963382821
ZNF219,ZBTB16,1,0.037875469752419615
TP53,ZBTB16,-1,-0.050748233419407894
KLF11,ZBTB16,1,0.028307489337379317
HOXC13,ZBTB16,1,0.03062895034075991
SOX17,ZBTB16,-1,-0.18049557109616185
HOXD9,ZBTB16,1,0.00967356381351037
KLF15,ZBTB16,1,0.15507914822030008
SPI1,ZBTB16,1,0.056688315707983716
EWSR1,ZBTB16,-1,-0.036870230813715155
PPARG,ZBTB16,-1,-0.026936186400379623
PATZ1,ZBTB16,1,0.0014296592862625516
TBX2,ZBTB16,1,0.04641334595634056
TCF3,ZBTB16,-1,-0.1313257005131073
ATF5,ZBTB16,-1,-0.14012443908393707
SOX12,ZBTB16,-1,-0.029180850434020175
E2F2,ZBTB16,1,0.07092760495348077
JUN,ZBTB16,1,0.09253592945575383
TAL1,ZBTB16,1,0.0030163274928863533
EGR1,ZBTB16,-1,-0.043043541086289064
IRF1,ZBTB16,1,0.006551921935895475
RUNX2,ZBTB16,1,0.043655214214776396
NR2C2,ZBTB16,1,0.11868865449490332
SATB1,ZBTB16,1,0.34066944675164096
FOXD3,ZBTB16,-1,-0.008073374307072513
IRF2,ZBTB16,-1,-0.01001806781147075
HOXB6,ZBTB16,-1,-0.014747652688225827
POU4F1,ZBTB16,-1,-0.006505818485886339
PRDM1,ZBTB16,-1,-0.05102176263030368
SMAD4,ZBTB16,-1,-0.0703002035002275
FOXC1,ZBTB16,-1,-0.025967629815302824
SMAD3,ZBTB16,1,0.01293824948998161
CDC5L,ZBTB16,1,0.15210747122987717
FOXO1,ZBTB16,1,0.5225467262966786
FOXC2,ZBTB16,1,0.03553540694449813
IRF7,ZBTB16,1,0.034176447303466605
PITX1,ZBTB16,1,0.0036958509404366414
MAZ,ZBTB16,1,0.16817640713073848
ETV3,ZBTB16,-1,-0.0014936538059798488
TTF1,ZBTB16,-1,-0.0678097164000089
FLI1,ZBTB16,1,0.19341311233220843
IRF5,ZBTB16,1,0.014520378619539037
SOX1,ZBTB16,1,0.03601461667424678
ZNF232,ZBTB16,1,0.023281738990718982
AR,ZBTB16,-1,-0.030664744691027385
TEAD4,ZBTB16,-1,-0.07435884622894748
RUNX3,ZBTB16,-1,-0.040696005148572655
BCL6,ZBTB16,1,0.3256218528897429
NKX6-1,ZBTB16,-1,-0.028658127545201535
TFAP2A,ZBTB16,-1,-0.13594160002103847
TBR1,ZBTB16,-1,-0.05804673894795736
CPEB1,ZBTB16,1,0.2766490057944333
ZNF35,ZBTB16,-1,-0.09233720252632047
ETV1,NFKB1,1,0.06450476064650586
REL,NFKB1,1,0.13519351256818402
NFKB2,NFKB1,1,0.0636028562685671
HSF1,NFKB1,-1,-0.03169069911438023
ELF5,NFKB1,1,0.12058521204897484
MEOX2,NFKB1,1,0.008007621314432663
HOXC10,NFKB1,1,0.004810070796973845
RELA,NFKB1,1,0.16723652514691167
ELF3,NFKB1,1,0.029790846028175638
SOX21,NFKB1,-1,-0.02411863574749062
ETS1,NFKB1,-1,-0.004149487975860249
IRF8,NFKB1,1,0.1851947120098109
MEF2A,NFKB1,-1,-0.0660389037625699
ZNF281,NFKB1,1,0.18812231829231182
FOXJ1,NFKB1,-1,-0.028280037418485237
STAT4,NFKB1,-1,-0.007445942665157996
SP1,NFKB1,-1,-0.0945289735543158
HMGA1,NFKB1,1,0.020617685422787482
ZNF219,NFKB1,1,0.09013816928636394
TP53,NFKB1,1,0.045700039877945006
HOXC13,NFKB1,1,0.0009884921140292497
SOX4,NFKB1,-1,-0.046382366702862464
GBX2,NFKB1,1,0.03355314833651868
GABPA,NFKB1,1,0.024456130399265485
HOXD9,NFKB1,1,0.012015639854501749
TEAD3,NFKB1,1,0.00347398757705256
KLF15,NFKB1,1,0.017536540058555823
ELF1,NFKB1,1,0.1157998317732514
SPI1,NFKB1,-1,-0.057690422783454695
SOX2,NFKB1,-1,-0.019099975734311835
SRF,NFKB1,1,0.024685168682697798
POU3F3,NFKB1,1,0.07454309970853101
EWSR1,NFKB1,1,0.11437867778311021
CEBPD,NFKB1,1,0.026597345381264025
PATZ1,NFKB1,-1,-0.10936179528901266
TRAF4,NFKB1,-1,-0.038203196956043295
CEBPA,NFKB1,-1,-0.012680957116479053
MAFK,NFKB1,1,0.006090809466317699
VDR,NFKB1,1,0.24840152249854802
MZF1,NFKB1,-1,-0.020156489413225093
ATF5,NFKB1,-1,-0.02716517382195498
SOX12,NFKB1,-1,-0.09540683798093398
CEBPG,NFKB1,1,0.0572593221453603
TAL1,NFKB1,-1,-0.07918531332715192
HOXB9,NFKB1,-1,-0.015885407049543603
ELF4,NFKB1,1,0.14226125178479082
HOXC11,NFKB1,-1,-0.06126679040407719
NR5A2,NFKB1,-1,-0.0730612986082614
ZEB1,NFKB1,1,0.0917535205573494
EGR1,NFKB1,-1,-0.01970291396084765
IRF1,NFKB1,1,0.025732725139565035
FOXF2,NFKB1,1,0.0004694688652057992
SATB1,NFKB1,-1,-0.09986602272713506
FOXD3,NFKB1,1,0.031703371448555846
HOXD13,NFKB1,-1,-0.006622703471244225
NR2E1,NFKB1,1,0.04000858157934155
HOXB6,NFKB1,1,0.0042077730599254905
POU4F1,NFKB1,-1,-0.04047509288618546
SMAD4,NFKB1,1,0.07718053290026551
FOXC1,NFKB1,-1,-0.06782593479205103
HOXA10,NFKB1,-1,-0.03088011769733279
SMAD3,NFKB1,1,0.050351466488733045
FOXO1,NFKB1,-1,-0.028662985159418782
NKX3-1,NFKB1,-1,-0.047990531720588474
POU3F2,NFKB1,-1,-0.038123712850438425
HOXD11,NFKB1,-1,-0.028180765462643583
VBP1,NFKB1,-1,-0.11660134498478834
FLI1,NFKB1,1,0.038725272548603064
SOX1,NFKB1,-1,-0.045115037052770875
HOXA3,NFKB1,1,0.030311382946530033
MSX2,NFKB1,-1,-0.004235151603097902
ZNF350,NFKB1,-1,-0.04793764186263532
FOXP3,NFKB1,-1,-0.17617712837897345
TEAD4,NFKB1,1,0.0010421973992164155
MSX1,NFKB1,1,0.03357938275773858
TEAD1,NFKB1,-1,-0.004096549776868381
TBP,NFKB1,-1,-0.02962264554940382
ELF2,NFKB1,1,0.15903531233413165
FOXO3,NFKB1,1,0.038352832077550414
NKX6-1,NFKB1,1,0.031480528280018315
TFAP2A,NFKB1,1,0.030171399336644648
HOXA9,NFKB1,1,0.02842461760829752
ETV1,TFE3,-1,-0.028232278566669617
KLF13,TFE3,1,0.08662364935030346
RELA,TFE3,1,0.2429671891696339
FOSL1,TFE3,1,0.07216285196601491
SREBF2,TFE3,1,0.008238105981339786
ELF3,TFE3,1,0.028178708438564654
ERF,TFE3,-1,-0.05670779228356004
ETS1,TFE3,-1,-0.0013561905554758092
MEF2A,TFE3,1,0.077900614673134
SOX9,TFE3,1,0.17060466341671332
ZNF281,TFE3,1,0.014425761505295486
SP4,TFE3,-1,-0.06537625090825334
SOX17,TFE3,-1,-0.033468584469601784
GABPA,TFE3,1,0.06080121637349518
ZNF282,TFE3,1,0.08950359895793446
TEAD3,TFE3,1,0.031054334434587588
LEF1,TFE3,-1,-0.0023887923393246667
KLF15,TFE3,1,0.01669778800236511
JDP2,TFE3,1,0.004330467326355425
SPI1,TFE3,1,0.15388130032095224
SOX2,TFE3,1,0.010180638962736487
POU3F3,TFE3,1,0.020179489354729994
EWSR1,TFE3,1,0.010591168864626275
CEBPA,TFE3,-1,-0.06639978131589112
MAFK,TFE3,1,0.015502851783327994
MZF1,TFE3,-1,-0.039536841691014575
JUN,TFE3,1,0.06014947857727604
FOS,TFE3,-1,-0.06483902271836864
ZEB1,TFE3,-1,-0.008620659403596834
EGR1,TFE3,1,0.0717659135264515
SATB1,TFE3,1,0.05566118310203119
MAF,TFE3,1,0.18162030512655344
KLF12,TFE3,-1,-0.02778092760429121
BACH1,TFE3,-1,-0.1354630628522105
FOXC1,TFE3,1,0.04150699875020702
FOXO1,TFE3,1,0.07980815559505416
MAZ,TFE3,1,0.005123821523163857
HOXA3,TFE3,-1,-0.052901339389384676
MAFB,TFE3,1,0.03479125060099738
SNAI2,TFE3,-1,-0.05163784191653997
TEAD1,TFE3,1,0.016925888733650987
SREBF1,TFE3,1,0.07210543829119934
SOX18,TCF3,-1,-0.008188085506689407
MEOX2,TCF3,1,0.08984968476536741
LHX6,TCF3,1,0.02306737714655493
CNOT3,TCF3,1,0.1608997127826297
ELF3,TCF3,-1,-0.10613392199657291
E2F1,TCF3,1,0.1496316519946724
IRF8,TCF3,1,0.0011054553155673526
ZNF281,TCF3,-1,-0.06758593383538082
PLAG1,TCF3,-1,-0.005334868334196045
STAT4,TCF3,-1,-0.06129838714263902
TRIM28,TCF3,1,0.09193234049615112
SP1,TCF3,1,0.09406215813419941
ZNF219,TCF3,1,0.1260849453056841
SP4,TCF3,-1,-0.019188778397571007
SOX4,TCF3,1,0.16562683948367857
GBX2,TCF3,1,0.07690437144640447
KLF15,TCF3,1,0.06252768576952389
SPI1,TCF3,-1,-0.04134097980889602
SOX2,TCF3,1,0.026149218188068334
SRF,TCF3,1,0.17445121526726534
PATZ1,TCF3,1,0.027529581309168452
ZBTB16,TCF3,-1,-0.06106369334989624
NFKB1,TCF3,1,0.07716701688083775
IKZF1,TCF3,-1,-0.11780178074435853
SOX12,TCF3,1,0.13493646651234784
TAL1,TCF3,1,0.0041000001910758066
STAT5A,TCF3,1,0.018979517145270682
RUNX1,TCF3,1,0.07178137380055008
SOX11,TCF3,1,0.007296984855295429
PLAGL1,TCF3,-1,-0.003948027414384685
HOXB3,TCF3,1,0.103496560721637
EGR1,TCF3,-1,-0.0651156027221782
RUNX2,TCF3,-1,-0.07911789249023338
SATB1,TCF3,-1,-0.14108150594447483
PRRX1,TCF3,-1,-0.008225146214390943
VAX2,TCF3,1,0.004928065477654015
TFAP2C,TCF3,-1,-0.08216809152543769
NR2E1,TCF3,-1,-0.06483784765657641
FOXO4,TCF3,1,0.07024758978653092
BACH1,TCF3,-1,-0.00484059481822095
FOXO1,TCF3,1,0.08251344250440452
IRF7,TCF3,1,0.018151449766637177
DLX6,TCF3,1,0.0208902562295004
MAZ,TCF3,1,0.053598888376070866
TCF7L2,TCF3,1,0.02286875805302398
HOXB2,TCF3,-1,-0.05198214526308364
SOX1,TCF3,1,0.04718032663770267
HOXA3,TCF3,-1,-0.016009671255731932
AR,TCF3,1,0.04596104507041441
HIC1,TCF3,1,0.24654830412407333
RUNX3,TCF3,1,0.02859132797987457
TBP,TCF3,1,0.008462022007224497
FOXO3,TCF3,-1,-0.039226418441628996
BCL6,TCF3,1,0.07651556539874607
TFAP2A,TCF3,-1,-0.11846350345138332
PAX6,TCF3,-1,-0.1053984714913641
EN1,TCF3,-1,-0.00208557356451176
ZNF35,TCF3,-1,-0.048938825025362495
SOX18,MYCN,1,0.006090740614884397
MYBL2,MYCN,1,0.10082796228456571
HOXD10,MYCN,-1,-0.054981813441599976
E2F1,MYCN,1,0.07905029675707746
SOX21,MYCN,1,0.06339916861693262
FOXJ1,MYCN,1,0.030832735304310153
TRIM28,MYCN,-1,-0.06891965378542034
SP1,MYCN,-1,-0.0039855598420348816
SP4,MYCN,1,0.08408046633358433
HOXC13,MYCN,1,0.0059624109539846756
E2F4,MYCN,1,0.03356383948894994
STAT5B,MYCN,1,0.11426550140626841
POU3F3,MYCN,1,0.09631610095450063
EWSR1,MYCN,-1,-0.06017439453828903
PATZ1,MYCN,1,0.08618994229325375
TRAF4,MYCN,-1,-0.028848542800685377
POU3F4,MYCN,-1,-0.0316896652360536
ZBTB16,MYCN,-1,-0.021555121251251284
TCF3,MYCN,1,0.03852396156883768
SOX12,MYCN,-1,-0.007079313283929827
NFATC1,MYCN,-1,-0.1327279418922578
TAL1,MYCN,1,0.15449955741717902
STAT5A,MYCN,-1,-0.24728187119330255
RUNX1,MYCN,-1,-0.1436588657199187
HOXB3,MYCN,1,0.07497870401644216
RUNX2,MYCN,-1,-0.10802504096055096
ONECUT2,MYCN,1,0.3249871673961674
HOXD13,MYCN,1,0.04471375098680803
POU4F1,MYCN,-1,-0.027007686469442023
HOXA10,MYCN,-1,-0.019967415036421222
TGIF2,MYCN,-1,-0.03232216384933199
POU3F2,MYCN,1,0.01330949725149718
MAZ,MYCN,1,0.03654416060239517
HOXB2,MYCN,1,0.048784821340427484
E2F3,MYCN,-1,-0.01846631258865367
SOX1,MYCN,1,0.05976852602041837
HOXB13,MYCN,1,0.03152919018235645
INSM1,MYCN,1,0.10659835898635064
HOXA3,MYCN,-1,-0.05606306484725906
MSX1,MYCN,1,0.003934499832278774
TBP,MYCN,1,0.05805511095368723
TFAP4,MYCN,1,0.5016310156592528
ETV1,ELK3,1,0.018742368312843698
BRF1,ELK3,-1,-0.15439384666446634
HSF1,ELK3,1,0.11975836964944422
SOX18,ELK3,1,0.03284119855740143
NR1H2,ELK3,1,0.0016695748239160036
ELF5,ELK3,-1,-0.025404441543869512
MEOX2,ELK3,1,0.0009523750264770846
ELK1,ELK3,1,0.06419442867336138
FOSL1,ELK3,1,0.14511098284004567
ELF3,ELK3,-1,-0.11349896808550172
HOXD10,ELK3,1,0.009144330529007892
ARID5A,ELK3,1,0.06096349086573829
ETS1,ELK3,1,0.004719545317156195
IRF8,ELK3,-1,-0.017690501628712527
SOX9,ELK3,-1,-0.018901915425602274
FOXJ1,ELK3,1,0.012923562484483082
TRIM28,ELK3,-1,-0.008543809127686324
SP1,ELK3,1,0.15700943011929497
HMGA1,ELK3,1,0.0538391175512915
TP53,ELK3,-1,-0.002329473282616864
SOX4,ELK3,1,0.01841854645373937
SOX17,ELK3,-1,-0.017274678237608792
GABPA,ELK3,1,0.20649253907013093
SOX15,ELK3,1,0.043710307428537265
KLF15,ELK3,1,0.031180010012996598
SOX13,ELK3,-1,-0.0323897943674599
JDP2,ELK3,1,0.07661946809496996
SPI1,ELK3,1,0.22722104345725935
SOX2,ELK3,-1,-0.14047978191452265
SRF,ELK3,-1,-0.0859397416411822
THRA,ELK3,1,0.0021542442200440702
POU3F3,ELK3,-1,-0.03785788341837207
PPARG,ELK3,1,0.02205087672931882
POU3F4,ELK3,1,0.008173482607284531
CEBPA,ELK3,-1,-0.15571644446735192
NFKB1,ELK3,-1,-0.02115130684186087
TCF3,ELK3,1,0.02276187826830941
IKZF1,ELK3,-1,-0.10239723912511205
ATF5,ELK3,1,0.060399239668936004
NFATC1,ELK3,1,0.10294044976520968
JUN,ELK3,1,0.037048597817538685
STAT5A,ELK3,1,0.06848459801595841
RUNX1,ELK3,1,0.14373665766992688
HBP1,ELK3,1,0.0729452713832858
FOS,ELK3,-1,-0.09388018434441624
HOXB3,ELK3,1,0.1415467749722778
ELK4,ELK3,1,0.15126955767378927
EGR1,ELK3,1,0.07650558411620338
IRF1,ELK3,-1,-0.1497379797942001
FOXF2,ELK3,1,0.0012714771240400408
PKNOX2,ELK3,1,0.05012963574487841
HOXC6,ELK3,-1,-0.044498657107556704
PRRX1,ELK3,1,0.09534254105948689
ONECUT2,ELK3,-1,-0.06664624570686326
FOXD3,ELK3,-1,-0.056473909402583775
LMO2,ELK3,1,0.056184282459116504
FOXO4,ELK3,-1,-0.03522463516411576
NKX2-2,ELK3,1,0.0035760543092907527
FOXC1,ELK3,1,0.04712986002678093
HOXA10,ELK3,-1,-0.011541573071276106
SMAD3,ELK3,1,0.07735888553295507
FOXC2,ELK3,1,0.08315424847435796
NR2F1,ELK3,1,0.02624228360447778
IRF7,ELK3,-1,-0.013162272754199913
PITX1,ELK3,-1,-0.0189289782677815
POU3F2,ELK3,1,0.03338028746799052
MAZ,ELK3,-1,-0.23626876208199088
TCF7L2,ELK3,1,0.004914072904490081
RORA,ELK3,1,0.00447247040731107
FLI1,ELK3,1,0.11541002267189977
HOXA4,ELK3,-1,-0.03304678940202136
SOX1,ELK3,-1,-0.04467516722268754
HOXB13,ELK3,1,0.05247813415941447
TBX5,ELK3,-1,-0.07024065937521114
FOXP3,ELK3,-1,-0.19857442266771277
MSX1,ELK3,1,0.013377310087739555
PEG10,ELK3,1,0.019188298509523503
ARID3A,ELK3,-1,-0.1255720895248059
HOXC4,ELK3,1,0.11714155543105095
ELF2,ELK3,-1,-0.027368164324142172
FOXO3,ELK3,-1,-0.012708098029279583
PPARA,ELK3,-1,-0.00843971869327561
BCL6,ELK3,-1,-0.03403645916242889
NKX6-1,ELK3,1,0.034325449577935985
ASCL2,ELK3,1,0.02869772145928724
TBR1,ELK3,-1,-0.13873766357804604
PARP1,ELK3,-1,-0.09647655901209812
CPEB1,ELK3,-1,-0.010317143593978988
EN1,ELK3,1,0.04963162018485418
ZNF35,ELK3,-1,-0.0479825505437496
REL,VDR,1,0.02509084609500448
NFKB2,VDR,1,0.04819207214136914
ELF3,VDR,1,0.17075506984656552
E2F1,VDR,-1,-0.0005697972093638255
SOX21,VDR,-1,-0.05928665363651494
IRF8,VDR,-1,-0.00038582381466376476
SOX9,VDR,-1,-0.016643324760594585
FOXJ1,VDR,1,0.023034968250758892
STAT4,VDR,1,0.05570425856734648
HMGA1,VDR,1,0.014177460928621932
ZBTB33,VDR,-1,-0.028356446937417883
SP4,VDR,1,0.007057494693743542
E2F4,VDR,-1,-0.03971284614693999
SOX17,VDR,1,0.0034328946464364197
RXRA,VDR,1,0.015784619972022445
SOX15,VDR,-1,-0.01330371442571276
KLF15,VDR,-1,-0.04306226372831715
SOX13,VDR,-1,-0.004542179864441746
HMGA2,VDR,-1,-0.0038445031890372823
JDP2,VDR,1,0.01207209663450686
SPI1,VDR,1,0.02268165370530842
SRF,VDR,1,0.043453097531166114
PATZ1,VDR,-1,-0.057309704573865146
CEBPA,VDR,-1,-0.024795729033931447
NFKB1,VDR,1,0.09088366924242681
JUN,VDR,-1,-0.004946309034057285
STAT5A,VDR,1,0.0485756065452265
RUNX1,VDR,1,0.10282778671169071
HBP1,VDR,1,0.016224322641471823
ELF4,VDR,1,0.052541471987732076
VENTX,VDR,1,0.14805056041702874
MAF,VDR,-1,-0.013970068804788623
HOXB6,VDR,1,0.009377585537504302
LMO2,VDR,-1,-0.00951766468736272
PRDM1,VDR,1,0.03212955817717307
FOXO4,VDR,-1,-0.031588568506151334
SMAD4,VDR,-1,-0.0003815648066642768
FOXC1,VDR,-1,-0.042058475180958926
NKX3-1,VDR,1,0.11369065915838093
MAZ,VDR,1,0.017286752540268076
TCF7L2,VDR,-1,-0.01795364288591684
ZSCAN16,VDR,-1,-0.012791630609606846
FLI1,VDR,-1,-0.007878180530721162
IRF5,VDR,-1,-0.004518518868148032
AR,VDR,1,0.014474244135265718
TEAD4,VDR,1,0.00833709438783409
MAFB,VDR,1,0.044601734804522515
ETS2,VDR,1,0.013710188599914349
TEAD1,VDR,1,0.030351008573878686
PPARA,VDR,1,0.015054497542975269
ASCL2,VDR,1,0.15075843295164792
NR2F6,MZF1,1,0.03662509197947913
ETV1,MZF1,-1,-0.07965943960644117
MYBL2,MZF1,-1,-0.028402110319730004
ELK1,MZF1,-1,-0.03070458733861868
E2F1,MZF1,-1,-0.0395951107026778
ETS1,MZF1,-1,-0.025173805989011186
IRF8,MZF1,1,0.015822000172757207
STAT4,MZF1,1,0.10779948277539503
ZBTB33,MZF1,-1,-0.09276689869309794
TP53,MZF1,1,0.0401237789396381
NFYA,MZF1,1,0.010406721547804264
ETV6,MZF1,-1,-0.017461346011933006
LEF1,MZF1,1,0.03373295019131673
KLF15,MZF1,1,0.02752295061635418
JDP2,MZF1,-1,-0.023850111986735326
SPI1,MZF1,-1,-0.024008731875337867
EWSR1,MZF1,1,0.23648250684772062
PATZ1,MZF1,-1,-0.11957433792589954
TBX2,MZF1,1,0.0585928922332202
NFKB1,MZF1,-1,-0.1356361481265966
ELK3,MZF1,-1,-0.05853424657794544
VDR,MZF1,-1,-0.035804737091725936
RFX2,MZF1,1,0.10372276816278787
SOX12,MZF1,1,0.10694486409209711
RFX1,MZF1,1,0.1724204447287063
ETV4,MZF1,1,0.04817028659280528
TAL1,MZF1,1,0.021692238707757598
NKX2-5,MZF1,1,0.033072606313017346
ELK4,MZF1,1,0.022277239007449424
EGR1,MZF1,1,0.010924556815695319
RUNX2,MZF1,1,0.054167921816294935
TFAP2C,MZF1,-1,-0.011009943012957246
NF1,MZF1,1,0.03346570988769709
MEIS1,MZF1,1,0.0650741758011401
POU3F2,MZF1,1,0.11076640920414701
RFX3,MZF1,1,0.0777073047621661
ETV3,MZF1,-1,-0.029147471481749513
RORA,MZF1,1,0.09348033196576107
HOXA4,MZF1,-1,-0.053446393221152355
TBX5,MZF1,1,0.03216524851335634
MSX2,MZF1,-1,-0.017913218713081464
MAFB,MZF1,-1,-0.0008003602003480031
ETS2,MZF1,1,0.029850192832225213
ZNF589,MZF1,1,0.1351340570677205
FOXO3,MZF1,-1,-0.10100847611233074
PPARA,MZF1,-1,-0.04780805459675211
BCL6,MZF1,1,0.1871912958101975
RFC5,MZF1,1,0.002114526694482114
PAX6,MZF1,1,0.026406366620850073
SOX18,IKZF1,-1,-0.028316791768427576
ELF5,IKZF1,1,0.022305575064935503
ARID5A,IKZF1,-1,-0.011661424916453784
MEF2A,IKZF1,1,0.06189755990407945
STAT4,IKZF1,1,0.0411825249259298
TRIM28,IKZF1,-1,-0.01763067115989702
SP4,IKZF1,1,0.011304776360758353
E2F4,IKZF1,-1,-0.007728819098080315
GBX2,IKZF1,1,0.024435862355635534
SOX15,IKZF1,-1,-0.010794088860976624
SPI1,IKZF1,1,0.08491753908424615
SRF,IKZF1,-1,-0.016865996081679973
TRAF4,IKZF1,-1,-0.004722963717898451
POU3F4,IKZF1,1,0.012784322199684455
CEBPA,IKZF1,1,0.16395536588693596
TCF3,IKZF1,-1,-0.04043199002716949
VDR,IKZF1,1,0.14634960727315213
SOX12,IKZF1,-1,-0.002595665708365195
CEBPG,IKZF1,-1,-0.016511149039570454
TAL1,IKZF1,1,0.15747602711779468
RUNX1,IKZF1,1,0.08183352800760704
ELF4,IKZF1,1,0.01788326250541433
EGR1,IKZF1,-1,-0.03550189778615637
RUNX2,IKZF1,1,0.1377726461681542
FOXD3,IKZF1,1,0.01592224453920693
IRF7,IKZF1,1,0.016299025078730243
POU3F2,IKZF1,1,0.02436991484348393
FLI1,IKZF1,1,0.1364044088764141
MSX2,IKZF1,1,0.02501837811006722
AR,IKZF1,1,0.07296035816448339
NFATC4,IKZF1,-1,-0.01276663921177829
TBP,IKZF1,-1,-0.0006795443117526211
ETV1,ATF5,-1,-0.07542672710493496
NFKB2,ATF5,1,0.0967916799073264
HSF1,ATF5,1,0.024376636886583005
SOX18,ATF5,1,0.0942729970939656
KLF13,ATF5,-1,-0.005135642864226756
TFCP2,ATF5,1,0.020745579987855797
CNOT3,ATF5,1,0.17865025140811402
E2F1,ATF5,1,0.05451850612589196
ETS1,ATF5,1,0.06640415835493871
MEF2A,ATF5,-1,-0.010613687977301134
FOXJ1,ATF5,-1,-0.011401368714775931
HMGA1,ATF5,1,0.06767100425153606
SP4,ATF5,1,0.019760999921516354
HOXC13,ATF5,1,0.06638129928968958
SOX17,ATF5,-1,-0.07141326236264758
PBX1,ATF5,1,0.08387807967563764
NFYA,ATF5,1,0.060208501282430195
ZNF282,ATF5,-1,-0.05660321627768471
SOX15,ATF5,1,0.050599292075601945
KLF15,ATF5,-1,-0.01941989578162953
JDP2,ATF5,1,0.09141682089569172
SPI1,ATF5,1,0.08325552910628478
SOX2,ATF5,1,0.02369341597870579
EWSR1,ATF5,1,0.0016580514401882457
ZBTB16,ATF5,-1,-0.10392359154918344
NFKB1,ATF5,-1,-0.02219313907454065
TCF3,ATF5,1,0.022004910867053494
IKZF1,ATF5,-1,-0.07120764565978681
JUN,ATF5,1,0.041981134014170585
NKX2-5,ATF5,1,0.03756761495469362
HBP1,ATF5,-1,-0.16284697543499882
FOS,ATF5,-1,-0.006570061844947052
EGR1,ATF5,1,0.0067854726398515865
FOXF2,ATF5,-1,-0.007454890386188475
SATB1,ATF5,-1,-0.08255204290262529
MAF,ATF5,1,0.026090231852913603
HOXD13,ATF5,1,0.0638916308511766
POU4F1,ATF5,1,0.07802716761425686
KLF12,ATF5,-1,-0.07188125403434421
SMAD4,ATF5,1,0.13790387192997933
NF1,ATF5,-1,-0.20004415994858643
FOXC1,ATF5,1,0.0987026284025373
HOXA10,ATF5,1,0.00609888818904893
SMAD3,ATF5,-1,-0.03535389022157137
PITX1,ATF5,1,0.006316403647336784
FLI1,ATF5,-1,-0.09134754047637678
IRF5,ATF5,1,0.05618429199946633
HOXB13,ATF5,1,0.020749359116581188
INSM1,ATF5,1,0.009971570413174828
ZNF350,ATF5,1,0.028556255708452737
TEAD4,ATF5,-1,-0.05161444523532743
MAFB,ATF5,1,0.17927447722801065
TBP,ATF5,1,0.10020286177544421
FOXO3,ATF5,-1,-0.05787706262783307
BCL6,ATF5,1,0.09751820481408822
NKX6-1,ATF5,1,0.05850656687441124
REL,RFX2,1,0.11263526481397865
ELF5,RFX2,1,0.0966620508542652
RELA,RFX2,1,0.07182379722669484
ELF3,RFX2,1,0.03400984961210702
HOXD10,RFX2,-1,-0.018162711243740807
ETS1,RFX2,-1,-0.05316738208356261
MEF2A,RFX2,-1,-0.06647499205698182
SOX9,RFX2,1,0.004127411491837691
FOXJ1,RFX2,1,0.2499752853821186
PLAG1,RFX2,1,0.013055406694905984
SP1,RFX2,-1,-0.004530301623267853
NEUROD1,RFX2,-1,-0.008130071101340971
HMGA1,RFX2,-1,-0.03149633367938245
SP4,RFX2,1,0.09739849965914268
HOXC13,RFX2,-1,-0.01787304174197433
SOX4,RFX2,-1,-0.14979312423018554
RXRA,RFX2,1,0.033671786867959776
ZNF282,RFX2,-1,-0.01351798716465756
SOX15,RFX2,1,0.03309384517477238
KLF15,RFX2,1,0.06326715387714535
SOX2,RFX2,1,0.03976379408080042
SRF,RFX2,1,0.07059527226888532
PPARG,RFX2,1,0.019229238915879604
TBX2,RFX2,1,0.09488269010351734
NFKB1,RFX2,1,0.025274825192259057
TCF3,RFX2,1,0.13641068184991442
VDR,RFX2,1,0.05562140355269172
RFX1,RFX2,1,0.08934317241226673
SOX11,RFX2,-1,-0.04631249459927297
EMX2,RFX2,-1,-0.02015170541745179
IRF1,RFX2,1,0.019108063746325874
FOXD3,RFX2,-1,-0.09527054381500832
HOXD13,RFX2,-1,-0.01631881889509131
KLF12,RFX2,-1,-0.02185704522518682
FOXC1,RFX2,1,0.059529102718109905
HOXA10,RFX2,-1,-0.00990521745518379
FOXO1,RFX2,1,0.007573109617227325
POU3F2,RFX2,1,0.05495469627620478
RFX3,RFX2,1,0.10975973396671593
ZSCAN16,RFX2,1,0.0961419063648603
RORA,RFX2,1,0.03739214898209464
FLI1,RFX2,-1,-0.03633462916957696
SOX1,RFX2,-1,-0.006388278161116651
AR,RFX2,1,0.06428982086750235
FOXP3,RFX2,1,0.07913921283833404
SIX6,RFX2,1,0.08342796571593243
NFATC4,RFX2,1,0.051331707757309775
TBP,RFX2,1,0.027330484735302554
FOXO3,RFX2,-1,-0.05116404062197111
BCL6,RFX2,1,0.0007039281877876448
TFAP2A,RFX2,-1,-0.00037826543424016376
ZNF35,RFX2,-1,-0.0783403517135262
MYBL2,SOX12,1,0.06605403549546054
RARA,SOX12,1,0.03658859398356665
E2F1,SOX12,1,0.005528674174366703
IRF8,SOX12,-1,-0.09053674608673576
TRIM28,SOX12,1,0.010510960131792915
ZNF219,SOX12,1,0.10465358166085673
SRF,SOX12,1,0.019176244799271158
THRA,SOX12,1,0.03305236136648564
PATZ1,SOX12,1,0.1139855271288643
MAFK,SOX12,1,0.007640099843074942
TCF3,SOX12,1,0.1470907515851158
EGR1,SOX12,1,0.011780271674844979
BACH1,SOX12,-1,-0.07385447299470009
NR2F1,SOX12,1,0.07118038327914933
MAZ,SOX12,1,0.33840245835924104
TCF7L2,SOX12,1,0.17057293201190618
RARG,SOX12,1,0.04172378442867214
TFAP2A,SOX12,1,0.01591095906022107
REL,NFATC1,1,0.03839871766291024
SOX18,NFATC1,1,0.006367380488339802
MEOX2,NFATC1,-1,-0.016366917490065806
CTF1,NFATC1,1,0.1277521851055042
IRF8,NFATC1,-1,-0.035863323353174596
SOX9,NFATC1,-1,-0.0004181974749964318
FOXJ1,NFATC1,1,0.013874529053108401
TRIM28,NFATC1,1,0.01311998623355291
SP1,NFATC1,1,0.024690711346241255
TP53,NFATC1,-1,-0.011024104814090668
SP4,NFATC1,-1,-0.004052875755664672
HOXC13,NFATC1,1,0.015997960365593242
SOX17,NFATC1,-1,-0.005020544563185387
RXRA,NFATC1,1,0.1296799973486077
ZNF282,NFATC1,-1,-0.009737840612838437
HOXD9,NFATC1,1,0.05610223305784927
SOX13,NFATC1,1,0.016103995842214426
JDP2,NFATC1,1,0.02748674008013877
SOX2,NFATC1,-1,-0.03958537517305603
SRF,NFATC1,-1,-0.010569645977598907
POU3F3,NFATC1,-1,-0.01081712255947537
EWSR1,NFATC1,-1,-0.06083560619547103
PPARG,NFATC1,1,0.0322169453534078
POU3F4,NFATC1,-1,-0.010407545049545379
CEBPA,NFATC1,1,0.06325314104723602
NFKB1,NFATC1,-1,-0.039760875705411924
TCF3,NFATC1,1,0.041012629143629784
MYCN,NFATC1,-1,-0.069864815620131
RFX2,NFATC1,1,0.1564651226851192
SOX12,NFATC1,1,0.004676720878074868
JUN,NFATC1,-1,-0.029135576054872013
CEBPG,NFATC1,1,0.0030130392668273804
RUNX1,NFATC1,-1,-0.016736554564197585
DBP,NFATC1,1,0.008539310834310435
ELF4,NFATC1,1,0.08005621097918192
EMX2,NFATC1,1,0.01703249057229624
EGR1,NFATC1,1,0.01846061608634292
FOXF2,NFATC1,-1,-0.01398959259460066
TFAP2C,NFATC1,1,0.029626735511023194
MAX,NFATC1,-1,-0.018536153911595833
HOXB6,NFATC1,-1,-0.03791291787242174
FOXO4,NFATC1,1,0.06404788242799599
SMAD4,NFATC1,1,0.14973541221452305
NF1,NFATC1,-1,-0.009700254746846807
HOXA10,NFATC1,1,0.0010319745561070631
FOXC2,NFATC1,1,0.1285141997746832
NR2F1,NFATC1,-1,-0.0066202639741096
CREB5,NFATC1,1,0.08006783094278387
IRF7,NFATC1,1,0.015618660154949247
RFX3,NFATC1,1,0.02473489216577458
MAZ,NFATC1,1,0.0314486601836531
ETV3,NFATC1,1,0.01276758979071498
HOXB13,NFATC1,1,0.023313527232787675
INSM1,NFATC1,-1,-0.014619622308701119
AR,NFATC1,-1,-0.028405596642448915
FOXP3,NFATC1,1,0.003961851413853522
ETS2,NFATC1,1,0.017082083438928454
RUNX3,NFATC1,1,0.05619282616048416
ARID3A,NFATC1,1,0.019832900328103253
TBP,NFATC1,-1,-0.028213624514471892
FOXO3,NFATC1,-1,-0.040310390478435904
BCL6,NFATC1,1,0.04253243796339451
SREBF1,NFATC1,-1,-0.056464849711041244
ASCL2,NFATC1,1,0.05182323792778836
PAX6,NFATC1,1,0.02865978289958309
ZNF35,NFATC1,-1,-0.0013317512593972198
NFIX,E2F2,1,0.03194608771039151
NFKB2,E2F2,-1,-0.03855885264221787
HSF1,E2F2,-1,-0.08874523086472916
HOXC10,E2F2,-1,-0.028246471008819427
LHX6,E2F2,-1,-0.08287557225337121
TFCP2,E2F2,-1,-0.11693272753418084
E2F1,E2F2,1,0.5008586484745652
MEF2A,E2F2,-1,-0.014449919254560776
TRIM28,E2F2,-1,-0.15597504960306013
SP1,E2F2,1,0.019059805064269016
HMGA1,E2F2,1,0.04620532251778451
ZBTB33,E2F2,-1,-0.009417062362844661
SP4,E2F2,1,0.08647262431707782
E2F4,E2F2,-1,-0.052824150052337426
RXRA,E2F2,-1,-0.07771091486892312
TEAD3,E2F2,-1,-0.161195048022464
ELF1,E2F2,1,0.07941699488425732
SPI1,E2F2,-1,-0.03547149627066234
SRF,E2F2,1,0.08538042254738043
TCF3,E2F2,1,0.11189548051253133
TAL1,E2F2,1,0.07540471026782762
RUNX1,E2F2,-1,-0.031869100227806806
ELF4,E2F2,1,0.01722201450825656
FOS,E2F2,-1,-0.008946020467076758
RUNX2,E2F2,-1,-0.0027527812476950153
HOXD13,E2F2,1,0.005967221751919552
NR2E1,E2F2,1,0.009315867544036582
LMO2,E2F2,1,0.011328842755354023
PRDM1,E2F2,-1,-0.015385588775067844
BACH1,E2F2,1,0.07013541388911863
NF1,E2F2,1,0.0968105149336239
MSC,E2F2,1,0.029065626898287716
HOXA10,E2F2,1,0.04887660200301412
SMAD3,E2F2,-1,-0.14405446353864335
MEIS1,E2F2,1,0.0017542976369862204
IRF7,E2F2,1,0.012430824026725826
E2F3,E2F2,1,0.021206736178967404
HOXB13,E2F2,1,0.05379069425606864
HIC1,E2F2,1,0.08986859836530305
RUNX3,E2F2,1,0.024539264219201697
PEG10,E2F2,1,0.031415247255388815
FOXM1,E2F2,1,0.1809507301463208
TEAD1,E2F2,-1,-0.006772805776923215
TBP,E2F2,-1,-0.12987023795392547
BCL6,E2F2,1,0.06309095134208871
TFAP2A,E2F2,1,0.015586164676463649
PAX6,E2F2,1,0.00893118247897023
ZNF35,E2F2,1,0.07546074356092382
TFAP4,E2F2,1,0.4436833055130484
BRF1,RFX1,1,0.06628226408181168
MEF2D,RFX1,1,0.08606204888892278
KLF13,RFX1,-1,-0.016627978080365004
ELK1,RFX1,1,0.037938715283524695
ZNF652,RFX1,-1,-0.03377650216953982
RARA,RFX1,1,0.02099998091681308
SOX9,RFX1,1,0.08211991390297307
ZNF281,RFX1,-1,-0.006925279330990523
KLF11,RFX1,-1,-0.001370741219478153
NFYA,RFX1,1,0.0755336396484475
ZNF282,RFX1,1,0.001124387815697471
KLF15,RFX1,1,0.019118710903996656
JDP2,RFX1,1,0.011744638355579515
SOX2,RFX1,-1,-0.001131370812082348
SRF,RFX1,1,0.03936376107333735
ATF7,RFX1,1,0.11144761487692656
MAFK,RFX1,1,0.06378933968297619
TCF3,RFX1,1,0.331097432452154
ATF5,RFX1,1,0.0413712770403348
RFX2,RFX1,1,0.06591437416910359
NFATC1,RFX1,1,0.29412278797957586
CEBPG,RFX1,-1,-0.04076117678291499
RUNX1,RFX1,1,0.0021154810109796094
ZEB1,RFX1,-1,-0.013398757596604253
PRRX1,RFX1,-1,-0.025550453016385283
FOXO4,RFX1,1,0.039490467172513095
ATF2,RFX1,-1,-0.08843807690125662
FOXO1,RFX1,-1,-0.034735113054091216
PITX1,RFX1,1,0.009875124216213591
RFX3,RFX1,-1,-0.0018191523769891967
RARG,RFX1,1,0.06274395334868779
FOXO3,RFX1,-1,-0.055634687014211724
RFX5,RFX1,-1,-0.005074506090742242
ZNF35,RFX1,-1,-0.06738488853232073
ARNT,JUN,1,0.12799043127638957
HSF1,JUN,1,0.05037766573991125
SOX18,JUN,-1,-0.011332846867210209
HOXC10,JUN,-1,-0.02037249350570435
CNOT3,JUN,-1,-0.11703734384906118
HOXD10,JUN,1,0.005808558864689164
ARID5A,JUN,1,0.1614303143237044
SOX21,JUN,-1,-0.05103501561836846
MEF2A,JUN,1,0.07623060196812201
GTF2A1,JUN,-1,-0.018861863434561466
FOXJ1,JUN,-1,-0.006476713223782327
STAT4,JUN,-1,-0.004047734691618312
SP1,JUN,1,0.049728819084934504
HMGA1,JUN,-1,-0.005543874565896565
SP4,JUN,-1,-0.04139728281688968
NFYA,JUN,-1,-0.03694561042497103
GABPA,JUN,-1,-0.15766999359420528
HOXD9,JUN,-1,-0.04476801793673854
SOX15,JUN,-1,-0.006666985044156611
STAT5B,JUN,1,0.01115123583754842
SOX13,JUN,-1,-0.03285990032386619
SPI1,JUN,-1,-0.01936691066311342
SOX2,JUN,1,0.09019363789637679
SRF,JUN,1,0.04315204005755488
THRA,JUN,-1,-0.1035003219876573
POU3F3,JUN,1,0.18851524329229558
ATF7,JUN,-1,-0.043195451435557884
PATZ1,JUN,-1,-0.028305558122646058
POU3F4,JUN,-1,-0.006176710388475123
MAFK,JUN,1,0.03192055587328378
ZBTB16,JUN,1,0.04355749376800572
TCF3,JUN,1,0.101487639990113
NFATC1,JUN,-1,-0.03199537161282038
ELF4,JUN,1,0.01907321159334587
HOXC11,JUN,-1,-0.008122514134003054
EMX2,JUN,1,0.01806620631844354
EGR1,JUN,1,0.5380344397715872
IRF1,JUN,1,0.008378618457218516
NR2C2,JUN,-1,-0.043119233869097134
SATB1,JUN,-1,-0.03521738359100744
PRRX1,JUN,1,0.06247480205112064
FOXD3,JUN,1,0.06846214349856386
NR2E1,JUN,1,0.017209463896415398
FOXO4,JUN,-1,-0.00493506994346261
SMAD4,JUN,1,0.006526603103944764
TFEB,JUN,-1,-0.04997594007258724
NR2F1,JUN,1,0.10998034478027068
CREB5,JUN,-1,-0.09309352916946807
PITX1,JUN,-1,-0.04511796829874326
POU3F2,JUN,1,0.14913257360427631
MAZ,JUN,-1,-0.03762685273723963
HOXB2,JUN,-1,-0.0031729793083154567
ZSCAN16,JUN,-1,-0.1437886691988957
IRF5,JUN,-1,-0.07655077384925947
INSM1,JUN,1,0.014998138790498623
HOXA3,JUN,-1,-0.030327076628939235
MSX2,JUN,-1,-0.012245050228846322
AR,JUN,1,0.09203654345995604
TEAD4,JUN,1,0.02254111442294597
SIX6,JUN,-1,-0.013345108218886955
PRDM4,JUN,1,0.1277644826193113
MSX1,JUN,1,0.0781250389313719
MAFB,JUN,1,0.018153699550942266
PEG10,JUN,1,0.005697982016613356
TEAD1,JUN,1,0.07124286398473684
TBP,JUN,-1,-0.033143374848724004
BCL6,JUN,1,0.04482885170303576
NFIL3,JUN,1,0.15298970599006642
PAX6,JUN,-1,-0.018499773662757853
CPEB1,JUN,-1,-0.07127735747834603
HSF1,CEBPG,1,0.013820293318465177
MEOX2,CEBPG,1,0.04090636809790697
HMGA1,CEBPG,1,0.04707083022705321
TP53,CEBPG,1,0.05243306498066206
SOX4,CEBPG,-1,-0.05581858672016717
SPI1,CEBPG,-1,-0.006329793268870892
SOX2,CEBPG,1,0.057008583445263605
EWSR1,CEBPG,1,0.05663157148266811
TRAF4,CEBPG,1,0.03863924915089463
ZBTB16,CEBPG,-1,-0.05998125496235554
TCF3,CEBPG,1,0.08326729433651808
JUN,CEBPG,1,0.01923989075366215
ELF4,CEBPG,1,0.14407759860927397
VENTX,CEBPG,-1,-0.11558517340201198
FOS,CEBPG,1,0.017822040523717247
NR2C2,CEBPG,1,0.02656545920180489
BACH1,CEBPG,1,0.04268216534448089
FOXC1,CEBPG,1,0.011995721574681217
RFX3,CEBPG,1,0.015128221531466864
RORA,CEBPG,1,0.07038154705661813
ZNF350,CEBPG,1,0.18306188665186116
MSX1,CEBPG,1,0.20260194517214
TFAP2A,CEBPG,-1,-0.03222555726833381
NFIL3,CEBPG,1,0.28417211156732064
ZNF35,CEBPG,1,0.04103556675060403
NR2F6,ETV4,1,0.08167157883051343
MEOX2,ETV4,1,0.14612626599306205
ELK1,ETV4,1,0.08615189509179647
HOXC10,ETV4,1,0.022503300960110106
ARID5A,ETV4,1,0.0456669312287998
SOX21,ETV4,-1,-0.04591769255652914
SOX9,ETV4,1,0.2008314188932497
FOXJ1,ETV4,1,0.022462397421034494
STAT4,ETV4,-1,-0.07097721788368729
SP1,ETV4,1,0.02345406752548873
HMGA1,ETV4,1,0.07295966228895223
ZNF219,ETV4,1,0.03976191401326392
ZBTB33,ETV4,-1,-0.01532085087715882
TP53,ETV4,1,0.006041045779126982
HOXC13,ETV4,1,0.030069432480153823
SOX4,ETV4,-1,-0.11502278264210745
SOX17,ETV4,1,0.03287369599409024
NFYA,ETV4,-1,-0.010704484629998687
HOXD9,ETV4,-1,-0.06832332104753198
SOX15,ETV4,1,0.06296816863180515
ETV6,ETV4,1,0.035439005238708715
KLF15,ETV4,1,0.053839070745390905
SOX13,ETV4,1,0.08591593809226186
HMGA2,ETV4,1,0.09909897984664753
SPI1,ETV4,-1,-0.1172513083381267
SOX2,ETV4,-1,-0.11309773688857302
SRF,ETV4,-1,-0.05544645284350231
PATZ1,ETV4,-1,-0.030203867233052607
TRAF4,ETV4,1,0.21115027699304031
POU3F4,ETV4,-1,-0.042666907448791945
CEBPA,ETV4,-1,-0.02338861065093038
TCF3,ETV4,1,0.03742255922643939
IKZF1,ETV4,-1,-0.05053274374328007
NFATC1,ETV4,1,0.10828224936034193
JUN,ETV4,1,0.05275212080666672
TAL1,ETV4,-1,-0.040685017255281376
SOX11,ETV4,-1,-0.0701792008633421
DBP,ETV4,1,0.1687966123458247
HOXB9,ETV4,1,0.04169460659196354
HOXB3,ETV4,1,0.3085510496355105
PRRX1,ETV4,-1,-0.00029996506933927664
VAX2,ETV4,-1,-0.06775852384928287
FOXD3,ETV4,-1,-0.13507823883789802
POU4F1,ETV4,-1,-0.010961419834325562
KLF12,ETV4,1,0.09061186908644063
FOXC1,ETV4,1,0.027323967174489167
FOXO1,ETV4,-1,-0.003329943466828347
POU3F2,ETV4,1,0.029692655584875077
SOX1,ETV4,-1,-0.04633097557619039
ZNF232,ETV4,1,0.05279457866326483
MSX1,ETV4,-1,-0.024765134029817303
HIC1,ETV4,1,0.13944969534413632
HLF,ETV4,-1,-0.042545784178673995
PPARA,ETV4,-1,-0.016967802578244647
NKX6-1,ETV4,-1,-0.042349133236733325
NFIL3,ETV4,-1,-0.15452187823920885
CNOT3,TAL1,-1,-0.10739695116523054
ELF3,TAL1,1,0.22961449860273478
MEF2A,TAL1,1,0.08638115374205248
ZNF281,TAL1,-1,-0.03911788868598015
FOXJ1,TAL1,-1,-0.021056013175084366
PLAG1,TAL1,1,0.005505877001511729
SP1,TAL1,-1,-0.07650298722131035
ZNF219,TAL1,-1,-0.012054268146520516
KLF11,TAL1,-1,-0.05514508257143596
SP4,TAL1,1,0.011386045770503414
GBX2,TAL1,1,0.015714254741200185
ZNF282,TAL1,-1,-0.050640780814762885
STAT5B,TAL1,1,0.04085212431732044
KLF15,TAL1,1,0.07083992223290267
ELF1,TAL1,-1,-0.0632809645511879
SPI1,TAL1,1,0.059879016160246414
SRF,TAL1,1,0.10368356720909962
EWSR1,TAL1,-1,-0.006291275634432597
CEBPD,TAL1,-1,-0.05774395080555128
PATZ1,TAL1,1,0.0433332005099484
CEBPA,TAL1,1,0.2764630512059869
TCF3,TAL1,-1,-0.004378474364871905
CEBPG,TAL1,-1,-0.04897843030599659
STAT5A,TAL1,1,0.0039027710290926013
RUNX1,TAL1,1,0.04443272658473514
ZEB1,TAL1,1,0.0749248778296721
TFAP2B,TAL1,1,0.041166330710986125
EGR1,TAL1,-1,-0.012530249017618806
IRF1,TAL1,-1,-0.025769120281381667
MAF,TAL1,1,0.016788646675327663
IRF2,TAL1,-1,-0.07819858313698856
HOXB6,TAL1,-1,-0.03603552998714168
FOXO4,TAL1,1,0.1036510051585032
SMAD3,TAL1,1,0.056591829560683704
FOXO1,TAL1,1,0.011240240888693971
FOXC2,TAL1,1,0.16098747597578456
MAZ,TAL1,-1,-0.020409142352984674
FLI1,TAL1,1,0.19574384357726446
AR,TAL1,1,0.06105234640627685
ZNF589,TAL1,1,0.05809270253568234
EN1,TAL1,-1,-0.002842097817455022
MEF2D,NKX2-5,-1,-0.0868678714600834
MEOX2,NKX2-5,1,0.05318855540787156
ELF3,NKX2-5,1,0.04236617210547461
HOXD10,NKX2-5,1,0.08587505652803709
SOX21,NKX2-5,1,0.0007209901998280933
MEF2A,NKX2-5,-1,-0.02151775409708469
ZNF281,NKX2-5,-1,-0.011230461560882669
FOXJ1,NKX2-5,1,0.012997350407574697
SP1,NKX2-5,-1,-0.07117645688490971
HMGA1,NKX2-5,1,0.007929216238007039
ZNF219,NKX2-5,1,0.019295266048374456
HOXD9,NKX2-5,1,0.009434829416958087
SOX15,NKX2-5,1,0.13741243853915747
SRF,NKX2-5,1,0.1381773070871306
EWSR1,NKX2-5,-1,-0.08058201945263385
TRAF4,NKX2-5,1,0.037673971460216005
MZF1,NKX2-5,1,0.001835577550442035
EGR1,NKX2-5,1,0.014716279514280908
IRF1,NKX2-5,1,0.08798252197457909
HOXD13,NKX2-5,1,0.05696439852501847
POU4F1,NKX2-5,-1,-0.013164980911392262
LMO2,NKX2-5,1,0.018320745752075325
FOXC1,NKX2-5,1,0.0626701135011671
PITX1,NKX2-5,1,0.23302696765928985
POU3F2,NKX2-5,1,0.0022465399501643887
DLX6,NKX2-5,-1,-0.0067737274684783475
MAZ,NKX2-5,1,0.09001284526920716
TBX5,NKX2-5,-1,-0.12389096711843246
NFATC4,NKX2-5,1,0.04550575815391335
HOXC4,NKX2-5,1,0.2094605874497315
ZNF35,NKX2-5,-1,-0.028520774958056695
SOX18,ZNF217,-1,-0.01491476222877968
ELF5,ZNF217,-1,-0.0017766136674302532
FOSL1,ZNF217,1,0.023807747661400674
RARA,ZNF217,1,0.02259135587842932
ELF3,ZNF217,1,0.03773947289283164
ARID5A,ZNF217,1,0.02479870144312284
SOX21,ZNF217,1,0.01769675543847069
ETS1,ZNF217,1,0.014133461136230024
SOX9,ZNF217,1,0.17003957071443218
ZNF281,ZNF217,1,0.15870229954314488
HMGA1,ZNF217,-1,-0.018119455002152233
KLF11,ZNF217,-1,-0.011797219518705543
HOXC13,ZNF217,1,0.00025282850927718507
E2F4,ZNF217,1,0.018925851489139243
SOX4,ZNF217,-1,-0.009926801732947254
SOX17,ZNF217,1,0.16398353838969773
PBX1,ZNF217,1,0.05375467318815396
GBX2,ZNF217,-1,-0.022646905490054978
RXRA,ZNF217,1,0.04684011095022544
SOX15,ZNF217,-1,-0.025974071738690874
KLF15,ZNF217,1,0.011536512667733907
SOX13,ZNF217,1,0.021176768362370705
JDP2,ZNF217,-1,-0.018741697918222517
SOX2,ZNF217,-1,-0.0985684143588487
SRF,ZNF217,-1,-0.07700101977741552
THRA,ZNF217,-1,-0.10030423354367686
POU3F3,ZNF217,1,0.04887696069218713
PPARG,ZNF217,-1,-0.01785005451953187
PATZ1,ZNF217,1,0.01965824634703026
TRAF4,ZNF217,1,0.007123030169746655
POU3F4,ZNF217,1,0.0040654132606531244
ZBTB16,ZNF217,-1,-0.011136167464270494
NFKB1,ZNF217,1,0.099858015503064
TCF3,ZNF217,1,0.08096476297713784
E2F2,ZNF217,-1,-0.008453948850257992
RFX1,ZNF217,-1,-0.0971416526520589
JUN,ZNF217,1,0.058233181762909474
CEBPG,ZNF217,-1,-0.06258007220114735
TAL1,ZNF217,-1,-0.02816436950371963
NKX2-5,ZNF217,-1,-0.03511113493088364
RUNX1,ZNF217,-1,-0.009186086394534913
SOX11,ZNF217,-1,-0.012361332263350908
HBP1,ZNF217,1,0.04504689277117088
ELF4,ZNF217,1,0.11392187229847055
PLAGL1,ZNF217,1,0.08106007024948891
ZEB1,ZNF217,-1,-0.1931463802587
EGR1,ZNF217,1,0.0002450196741537167
IRF1,ZNF217,1,0.05547841523095106
FOXF2,ZNF217,-1,-0.07590026348306228
SATB1,ZNF217,-1,-0.25609108638558603
PRRX1,ZNF217,1,0.036564847714991855
MAF,ZNF217,1,0.022866791194828325
ONECUT2,ZNF217,-1,-0.03842805427792449
FOXD3,ZNF217,-1,-0.05780362955146792
NR2E1,ZNF217,1,0.03997833097227774
BRCA1,ZNF217,1,0.015163113090418482
IRF2,ZNF217,1,0.17198545422351458
HOXB6,ZNF217,1,0.04516244076609783
KLF12,ZNF217,1,0.01848325833309863
FOXO4,ZNF217,-1,-0.021795851984492493
BACH1,ZNF217,1,0.08753697948628904
SMAD4,ZNF217,1,0.02111849305994624
TFEB,ZNF217,-1,-0.15667452068395202
FOXC1,ZNF217,1,0.07315198236131625
SMAD3,ZNF217,1,0.046223313053559
FOXO1,ZNF217,1,0.10807441216913304
FOXC2,ZNF217,-1,-0.16255801200059694
NKX3-1,ZNF217,-1,-0.054940696000147546
IRF7,ZNF217,-1,-0.04458272232854512
POU3F2,ZNF217,1,0.010227519462364429
HOXD11,ZNF217,1,0.025017406292884087
RARG,ZNF217,1,0.0010383575357811447
NFATC4,ZNF217,-1,-0.016890503833427266
ARID3A,ZNF217,1,0.16026123482224755
TEAD1,ZNF217,1,0.060879724576209986
BCL6,ZNF217,-1,-0.01660197097365349
NKX6-1,ZNF217,1,0.03808305494186366
PARP1,ZNF217,-1,-0.0030344335234045736
PAX6,ZNF217,1,0.2310286941170648
ZNF35,ZNF217,-1,-0.003944508398585426
TFAP4,ZNF217,1,0.08580803959824766
NR2F6,XBP1,1,0.09059294931636866
MEF2D,XBP1,-1,-0.11608008057278611
SOX18,XBP1,-1,-0.013622619685702523
MEOX2,XBP1,1,0.04442688261899604
RELA,XBP1,1,0.24537548957356492
SREBF2,XBP1,1,0.09170529820818159
ELF3,XBP1,1,0.12104237891312525
HOXD10,XBP1,-1,-0.02447718135283069
E2F1,XBP1,1,0.005100842943204994
SOX21,XBP1,-1,-0.004925003575841336
IRF8,XBP1,1,0.011517490865591675
ZNF281,XBP1,1,0.1267917054552454
FOXJ1,XBP1,-1,-0.03933235933922181
TRIM28,XBP1,1,0.04149645118953801
SP1,XBP1,-1,-0.01606844081917128
HMGA1,XBP1,1,0.021748937080007705
TP53,XBP1,-1,-0.05993449646311908
GATA6,XBP1,1,0.04696077471978906
LEF1,XBP1,-1,-0.015088111610766626
JDP2,XBP1,1,0.03153197696677355
SOX2,XBP1,-1,-0.06677141015702004
SRF,XBP1,1,0.05884507588723353
POU3F3,XBP1,-1,-0.07612729484100371
PPARG,XBP1,1,0.0625579829520907
ESR2,XBP1,-1,-0.012626912002240066
PATZ1,XBP1,1,0.18391579071116293
POU3F4,XBP1,-1,-0.002972078415970661
CEBPA,XBP1,-1,-0.02185735767119802
ZBTB16,XBP1,-1,-0.010320059642290375
NFKB1,XBP1,1,0.06067355231388383
TCF3,XBP1,-1,-0.1124836154862192
MYCN,XBP1,1,0.018689670674176907
ATF5,XBP1,1,0.03632103967129701
SOX12,XBP1,-1,-0.07996743989740678
NFATC1,XBP1,-1,-0.13136720460664414
CEBPG,XBP1,1,0.15794798947803096
TAL1,XBP1,-1,-0.10746605948095506
ZNF217,XBP1,1,0.06077655845598078
RUNX1,XBP1,1,0.029082660274107778
SOX11,XBP1,-1,-0.056673080034420294
HBP1,XBP1,1,0.18770515759840237
ELF4,XBP1,1,0.17769108105982778
IRF1,XBP1,1,0.09245133569654336
SATB1,XBP1,-1,-0.09252656663842244
HOXC6,XBP1,1,0.07743871080932356
TFAP2C,XBP1,1,0.04977842525253157
FOXD3,XBP1,-1,-0.04435318037556135
POU4F1,XBP1,-1,-0.0047155131791435274
PRDM1,XBP1,1,0.02526009672411524
BACH1,XBP1,1,0.011403358290836618
NF1,XBP1,-1,-0.0834193338095504
SCRT1,XBP1,-1,-0.02990424968117479
FOXC1,XBP1,1,0.14217998809422258
HOXA10,XBP1,1,0.03685268865788006
IRF7,XBP1,1,0.014689545424966933
FLI1,XBP1,1,0.050099154095389876
SOX1,XBP1,1,0.011102495227403465
MSX2,XBP1,1,0.02125748257743011
FOXP3,XBP1,-1,-0.06566015931371627
MSX1,XBP1,1,0.006714691114147781
ETS2,XBP1,1,0.027752547432962474
RARG,XBP1,-1,-0.10115104151701053
NFATC4,XBP1,1,0.021624371013852877
TBP,XBP1,-1,-0.007081842275902641
FOXO3,XBP1,-1,-0.14509379051366167
PPARA,XBP1,1,0.04230825494097443
PAX6,XBP1,-1,-0.26532678167327944
EN1,XBP1,1,0.02559974391374901
FOXJ1,STAT5A,1,0.03422661525205744
SP1,STAT5A,1,0.10187822451722296
SOX4,STAT5A,-1,-0.10377183006244318
RXRA,STAT5A,1,0.13698429437865872
SOX13,STAT5A,1,0.007108664188065972
SOX2,STAT5A,-1,-0.008928235949114998
TRAF4,STAT5A,-1,-0.0014139685988399408
CEBPA,STAT5A,1,0.09466433020859516
NFKB1,STAT5A,1,0.017205994446869616
TCF3,STAT5A,1,0.004902230870638848
MZF1,STAT5A,1,0.029041679423486823
NFATC1,STAT5A,1,0.09841398033838962
TAL1,STAT5A,1,0.010272263665070934
RUNX1,STAT5A,1,0.029382683206295532
SOX11,STAT5A,-1,-0.012916485428443064
ELF4,STAT5A,1,0.15003629591995712
IRF1,STAT5A,1,0.06960331315357499
TFAP2C,STAT5A,1,0.07793006622169653
IRF2,STAT5A,1,0.1387800685005263
IRF7,STAT5A,1,0.020998039201061063
FLI1,STAT5A,1,0.24555123005511628
SOX1,STAT5A,-1,-0.03594540302582607
MAFB,STAT5A,1,0.02581082171511005
TBP,STAT5A,-1,-0.022335294578836325
FOSL1,RUNX1,1,0.11289379008894988
RARA,RUNX1,1,0.014484219649833865
HOXD10,RUNX1,-1,-0.006774737467962868
E2F1,RUNX1,-1,-0.01788691726963941
ARID5A,RUNX1,1,0.0979246540335586
ETS1,RUNX1,1,0.11701006039187935
AHR,RUNX1,1,0.0633031740840333
SOX9,RUNX1,1,0.003581840360345608
FOXJ1,RUNX1,1,0.015552905232009709
SRF,RUNX1,1,0.050191667655597016
POU3F4,RUNX1,-1,-0.07225213901099435
ZBTB16,RUNX1,-1,-0.011569930484090331
NFKB1,RUNX1,1,0.0323367930699456
TCF3,RUNX1,1,0.0009852235975660966
NKX2-5,RUNX1,1,0.0446768416056062
VENTX,RUNX1,1,0.08314602881729019
HOXB3,RUNX1,1,0.13922228038624138
EGR1,RUNX1,1,0.040382951533409
IRF1,RUNX1,1,0.01780428126662209
RUNX2,RUNX1,1,0.4194321310220597
MAF,RUNX1,1,0.09788225292875216
ONECUT2,RUNX1,-1,-0.015117292737845667
HOXD13,RUNX1,-1,-0.0034304733557634086
POU4F1,RUNX1,-1,-0.0023196150749344936
FOXO4,RUNX1,-1,-0.05648879329045873
SMAD3,RUNX1,1,0.022427067310946465
NKX3-1,RUNX1,1,0.06899028115455948
DLX6,RUNX1,-1,-0.1819767809202263
TBX5,RUNX1,-1,-0.010746268846952239
TEAD4,RUNX1,1,0.09089666359094858
MSX1,RUNX1,-1,-0.04629759022345103
TEAD1,RUNX1,1,0.07290937793246555
TBP,RUNX1,-1,-0.03335075807770945
SREBF1,RUNX1,-1,-0.04464283424501532
NKX6-1,RUNX1,-1,-0.011788269927561901
MEF2D,SOX11,-1,-0.013984962573636519
SOX18,SOX11,1,0.0070355707560176145
ELF5,SOX11,-1,-0.014856361168036463
MEOX2,SOX11,1,0.0013802068300232495
HOXC10,SOX11,1,0.012944174913015668
RARA,SOX11,1,0.046921074990508856
CNOT3,SOX11,-1,-0.025793449414540325
ELF3,SOX11,-1,-0.021984853260303208
ARID5A,SOX11,1,0.006773390105230236
SOX9,SOX11,1,0.16736369677189283
ZNF281,SOX11,1,0.05892091768133125
FOXJ1,SOX11,-1,-0.01990016480543677
TRIM28,SOX11,1,0.027124246737789945
SP1,SOX11,-1,-0.007642505140766979
HMGA1,SOX11,-1,-0.009698142402154036
ZNF219,SOX11,-1,-0.027136760519856785
TP53,SOX11,-1,-0.021356069212100245
KLF11,SOX11,1,0.12036131997151288
SP4,SOX11,1,0.020789370875727995
HOXC13,SOX11,1,0.023319851242901354
SOX4,SOX11,1,0.3882262135802904
PBX1,SOX11,1,0.08692650230636828
RXRA,SOX11,1,0.029705714472614688
HOXD9,SOX11,-1,-0.02261639447708302
GATA6,SOX11,-1,-0.19918983902544135
KLF15,SOX11,-1,-0.037074359163692644
JDP2,SOX11,1,0.005484719004073024
ELF1,SOX11,-1,-0.14717192373864849
SPI1,SOX11,-1,-0.0063185347810323506
SOX2,SOX11,1,0.01622009514141013
SRF,SOX11,-1,-0.023137122915574952
POU3F3,SOX11,-1,-0.04905008183271488
PPARG,SOX11,-1,-0.0034550035621405263
PATZ1,SOX11,1,0.09652232456490908
CEBPA,SOX11,1,0.026648015491458774
MAFK,SOX11,1,0.01088221813849998
ZBTB16,SOX11,1,0.026286200768309467
TCF3,SOX11,1,0.03381394395329717
ATF5,SOX11,-1,-0.06825997291993867
RFX2,SOX11,-1,-0.019687056804171498
JUN,SOX11,1,0.021937937955723377
CEBPG,SOX11,1,0.0022035503412321297
HBP1,SOX11,-1,-0.10460089584718188
ELF4,SOX11,-1,-0.043960748803165306
HOXC11,SOX11,1,0.058602981481827555
EGR1,SOX11,1,0.03071045282209672
IRF1,SOX11,1,0.07504627826276991
FOXF2,SOX11,-1,-0.017838323281561153
RUNX2,SOX11,1,0.05147787124792098
PKNOX2,SOX11,1,0.10216925848088929
SATB1,SOX11,1,0.1707322206641343
HOXC6,SOX11,1,0.05666589034931476
MAF,SOX11,-1,-0.017597302476205584
ONECUT2,SOX11,1,0.043547884945619765
FOXD3,SOX11,-1,-0.04632807465139367
IRF2,SOX11,-1,-0.07737081806090312
HOXB6,SOX11,-1,-0.003264994230494457
FOXO4,SOX11,-1,-0.0888949844739016
BACH1,SOX11,1,0.016909803419468364
FOXC1,SOX11,-1,-0.09233549038653621
HOXA10,SOX11,1,0.054221194601962446
SMAD3,SOX11,-1,-0.11292813704610279
CREB5,SOX11,1,0.17665913499427546
POU3F2,SOX11,1,0.03714937531641501
MAZ,SOX11,1,0.011469024150428336
HOXD11,SOX11,1,0.07010530986261225
SOX1,SOX11,-1,-0.023022609738895455
AR,SOX11,-1,-0.11443274534779123
TEAD4,SOX11,-1,-0.05796597600010727
PRDM4,SOX11,1,0.0038760728075360467
MAFB,SOX11,1,0.07151905348906061
NFATC4,SOX11,1,0.011846467289388981
ARID3A,SOX11,1,0.02628699236680131
TBP,SOX11,-1,-0.08716886438239996
FOXO3,SOX11,-1,-0.00199707217650434
E2F8,SOX11,1,0.06527871438945242
ASCL2,SOX11,1,0.044898021395172155
TFAP2A,SOX11,-1,-0.0033686231468939955
ZNF35,SOX11,1,0.09684929239014921
SOX18,HBP1,-1,-0.024931698257675747
MYBL2,HBP1,-1,-0.007987758443266801
ELF5,HBP1,1,0.024809053956731875
HOXD10,HBP1,-1,-0.004024906217568705
ERF,HBP1,1,0.009456965242351687
E2F1,HBP1,-1,-0.03317749650195481
SOX21,HBP1,1,0.03342110569780527
ETS1,HBP1,1,0.016273794258691507
TFEC,HBP1,1,0.14545798814849453
SP1,HBP1,1,0.10364623636072552
SP4,HBP1,1,0.14019736285166243
SOX4,HBP1,1,0.01673091420825101
SOX17,HBP1,1,0.014368453473341817
PBX1,HBP1,1,0.009841496590871475
GBX2,HBP1,1,0.005972744465135933
GABPA,HBP1,1,0.1121866009552022
SOX15,HBP1,1,0.00400082386030947
ETV6,HBP1,-1,-0.05796076363316621
SOX13,HBP1,1,0.04342718952361233
JDP2,HBP1,1,0.008337998388603603
ELF1,HBP1,1,0.14731340599097836
SPI1,HBP1,-1,-0.10948963527383955
POU3F3,HBP1,-1,-0.16073948697736787
EWSR1,HBP1,-1,-0.07935087376168054
CEBPD,HBP1,1,0.1157657227920606
TCF3,HBP1,1,0.016490701733397603
MYCN,HBP1,1,0.010870608731519394
VDR,HBP1,1,0.006148308818024145
CEBPG,HBP1,-1,-0.029379697790155056
SOX11,HBP1,-1,-0.025852055449063917
HOXB3,HBP1,1,0.008687080784222125
EMX2,HBP1,1,0.0025817179510947224
EGR1,HBP1,-1,-0.027851176221640635
VAX2,HBP1,-1,-0.00885485973162756
PRDM1,HBP1,1,0.05263784219802647
FOXO4,HBP1,1,0.0459411760462247
SMAD4,HBP1,1,0.1944194036683895
NKX2-2,HBP1,-1,-0.05692556095660831
TFEB,HBP1,1,0.011217359739931846
ATF2,HBP1,1,0.014284063480080184
TTF1,HBP1,1,0.05106037005365577
HOXA4,HBP1,1,0.07208505802726817
MSX2,HBP1,-1,-0.06747533158980498
FOXP3,HBP1,1,0.013550177925347982
SREBF1,HBP1,-1,-0.0026965694690283294
PAX6,HBP1,1,0.046925295557284065
ZNF35,HBP1,1,0.09064314404426488
NR2F6,DBP,1,0.0396396303914622
HSF1,DBP,1,0.03299096178692494
ELF5,DBP,1,0.10116488457420923
HOXC10,DBP,1,0.00935117774375012
SP100,DBP,1,0.00583420404684435
RARA,DBP,-1,-0.027035919817141155
ERF,DBP,1,0.02212398715579986
SOX21,DBP,1,0.003789652662202045
ETS1,DBP,-1,-0.045406408465832285
STAT4,DBP,1,0.07547245365628129
SP1,DBP,-1,-7.985774269464305e-05
HMGA1,DBP,-1,-0.03807398212316317
ZNF219,DBP,1,0.15872454726746363
KLF11,DBP,1,0.0019251671005315937
SOX4,DBP,-1,-0.016364966009286
NFYA,DBP,-1,-0.03783957621267603
STAT5B,DBP,1,0.002792822429280171
SPI1,DBP,-1,-0.06759531412965522
SRF,DBP,-1,-0.01242579587072801
PPARG,DBP,1,0.022820408253802514
PATZ1,DBP,1,0.06705976480385276
CEBPA,DBP,1,0.030514052023024225
TFE3,DBP,1,0.0091360212827315
MZF1,DBP,1,0.061368955254379166
IKZF1,DBP,1,0.06066486680282883
ATF5,DBP,1,0.08011698143896502
E2F2,DBP,-1,-0.01360416454863369
JUN,DBP,-1,-0.038269180413126214
NKX2-5,DBP,-1,-0.0026671301174720297
ZNF217,DBP,1,0.023933894044082464
RUNX1,DBP,-1,-0.10839502428581323
SOX11,DBP,-1,-0.06439424405230333
ELF4,DBP,-1,-0.07245601066744259
TFAP2B,DBP,1,0.015506515952184491
EGR1,DBP,-1,-0.052452763640531114
NR2C2,DBP,-1,-0.016053076030273818
MAF,DBP,1,0.05399683239102825
TFAP2C,DBP,1,0.10619352342904174
MAX,DBP,1,0.12978014601965443
ETV5,DBP,1,0.07112702703565396
ATF2,DBP,1,0.04171253802921244
NR2F1,DBP,1,0.09460854340467206
MEIS1,DBP,1,0.027105408827114735
CREB5,DBP,-1,-0.1379164603068716
TCF7L2,DBP,1,0.1353124777722113
RORA,DBP,1,0.09638447047356251
INSM1,DBP,-1,-0.022759869871188623
HOXA3,DBP,-1,-0.01358909380678866
MSX2,DBP,1,0.006240682788195885
AR,DBP,1,0.04268159858110081
MSX1,DBP,1,0.04872283971739616
PPARA,DBP,1,0.003330477065298965
ERG,HOXB9,1,0.09175922865230612
ETS1,HOXB9,-1,-0.005419836699130958
MEF2A,HOXB9,-1,-0.011109132406110389
SOX9,HOXB9,1,0.11698147250084147
TRIM28,HOXB9,-1,-0.09163870810463533
SP1,HOXB9,-1,-0.030695679298826325
TP53,HOXB9,1,0.015706603143927786
ZBTB7B,HOXB9,1,0.06189869319156501
NFYA,HOXB9,-1,-0.020715403254769917
LEF1,HOXB9,1,0.08310422825333297
KLF15,HOXB9,-1,-0.07086110190740609
SPI1,HOXB9,-1,-0.05910356343437045
SOX2,HOXB9,-1,-0.15433153466455438
SRF,HOXB9,-1,-0.0460069743816603
MZF1,HOXB9,1,0.005755301597328542
CEBPG,HOXB9,1,0.002793053749288502
TFAP2B,HOXB9,1,0.1764668907427381
MEIS1,HOXB9,1,0.03622504659487333
POU3F2,HOXB9,-1,-0.02715537813012012
MAZ,HOXB9,1,0.17998402241668912
TCF7L2,HOXB9,1,0.07124533812939812
TEAD4,HOXB9,1,0.025419480656290017
MAFB,HOXB9,1,0.04909130372826527
TBP,HOXB9,1,0.05479935697272773
BCL6,HOXB9,1,0.06987586812650197
TFAP2A,HOXB9,1,0.1321273443635722
ARNT,ELF4,1,0.0027136440826977487
NR1H2,ELF4,1,0.03583762171471098
KLF13,ELF4,1,0.010422910909746537
MEF2A,ELF4,1,0.10251776424375092
PLAG1,ELF4,1,0.00798864501555769
ZNF219,ELF4,-1,-0.022831779662142
KLF11,ELF4,1,0.10151177320962197
SP4,ELF4,1,0.026430148604020962
RXRA,ELF4,1,0.06299055874902931
ZNF282,ELF4,1,0.058870753182445244
ETV6,ELF4,1,0.009001071779193386
KLF15,ELF4,-1,-0.05277062570836716
SPI1,ELF4,1,0.005919647716452299
THRA,ELF4,-1,-0.06440706973698015
PPARG,ELF4,1,0.10940823654979695
TRAF4,ELF4,-1,-0.0016194521011360058
NFKB1,ELF4,1,0.14622569711466865
VDR,ELF4,1,0.11413119908421768
JUN,ELF4,1,0.012080377362976904
RUNX1,ELF4,1,0.016583619455652895
HBP1,ELF4,-1,-0.04258331064979312
ZEB1,ELF4,-1,-0.18985836492143163
PRRX1,ELF4,1,0.02232669744664019
MSC,ELF4,1,0.009020117149669757
FOXO1,ELF4,1,0.034581499468417695
MAZ,ELF4,1,0.08543890809322593
HOXB13,ELF4,-1,-0.016051587898330402
MSX2,ELF4,-1,-0.0012830408618500146
MAFB,ELF4,1,0.04974690489863673
RARG,ELF4,1,0.0764790306247335
RUNX3,ELF4,1,0.16813425142091284
FOXO3,ELF4,1,0.003295692426907697
ASCL2,ELF4,1,0.019044886736919217
HOXC10,HOXC11,1,0.26930098566407196
LHX6,HOXC11,1,0.055334833073903425
E2F1,HOXC11,1,0.01622306742438841
SOX21,HOXC11,1,0.01282276737012415
IRF8,HOXC11,1,0.024989794757135267
ZNF281,HOXC11,-1,-0.008517771042695967
FOXJ1,HOXC11,1,0.008679624613658466
PLAG1,HOXC11,1,0.012297265189458917
TFEC,HOXC11,1,0.035991130940906176
TP53,HOXC11,1,0.0045215047707652944
SP4,HOXC11,1,0.00881109449357116
HOXC13,HOXC11,1,0.39659601941099526
SOX4,HOXC11,-1,-0.008162263073722066
PBX1,HOXC11,1,0.02559632078691216
GABPA,HOXC11,-1,-0.004183855982258527
ZNF282,HOXC11,-1,-0.011851038311956965
HOXD9,HOXC11,1,0.017462516525034815
TEAD3,HOXC11,1,0.047565747584965165
KLF15,HOXC11,-1,-0.034614833185224486
SPI1,HOXC11,-1,-0.07823095233349789
SOX2,HOXC11,1,0.02523891348035154
SRF,HOXC11,-1,-0.04913027860099599
POU3F3,HOXC11,-1,-0.009305956247147045
EWSR1,HOXC11,-1,-0.010652061776452521
ZBTB16,HOXC11,1,0.026697310366081205
SOX12,HOXC11,-1,-0.01987385642821696
CEBPG,HOXC11,-1,-0.027184821779140788
VENTX,HOXC11,1,0.05690569865657068
FOS,HOXC11,-1,-0.006563130679488338
TFAP2B,HOXC11,1,0.028721394339008163
SATB1,HOXC11,1,0.005982528568926914
FOXD3,HOXC11,1,0.028900212716247837
HOXD13,HOXC11,1,0.00830660654866187
FOXC1,HOXC11,-1,-0.01636014082286809
HOXA10,HOXC11,1,0.048724097059833646
SMAD3,HOXC11,1,0.011118866707266941
POU3F2,HOXC11,-1,-0.0007376117003096723
MAZ,HOXC11,1,0.05171003274916947
HOXB13,HOXC11,1,0.00679606047444738
PEG10,HOXC11,-1,-0.0015549689987133868
MLX,HOXC11,1,0.019927725252121862
BCL6,HOXC11,-1,-0.006455325156924273
SREBF1,HOXC11,1,0.0018338779000816243
ZNF35,HOXC11,1,0.005681176298136871
MYBL2,PLAGL1,-1,-0.03116616405233186
ELF5,PLAGL1,1,0.04318359478790587
ELF3,PLAGL1,1,0.10317054840281865
HOXD10,PLAGL1,-1,-0.010641817184706982
SOX9,PLAGL1,-1,-0.02062257513541311
TRIM28,PLAGL1,-1,-0.0032826393713085416
KLF11,PLAGL1,1,0.015953359041726806
SP4,PLAGL1,-1,-0.053313020059608314
KLF15,PLAGL1,-1,-0.010702685420264438
SOX2,PLAGL1,-1,-0.19560318711627972
SRF,PLAGL1,1,0.02925357519391388
E2F2,PLAGL1,-1,-0.0010269090922132246
TAL1,PLAGL1,1,0.005641794129328494
ELF4,PLAGL1,1,0.19820465313837934
EGR1,PLAGL1,1,0.006962018707991128
HOXD13,PLAGL1,1,0.016443159924652742
IRF2,PLAGL1,1,0.018155885317966563
SMAD4,PLAGL1,1,0.01686420790430204
SMAD3,PLAGL1,1,0.07623052816298241
FOXO1,PLAGL1,1,0.0010432976375705498
IRF7,PLAGL1,1,0.0046360338603069805
POU3F2,PLAGL1,1,0.16911392548827706
FLI1,PLAGL1,1,0.13680650697737837
TFAP2A,PLAGL1,1,0.036210391006623356
PAX6,PLAGL1,1,0.18478945046656292
ZNF35,PLAGL1,1,0.06224432602534873
REL,NR5A2,1,0.19905693248112774
SREBF2,NR5A2,-1,-0.02374090608026054
SOX21,NR5A2,-1,-0.014238739854541282
TFEC,NR5A2,1,0.013963296284591803
STAT4,NR5A2,1,0.0025644702597107352
SOX17,NR5A2,1,0.19599535829948864
GBX2,NR5A2,1,0.013586595200562657
GABPA,NR5A2,1,0.007784496038657472
POU3F3,NR5A2,-1,-0.016135667448764688
ESR2,NR5A2,1,0.11585618258986104
EMX2,NR5A2,-1,-0.019871362480923044
FOXF2,NR5A2,1,0.0895737909050107
RUNX2,NR5A2,1,0.03444511520704247
SATB1,NR5A2,1,0.05760248832552983
POU4F1,NR5A2,1,0.07520863914400124
TFEB,NR5A2,1,0.04544634228152484
POU3F2,NR5A2,1,0.027014880500989383
SOX1,NR5A2,1,0.028482567252762485
FOXP3,NR5A2,1,0.05530394747068956
TEAD4,NR5A2,1,0.08251045869614301
RARG,NR5A2,1,0.0017267725832401022
ELF2,NR5A2,1,0.03130782029997384
BCL6,NR5A2,1,0.004230586001262085
SREBF1,NR5A2,-1,-0.049557931659195247
PAX6,NR5A2,1,0.03669383250895777
HSF1,VENTX,-1,-0.01003657294481064
KLF13,VENTX,-1,-0.020518274193865364
ELF3,VENTX,1,0.03787045506329131
IRF8,VENTX,1,0.003026616800062155
MEF2A,VENTX,1,0.008135568391638428
TP53,VENTX,-1,-0.010749693738737312
KLF11,VENTX,-1,-0.0013924465281095037
SP4,VENTX,-1,-0.0855025779111028
LEF1,VENTX,1,0.018725795356422013
KLF15,VENTX,1,0.0824280576940912
SPI1,VENTX,1,0.008569764642347941
TCF3,VENTX,-1,-0.10429261645979764
VDR,VENTX,1,0.36547952201874007
ATF5,VENTX,1,0.010681973851362454
RFX2,VENTX,1,0.12125991811856685
ELF4,VENTX,-1,-0.012929136967567024
TFAP2B,VENTX,1,0.01961564469448893
EGR1,VENTX,1,0.0010963991851930383
RUNX2,VENTX,1,0.2826190412128538
PRDM1,VENTX,1,0.011492620887054104
IRF7,VENTX,-1,-0.02902339787503929
POU3F2,VENTX,1,0.07295037679274757
RFX3,VENTX,-1,-0.02065693833985775
INSM1,VENTX,1,0.025183839639485357
MAFB,VENTX,1,0.0689451147250444
HIC1,VENTX,1,0.07791200796771205
RUNX3,VENTX,1,0.07583288531598044
ARID3A,VENTX,1,0.04723246355942583
TBP,VENTX,1,0.0055063315329812595
FOXO3,VENTX,-1,-0.021776619591677447
TBR1,VENTX,1,0.007594474771768786
RFX5,VENTX,1,0.0017957144556534851
NFIX,EGR2,-1,-0.0471020680698723
HSF1,EGR2,-1,-0.004582204581285243
RELA,EGR2,-1,-0.04093053040251817
FOSL1,EGR2,1,0.008196383618890454
MEF2A,EGR2,1,0.09800874663184551
FOXJ1,EGR2,-1,-0.018421560895259936
SP1,EGR2,-1,-0.018402402048916834
HMGA1,EGR2,1,0.051323095605493814
ZNF219,EGR2,1,0.03485216300071227
SP4,EGR2,-1,-0.0028052426525867697
KLF15,EGR2,-1,-0.051838926004654694
SOX2,EGR2,1,0.04031091002323787
THRA,EGR2,-1,-0.05420651039268431
NFKB1,EGR2,1,0.08027098645101374
RUNX1,EGR2,1,0.02796480407698664
FOS,EGR2,1,0.16172872816723202
EGR1,EGR2,1,0.3938955967400228
TFAP2C,EGR2,1,0.09508721572025412
FOXD3,EGR2,1,0.008096248401673506
FOXO4,EGR2,1,0.07741884722310034
NKX2-2,EGR2,1,0.005149997160819013
NKX3-1,EGR2,1,0.0854055435352706
FLI1,EGR2,1,0.02431287602777365
PPARA,EGR2,1,0.0040384076610980825
NFIX,FOS,-1,-0.03870021018126995
HSF1,FOS,-1,-0.04649526662428224
SOX18,FOS,-1,-0.04468023283714877
MEOX2,FOS,1,0.0012647934614702617
KLF13,FOS,1,0.07477671531547063
ELK1,FOS,-1,-0.10441850991111094
HOXC10,FOS,1,0.014408930000071417
HOXD10,FOS,1,0.0013129315612047726
E2F1,FOS,1,0.01163229589857765
SOX21,FOS,-1,-0.05437202982645907
MEF2A,FOS,-1,-0.022523620786377537
ZNF281,FOS,-1,-0.15713300225645202
FOXJ1,FOS,1,0.004099624107726677
SP1,FOS,1,0.08545774081307722
TP53,FOS,1,0.02909970353533842
SP4,FOS,-1,-0.02461868526664124
E2F4,FOS,1,0.0129725379195047
SOX4,FOS,1,0.2178719855004946
SOX17,FOS,1,0.07026708653309666
GBX2,FOS,-1,-0.010113726343772387
NFYA,FOS,-1,-0.03343070498118723
ZNF282,FOS,1,0.04085281773712211
SOX15,FOS,-1,-0.01402826229751931
ETV6,FOS,-1,-0.018542596122686276
TEAD3,FOS,-1,-0.09442258509156158
LEF1,FOS,-1,-0.08767369515400658
SOX13,FOS,1,0.026247842243215126
ELF1,FOS,1,0.1779848519447906
SOX2,FOS,1,0.00010497746346875186
SRF,FOS,1,0.03647931221939082
THRA,FOS,-1,-0.14247512714279323
CEBPD,FOS,1,0.32258166795278803
PATZ1,FOS,1,0.03238308000191457
POU3F4,FOS,-1,-0.0023730488551507614
CEBPA,FOS,1,0.04147761540682851
ZBTB16,FOS,1,0.0162223793013233
TCF3,FOS,-1,-0.1745466489370876
ATF5,FOS,-1,-0.032453312239661206
SOX12,FOS,-1,-0.007653034142170799
NFATC1,FOS,-1,-0.20428679901131439
CEBPG,FOS,1,0.05180883549915403
TAL1,FOS,1,0.07212132092737143
RUNX1,FOS,-1,-0.13608817518501637
DBP,FOS,1,0.0016810052007382383
TFAP2B,FOS,-1,-0.052831064710720244
EGR1,FOS,1,0.8677691307701165
RUNX2,FOS,-1,-0.004804319237116522
NR2C2,FOS,-1,-0.014490501788007154
PRRX1,FOS,1,0.026645580521395245
HOXD13,FOS,1,0.025664836547715106
NR2E1,FOS,1,0.01703943253373114
HOXB6,FOS,-1,-0.062286003274503426
POU4F1,FOS,-1,-0.0657974321066755
PRDM1,FOS,1,0.032285273338856696
FOXO4,FOS,1,0.027350780174409114
SMAD4,FOS,1,0.3054932789057317
MSC,FOS,1,0.05294473846841789
ETV5,FOS,-1,-0.05682352679659944
HOXA10,FOS,-1,-0.10919664954607071
NKX3-1,FOS,-1,-0.06380828879929208
IRF7,FOS,1,0.014383220273134352
POU3F2,FOS,-1,-0.05275531338236965
RFX3,FOS,1,0.06790000925531631
TCF7L2,FOS,-1,-0.06668851001631708
VBP1,FOS,-1,-0.02096150230474395
E2F3,FOS,-1,-0.14835274914290283
SOX1,FOS,1,0.009275767281926124
HOXB13,FOS,-1,-0.05108336635377704
HOXA3,FOS,-1,-0.06624722081088992
SIX6,FOS,1,0.04051287899058721
HLF,FOS,1,0.0505002170564271
TBP,FOS,-1,-0.008481183704552161
FOXO3,FOS,1,0.13900221141325267
TFAP2A,FOS,-1,-0.061165799559640834
NFIL3,FOS,1,0.05073447611791947
OSR2,FOS,1,0.08436173646608618
EN1,FOS,-1,-0.011260992679887782
MEOX2,HOXB3,1,0.062452766736615296
HOXC10,HOXB3,1,0.055260237793852515
ZNF652,HOXB3,-1,-0.012215876097658547
RARA,HOXB3,-1,-0.023056111360048752
HOXD10,HOXB3,1,0.04069787910726254
SOX21,HOXB3,1,0.07157662934799439
HMGA1,HOXB3,-1,-0.033516491983893254
TP53,HOXB3,1,0.0036986178783129657
RXRA,HOXB3,-1,-0.02357747251149527
GABPA,HOXB3,1,0.0636237768143994
TEAD3,HOXB3,1,0.06381302994066763
LEF1,HOXB3,1,0.01438402714092646
TRAF4,HOXB3,1,0.011964523559483133
TCF3,HOXB3,1,0.008955472682373828
RFX1,HOXB3,1,0.002219187195358691
CEBPG,HOXB3,-1,-0.012412882891656837
SOX11,HOXB3,-1,-0.07072216279321315
HOXB9,HOXB3,1,0.11604257254443805
HOXC11,HOXB3,1,0.11891847655361701
VENTX,HOXB3,1,0.06355835788394945
ZEB1,HOXB3,1,0.03536941494640194
EGR1,HOXB3,1,0.018527279612210554
ONECUT2,HOXB3,-1,-0.04883157763568602
HOXD13,HOXB3,1,0.03407964199963487
HOXB6,HOXB3,1,0.3012326376489309
FOXO4,HOXB3,-1,-0.03408279003370752
BACH1,HOXB3,-1,-0.06871926526885436
TFEB,HOXB3,-1,-0.034867893459079626
SMAD3,HOXB3,1,0.03203561360862465
IRF7,HOXB3,1,0.030852060403293465
POU3F2,HOXB3,1,0.12309335647790187
RORA,HOXB3,-1,-0.017755362314749588
SOX1,HOXB3,-1,-0.05808916046803133
HOXB13,HOXB3,1,0.10109712527439953
HOXA3,HOXB3,1,0.19405763933810294
MSX2,HOXB3,-1,-0.0584159728931584
MAFB,HOXB3,-1,-0.017709002324488427
NR4A1,HOXB3,1,0.022956143570791385
NFATC4,HOXB3,1,0.006788425352111627
BCL6,HOXB3,-1,-0.025938292139074105
MEF2D,EMX2,1,0.013688802164958814
LHX6,EMX2,1,0.11120642374866063
ESRRG,EMX2,1,0.09699926762954257
E2F1,EMX2,1,0.030183524241747493
SP1,EMX2,-1,-0.03428599945189165
NEUROD1,EMX2,1,0.06095938428229601
HMGA1,EMX2,-1,-0.045395843831956974
ZNF219,EMX2,1,0.014431803686918916
TP53,EMX2,-1,-0.014392932319178965
SOX4,EMX2,-1,-0.054415339717441245
SOX17,EMX2,1,0.22065495117534553
GBX2,EMX2,-1,-0.04261276211546081
GABPA,EMX2,1,0.0059442355506341
SPI1,EMX2,1,0.06451715224580744
THRA,EMX2,1,0.04193879829408462
PPARG,EMX2,-1,-0.06219478919979885
TRAF4,EMX2,-1,-0.019751035625671532
POU3F4,EMX2,1,0.03603913677443785
CEBPA,EMX2,1,0.040266045115620014
SOX11,EMX2,-1,-0.16161686411529433
NR5A2,EMX2,-1,-0.21367993744800282
EGR1,EMX2,1,0.020235297139278186
IRF1,EMX2,-1,-0.011520505729260637
POU4F1,EMX2,1,0.0029968243023554744
PRDM1,EMX2,-1,-0.08031233485894373
FOXO4,EMX2,1,0.02242352952191937
FOXC1,EMX2,1,0.09398242486832091
FOXO1,EMX2,1,0.11274122023287592
POU3F2,EMX2,1,0.04798615108497269
HOXB2,EMX2,1,0.034917060516035006
HOXD11,EMX2,-1,-0.06898525664628606
FLI1,EMX2,-1,-0.031364733732405614
HOXA3,EMX2,1,0.021425219661751503
MSX1,EMX2,1,0.031274602655512254
MAFB,EMX2,1,0.029159512522102193
HIC1,EMX2,-1,-0.01698204860344171
ETS2,EMX2,1,0.022592362323749907
NFATC4,EMX2,1,0.10943440086895623
TBP,EMX2,1,0.0268670966011871
TFAP2A,EMX2,-1,-0.0071174859764982995
PAX6,EMX2,1,0.40446426425150706
ERG,ZEB1,1,0.03428734768574934
ETV1,ZEB1,1,0.16381581433180767
ELF5,ZEB1,-1,-0.10149639319362254
MEOX2,ZEB1,-1,-0.06174154440027873
HOXC10,ZEB1,-1,-0.04674952091441809
RARA,ZEB1,1,0.0031308069148913587
SREBF2,ZEB1,1,0.005890408282758254
ETS1,ZEB1,1,0.03309028912930736
IRF8,ZEB1,1,0.02342997533734799
SOX9,ZEB1,1,0.09551197072742823
FOXJ1,ZEB1,-1,-0.057836789767775974
STAT4,ZEB1,-1,-0.0787187881383898
SP1,ZEB1,1,0.0038077566970754874
HMGA1,ZEB1,-1,-0.12108861108719265
TP53,ZEB1,1,0.031081049028624692
SP4,ZEB1,1,0.004147083551520112
E2F4,ZEB1,-1,-0.07796952736465494
SOX17,ZEB1,1,2.5904553172494927e-05
GABPA,ZEB1,1,0.0715359656439698
KLF15,ZEB1,-1,-0.08514333267630277
SOX13,ZEB1,-1,-0.004650561615939593
ELF1,ZEB1,1,0.18413180534015086
SPI1,ZEB1,-1,-0.0005029290602674406
SOX2,ZEB1,1,0.023589775383226708
SRF,ZEB1,-1,-0.07175051797186133
POU3F3,ZEB1,1,0.006407895351293369
PPARG,ZEB1,-1,-0.020397873642421658
PATZ1,ZEB1,1,0.012671273795487771
CEBPA,ZEB1,-1,-0.026652542166551673
NFKB1,ZEB1,1,0.13529787656017128
VDR,ZEB1,-1,-0.07045509910267554
RFX2,ZEB1,1,0.03632698356786123
SOX12,ZEB1,-1,-0.0017731807727864024
JUN,ZEB1,1,0.017802430988597774
TAL1,ZEB1,1,0.03499067495417439
ZNF217,ZEB1,-1,-0.20260634377381592
SOX11,ZEB1,1,0.115551828704401
ELF4,ZEB1,-1,-0.02356575511913436
TFAP2B,ZEB1,-1,-0.03804297129596097
EGR1,ZEB1,1,0.0076743951736626395
IRF1,ZEB1,1,0.003117507651281601
PKNOX2,ZEB1,1,0.15162627498170092
TFAP2C,ZEB1,-1,-0.09257159520960694
ONECUT2,ZEB1,-1,-0.11015446627014357
HOXB6,ZEB1,-1,-0.04686946163251744
SMAD4,ZEB1,1,0.09760116897874756
NF1,ZEB1,1,0.13627516314200566
MSC,ZEB1,1,0.019295480714202187
ETV5,ZEB1,1,0.042854636600707145
HOXA10,ZEB1,-1,-0.025974896529481116
CDC5L,ZEB1,1,0.0985040571895218
TGIF2,ZEB1,-1,-0.07159750298295564
CREB5,ZEB1,1,0.10655576342015768
IRF7,ZEB1,-1,-0.014800886903213278
POU3F2,ZEB1,1,0.1726514231227349
MAZ,ZEB1,1,0.1013600602896008
HOXD11,ZEB1,-1,-0.009179755653823897
RORA,ZEB1,1,0.1810461553586278
SOX1,ZEB1,1,0.021007709293472728
HOXB13,ZEB1,1,0.026614277803852546
AR,ZEB1,-1,-0.02772614102480464
SIX6,ZEB1,1,0.08763601873459721
HIC1,ZEB1,1,0.02786212794163159
NFATC4,ZEB1,1,0.021617570766108013
PPARA,ZEB1,1,0.018865341871649594
NKX6-1,ZEB1,-1,-0.07457832917861718
E2F8,ZEB1,-1,-0.022003155573269803
TFAP2A,ZEB1,1,0.012248204069257067
HOXA9,ZEB1,-1,-0.04718448216172006
EN1,ZEB1,-1,-0.010150987139621759
REL,TFAP2B,1,0.09964778380877583
MEF2D,TFAP2B,-1,-0.058707256113223645
HOXC10,TFAP2B,1,0.04085014087983216
ELF3,TFAP2B,1,0.11454557537913775
TP53,TFAP2B,1,0.002702176920692336
SIRT6,TFAP2B,-1,-0.03514540314444008
SPI1,TFAP2B,-1,-0.05045980658270188
SOX2,TFAP2B,1,0.041646112892216036
SRF,TFAP2B,1,0.051304480700003645
MAFK,TFAP2B,1,0.005656702656898321
ZBTB16,TFAP2B,-1,-0.018377502952426683
TCF3,TFAP2B,-1,-0.06368736241706573
JUN,TFAP2B,-1,-0.020576745334653642
ELF4,TFAP2B,1,0.010723179416377083
EGR2,TFAP2B,1,0.015758886751160793
HOXB3,TFAP2B,1,0.042922520154631036
FOXD3,TFAP2B,1,0.08250804034272503
IRF2,TFAP2B,-1,-0.005602505294827651
TFEB,TFAP2B,1,0.11669138162797554
HOXA10,TFAP2B,1,0.0871029720043731
NR2F1,TFAP2B,1,0.025718293815733876
POU3F2,TFAP2B,1,0.049334034317888895
DLX6,TFAP2B,1,0.3198861960227411
MAZ,TFAP2B,1,0.007280372997393954
HOXA3,TFAP2B,1,0.046162757239961195
MAFB,TFAP2B,1,0.007600670493927585
ARID3A,TFAP2B,1,0.07701790287795583
TBP,TFAP2B,1,0.002528371289720101
BCL6,TFAP2B,-1,-0.034333727508850095
ASCL2,TFAP2B,1,0.06726026937537012
ZNF35,TFAP2B,-1,-0.037449993103509105
MEF2D,ELK4,1,0.13800053515122634
MEOX2,ELK4,1,0.010252505619370803
ELK1,ELK4,-1,-0.08640481653151044
RARA,ELK4,-1,-0.020360246425459604
ETS1,ELK4,1,0.02485885858274145
MEF2A,ELK4,1,0.00945719991279922
ZNF281,ELK4,1,0.07606033133673509
SP1,ELK4,1,0.352211594182805
HMGA1,ELK4,-1,-0.05879028064107557
TP53,ELK4,1,0.021020101707216424
SP4,ELK4,1,0.1579588099183401
HOXC13,ELK4,-1,-0.035756176953728215
PBX1,ELK4,1,0.0741096317498894
GABPA,ELK4,1,0.03264611645411379
ETV6,ELK4,1,0.2113621923913317
STAT5B,ELK4,-1,-0.08142290292202342
KLF15,ELK4,-1,-0.009892415958095693
SPI1,ELK4,-1,-0.051408093503865444
SOX2,ELK4,-1,-0.05801500628585657
POU3F4,ELK4,1,0.01055461234032223
CEBPA,ELK4,-1,-0.014429133186612977
TCF3,ELK4,-1,-0.10300758768343937
MYCN,ELK4,-1,-0.04258394803899736
IKZF1,ELK4,1,0.06176852544501058
ATF5,ELK4,-1,-0.0002551317923018523
ETV4,ELK4,1,0.001892071028626553
RUNX1,ELK4,1,0.02521465809681511
HOXD13,ELK4,-1,-0.0019260569023512783
BRCA1,ELK4,1,0.06471220366894136
FOXO4,ELK4,1,0.02760698962454168
SMAD3,ELK4,1,0.07478539654056575
RFX3,ELK4,1,0.015541345150409478
FEV,ELK4,-1,-0.10050136142158266
TCF7L2,ELK4,1,0.05681692625883522
HOXB2,ELK4,1,0.010089695398444681
ETV3,ELK4,1,0.21939926366394114
E2F3,ELK4,1,0.12209557155928918
FLI1,ELK4,1,0.015210792927058757
NR2F6,EGR1,-1,-0.038604575622194374
MEF2D,EGR1,1,0.04011372050258309
NFKB2,EGR1,-1,-0.008861185982481454
SOX18,EGR1,1,0.004761611904879721
KLF13,EGR1,-1,-0.053431737199483575
ELK1,EGR1,1,0.005569081581161569
RELA,EGR1,1,0.0011700790449202705
SOX21,EGR1,-1,-0.003938716084806483
IRF8,EGR1,-1,-0.1804252722208848
GTF2A1,EGR1,1,0.020782152033021428
SOX9,EGR1,1,0.07657831124501971
HMGA1,EGR1,-1,-0.00017838804890516432
ZNF219,EGR1,-1,-0.011172095664590024
SP4,EGR1,1,0.04731738594139024
HOXC13,EGR1,1,0.07418898296125764
NFYA,EGR1,1,0.0006739485734048187
RXRA,EGR1,1,0.026760132103853217
ZNF282,EGR1,-1,-0.016304645262466146
TEAD3,EGR1,1,0.045863818411866375
SPI1,EGR1,1,0.14221923841944617
SOX2,EGR1,-1,-0.046153785276328685
SRF,EGR1,1,0.17989041868206698
THRA,EGR1,1,0.04414675138888585
TRAF4,EGR1,1,0.036033875523058756
POU3F4,EGR1,1,0.007306791023166153
NFKB1,EGR1,-1,-0.11926889302569918
VDR,EGR1,-1,-0.03408118112213559
MZF1,EGR1,1,0.04944852766681797
SOX12,EGR1,-1,-0.027703814363356997
NFATC1,EGR1,1,0.05357517181680243
EGR2,EGR1,1,0.6080716079492258
IRF1,EGR1,1,0.04334636661118347
MAF,EGR1,1,0.020071763264716443
TFAP2C,EGR1,-1,-0.09992922498264378
FOXD3,EGR1,-1,-0.002180010499849551
HOXD13,EGR1,1,0.002419827216854388
LMO2,EGR1,1,0.09866531810008065
NF1,EGR1,-1,-0.038671308348954124
FOXC1,EGR1,1,0.05721613215731295
ETV5,EGR1,1,0.09388956973191874
FOXO1,EGR1,1,0.002188249519533799
IRF7,EGR1,-1,-0.025927339919929373
PITX1,EGR1,-1,-0.022364617846356828
POU3F2,EGR1,1,0.0009272227982139372
FLI1,EGR1,-1,-0.06357623512063729
MAFB,EGR1,1,0.14744766406349677
FOXM1,EGR1,1,0.02381488746448531
TBP,EGR1,1,0.0016660276907929903
FOXO3,EGR1,1,0.051766411849522145
PPARA,EGR1,-1,-0.12333165471327925
SREBF1,EGR1,-1,-0.015852317915119287
ZNF35,EGR1,-1,-0.036043504240370325
MEF2D,IRF1,-1,-0.0054235696202518755
SOX18,IRF1,-1,-0.001588543957651304
ELF5,IRF1,1,0.019046324272102257
RELA,IRF1,1,0.1142572891346051
SP100,IRF1,1,0.28741328395804333
ZNF652,IRF1,-1,-0.03404457720575201
ELF3,IRF1,1,0.20328352102745847
E2F1,IRF1,-1,-0.046835789267188094
SOX21,IRF1,1,0.028594366528435784
ETS1,IRF1,-1,-0.022880675377874818
SOX9,IRF1,-1,-0.003652954607291817
PLAG1,IRF1,-1,-0.019226509489804137
STAT4,IRF1,1,0.035841718139581626
KLF11,IRF1,-1,-0.03655611084222668
SOX4,IRF1,-1,-0.0503053348228891
PBX1,IRF1,-1,-0.11937688289398694
NFYA,IRF1,-1,-0.008542709312955879
GABPA,IRF1,-1,-0.0314905901543196
ZNF282,IRF1,1,0.04834306408369494
SOX15,IRF1,-1,-0.03053128046307385
STAT5B,IRF1,1,0.013856288087778812
KLF15,IRF1,-1,-0.11682386400877404
ELF1,IRF1,-1,-0.03729561715787299
SOX2,IRF1,-1,-0.027938158762902583
POU3F3,IRF1,-1,-0.01349250698943697
PPARG,IRF1,-1,-0.004286371981172313
PATZ1,IRF1,1,0.10296140811973838
NFKB1,IRF1,1,0.11647033334107998
TCF3,IRF1,1,0.031887744030066334
RFX1,IRF1,-1,-0.08595731740673687
JUN,IRF1,1,0.050791124167196826
STAT5A,IRF1,1,0.06383212955609682
SOX11,IRF1,1,0.006622575849247015
HBP1,IRF1,1,0.009838729889936209
ELF4,IRF1,1,0.042518163817811094
EGR1,IRF1,1,0.07040001744722314
RUNX2,IRF1,-1,-0.15662266130935396
MAF,IRF1,1,0.06638189934246858
TFAP2C,IRF1,1,0.08540738593817365
NF1,IRF1,1,0.05643802807567085
FOXC2,IRF1,-1,-0.009192909804385656
MEIS1,IRF1,1,0.001418046472686787
IRF7,IRF1,1,0.18637355302273292
PITX1,IRF1,-1,-0.016607694934391164
RFX3,IRF1,1,0.003408375234568482
FLI1,IRF1,-1,-0.018984595986649144
SOX1,IRF1,-1,-0.0012395762644317311
AR,IRF1,1,0.02672556287920555
SIX6,IRF1,1,0.038146590357494285
PRDM4,IRF1,-1,-0.14295238885793804
RUNX3,IRF1,1,0.049035314991785005
NFATC4,IRF1,-1,-0.018568799684599097
ELF2,IRF1,1,0.15161391755829395
FOXO3,IRF1,-1,-0.05165400028120018
HOXA9,IRF1,-1,-0.020581422769744364
EN1,IRF1,1,0.007517985755576919
ZNF35,IRF1,1,0.07875376479821675
SOX18,FOXF2,1,0.0872534408733197
MEOX2,FOXF2,1,0.06653404291665437
ELK1,FOXF2,1,0.0364062454247217
LHX6,FOXF2,1,0.009239398389778783
GTF2A1,FOXF2,-1,-0.00873694325637075
AHR,FOXF2,1,0.015771553677109754
SOX9,FOXF2,1,0.025251905760693683
SP1,FOXF2,-1,-0.03914568363303852
NEUROD1,FOXF2,-1,-0.012769713364824464
ZNF219,FOXF2,1,0.07963760780764617
TP53,FOXF2,1,0.03735452366221009
PBX1,FOXF2,-1,-0.008964668228659677
RXRA,FOXF2,-1,-0.07785958088956751
GABPA,FOXF2,-1,-0.005227597366930437
ETV6,FOXF2,-1,-0.03982538557187212
STAT5B,FOXF2,1,0.007735149891588715
KLF15,FOXF2,-1,-0.02654102068133426
SPI1,FOXF2,-1,-0.06488748045073849
PATZ1,FOXF2,1,0.032914460164788474
TBX2,FOXF2,1,0.1593372192028336
TRAF4,FOXF2,1,0.0262391946472734
CEBPA,FOXF2,1,0.006277892252978589
MAFK,FOXF2,-1,-0.012795695693090574
SOX12,FOXF2,1,0.029681842738582397
E2F2,FOXF2,-1,-0.020025512116322905
STAT5A,FOXF2,-1,-0.07970487693409387
SOX11,FOXF2,1,0.02636640183711305
EGR1,FOXF2,1,0.038019617732071374
RUNX2,FOXF2,-1,-0.027687063198572726
PKNOX2,FOXF2,1,0.04542045792855113
MAF,FOXF2,1,0.0653850868386773
SMAD4,FOXF2,1,0.009684905948933136
FOXC1,FOXF2,1,0.2491060411094578
FOXO1,FOXF2,-1,-0.05653782714902155
TGIF2,FOXF2,-1,-0.032117489097418336
IRF7,FOXF2,-1,-0.02816039142066259
RFX3,FOXF2,-1,-0.023848585877102965
FLI1,FOXF2,1,0.3224747126310179
SIX6,FOXF2,1,0.04237831571072542
PPARA,FOXF2,-1,-0.0005849237040617036
TFAP2A,FOXF2,1,0.09398688190337619
ARNT,RUNX2,1,0.10329437735261583
SOX18,RUNX2,-1,-0.02231099122210053
MYBL2,RUNX2,-1,-0.03574264708211084
HOXC10,RUNX2,-1,-0.015556397673491745
SOX21,RUNX2,-1,-0.09209035136317723
AHR,RUNX2,1,0.023763800213518545
ZBTB33,RUNX2,1,0.07876145426113855
TP53,RUNX2,-1,-0.001376678203572567
SOX4,RUNX2,1,0.005151924155474493
SOX17,RUNX2,-1,-0.04603801878604848
PBX1,RUNX2,1,0.035264175791969846
HOXD9,RUNX2,1,0.027390538380026808
SOX15,RUNX2,-1,-0.032408803616039025
JDP2,RUNX2,1,0.08462501339403909
ELF1,RUNX2,-1,-0.05002326210494278
SOX2,RUNX2,-1,-0.0071678631908291815
SRF,RUNX2,1,0.004652666725489691
THRA,RUNX2,-1,-0.016320327669343562
POU3F3,RUNX2,-1,-0.0924131247711586
POU3F4,RUNX2,-1,-0.022066210421911144
MAFK,RUNX2,1,0.004583523777305561
TCF3,RUNX2,-1,-0.03917645443880609
MYCN,RUNX2,-1,-0.02847525240504115
IKZF1,RUNX2,1,0.15984677157439642
ATF5,RUNX2,1,0.03874696228846991
STAT5A,RUNX2,-1,-0.006156318456781578
RUNX1,RUNX2,1,0.17217424465758072
HOXB9,RUNX2,1,0.005288027535620427
FOS,RUNX2,-1,-0.029863425072659516
EMX2,RUNX2,1,0.011668232520266305
IRF1,RUNX2,-1,-0.0496753333741862
FOXF2,RUNX2,-1,-0.023839633163404417
MAF,RUNX2,1,0.003310298590587301
FOXD3,RUNX2,-1,-0.04547288310866044
NR2E1,RUNX2,-1,-0.03573405411960051
IRF2,RUNX2,-1,-0.056998853051366524
PRDM1,RUNX2,1,0.11954344783460946
BACH1,RUNX2,1,0.03461641120876688
FOXO1,RUNX2,1,0.023495536435871163
FOXC2,RUNX2,1,0.15440133585184002
NKX3-1,RUNX2,1,0.1370238563550325
PITX1,RUNX2,1,0.01987728029013638
POU3F2,RUNX2,1,0.027183681507529416
RFX3,RUNX2,-1,-0.007832898397825624
HOXD11,RUNX2,-1,-0.031105880902168696
SOX1,RUNX2,-1,-0.001015344901597024
HOXA3,RUNX2,1,0.0029275439043183406
AR,RUNX2,1,0.03507285898076966
TEAD4,RUNX2,1,0.018802457577013595
BCL6,RUNX2,1,0.007568257791958254
NKX6-1,RUNX2,1,0.05925938266164812
ASCL2,RUNX2,1,0.2096341716247882
HOXA9,RUNX2,1,0.021384627071353066
CPEB1,RUNX2,1,0.02195684279864341
NR2F6,NR2C2,-1,-0.018116043795701392
NFIX,NR2C2,1,0.20986426309476797
SOX18,NR2C2,-1,-0.020247583668583764
ELK1,NR2C2,-1,-0.0015530173674816825
RARA,NR2C2,-1,-0.038412014574583576
SOX21,NR2C2,-1,-0.03681615899540425
MEF2A,NR2C2,1,0.08224967920346082
SOX9,NR2C2,1,0.07967375479266291
ZNF281,NR2C2,1,0.06687957977754823
FOXJ1,NR2C2,1,0.0025710412806353956
SP1,NR2C2,1,0.2049613392811411
SP4,NR2C2,1,0.1515576889657147
E2F4,NR2C2,1,0.038369524944057785
SOX4,NR2C2,-1,-0.08436234199503105
PBX1,NR2C2,1,0.021447416366120263
NFYA,NR2C2,1,0.0808147031099776
SIRT6,NR2C2,-1,-0.11765897416628267
SOX15,NR2C2,-1,-0.09567789194667431
SPI1,NR2C2,-1,-0.05460818323657566
SOX2,NR2C2,-1,-0.010559970441115504
SRF,NR2C2,1,0.040764699519190824
CEBPD,NR2C2,-1,-0.07558362814066402
MZF1,NR2C2,1,0.13494770458489755
ATF5,NR2C2,-1,-0.0633760774485682
E2F2,NR2C2,1,0.020113364095366685
CEBPG,NR2C2,1,0.04389500236568175
TAL1,NR2C2,1,0.08938852074142997
NKX2-5,NR2C2,-1,-0.026660644835930305
ELF4,NR2C2,1,0.017251729109066048
VENTX,NR2C2,1,0.07025197652643088
EGR1,NR2C2,-1,-0.03895001816985782
SATB1,NR2C2,1,0.1637430396839425
IRF2,NR2C2,-1,-0.199231075307447
FOXO4,NR2C2,1,0.009269330701364925
FOXC1,NR2C2,-1,-0.1107687432024442
SMAD3,NR2C2,1,0.06461883176341346
FOXC2,NR2C2,-1,-0.0008461516006924301
RFX3,NR2C2,1,0.044628803508581054
E2F3,NR2C2,1,0.12420961786619578
FOXO3,NR2C2,1,0.09813109271823284
PPARA,NR2C2,1,0.16316647007622226
BCL6,NR2C2,1,0.0009174249048346608
E2F8,NR2C2,1,0.056367841359559856
PAX6,NR2C2,-1,-0.013647821772460739
ZNF35,NR2C2,1,0.10772772713480067
MEOX2,PKNOX2,-1,-0.037554443319582353
TFCP2,PKNOX2,1,0.04211900003476209
E2F1,PKNOX2,-1,-0.007407010310388845
ARID5A,PKNOX2,1,0.03535962992552913
ZNF281,PKNOX2,1,0.05661689964324578
SP1,PKNOX2,-1,-0.05119881973895931
HOXD9,PKNOX2,1,0.006951978505078833
PATZ1,PKNOX2,1,0.1188268480257596
TRAF4,PKNOX2,-1,-0.023159090087575884
ZBTB16,PKNOX2,1,0.057922439616034015
RFX1,PKNOX2,1,0.08797045180574989
SATB1,PKNOX2,1,0.21835970831223564
HOXD13,PKNOX2,1,0.0008586410897254184
FOXO4,PKNOX2,1,0.04325432346766709
NKX2-2,PKNOX2,1,0.24449461438052852
FOXC1,PKNOX2,1,0.034863726731782285
HOXA10,PKNOX2,1,0.0016299097257247133
HOXD11,PKNOX2,1,0.024295400828470155
FLI1,PKNOX2,1,0.058716146169933564
TFAP2A,PKNOX2,1,0.047020117142599724
OSR2,PKNOX2,1,0.0008252331285331432
MEF2D,SATB1,-1,-0.022114414074895818
SOX18,SATB1,-1,-0.04532878403483768
TFCP2,SATB1,1,0.005164392544788441
MEF2A,SATB1,1,0.12226200339727096
ZNF281,SATB1,1,0.10469215418982536
STAT4,SATB1,1,0.14129257675437457
ZNF219,SATB1,1,0.027818942242558306
SOX4,SATB1,1,0.08937349565850833
SOX17,SATB1,1,0.166320143288033
GABPA,SATB1,-1,-0.03211687972456032
KLF15,SATB1,-1,-0.0175930115919579
SOX13,SATB1,1,0.013275357673434194
SPI1,SATB1,-1,-0.006341491118909558
SOX2,SATB1,1,0.05357005624667484
SRF,SATB1,-1,-0.019869071210915915
POU3F3,SATB1,-1,-0.03436328320222228
ZBTB16,SATB1,1,0.10903507599141346
TCF3,SATB1,-1,-0.08151297849845457
MYCN,SATB1,1,0.014377973421468395
MZF1,SATB1,1,0.04459635285750643
JUN,SATB1,-1,-0.00845466924601088
NKX2-5,SATB1,-1,-0.008658943145855606
ZNF217,SATB1,-1,-0.13850717422182668
SOX11,SATB1,1,0.1629063214760738
EGR1,SATB1,1,0.036432398390195075
IRF1,SATB1,-1,-0.014271852664746777
TFAP2C,SATB1,1,0.011742563433101956
ONECUT2,SATB1,1,0.002128378286136174
MAX,SATB1,-1,-0.03066499839739893
FOXO4,SATB1,1,0.10779296128068365
FOXO1,SATB1,-1,-0.058924463753495734
NKX3-1,SATB1,1,0.10969210315154185
IRF7,SATB1,-1,-0.037507952496250684
POU3F2,SATB1,-1,-0.03725743323331626
MAZ,SATB1,1,0.03518122489753291
ETV3,SATB1,-1,-0.023886397974819416
FOXP3,SATB1,1,0.04768514171319927
RARG,SATB1,-1,-0.01845498769121674
ARID3A,SATB1,1,0.030485211695018805
TEAD1,SATB1,1,0.06571862571770373
FOXO3,SATB1,1,0.020488201129106126
TFAP2A,SATB1,1,0.06738050668406584
ZNF35,SATB1,1,0.01461795468819254
MEF2D,HOXC6,-1,-0.016647578315737696
HOXC10,HOXC6,1,0.43923969134537605
HOXD10,HOXC6,-1,-0.018042565937072954
ARID5A,HOXC6,-1,-0.025980510637325312
ETS1,HOXC6,-1,-0.02397701889334148
SOX9,HOXC6,-1,-0.0296191898552815
TP53,HOXC6,-1,-0.01827983850467997
KLF11,HOXC6,1,0.013354451937529783
SP4,HOXC6,-1,-0.016544103616371385
HOXC13,HOXC6,-1,-0.025479065074318605
GBX2,HOXC6,1,0.021055157876607288
HOXD9,HOXC6,-1,-0.005975618738841701
SOX15,HOXC6,-1,-0.0628958728707394
TEAD3,HOXC6,1,0.00905366257214376
LEF1,HOXC6,1,0.008928985443697818
KLF15,HOXC6,-1,-0.014938714750244948
SOX13,HOXC6,1,0.011800887285353749
SPI1,HOXC6,-1,-0.057737808947289734
EWSR1,HOXC6,-1,-0.009363070588941135
ZBTB16,HOXC6,-1,-0.022653964280460247
TCF3,HOXC6,-1,-0.02653474560520819
ATF5,HOXC6,-1,-0.027440396375235963
RFX1,HOXC6,1,0.01552524288872481
TAL1,HOXC6,-1,-0.015258150043790256
XBP1,HOXC6,1,0.04075210810176139
HOXC11,HOXC6,-1,-0.06278858985713831
EMX2,HOXC6,1,0.023597242978836742
PRRX1,HOXC6,1,0.0004893449104510523
FOXD3,HOXC6,1,0.020302228076662765
HOXD13,HOXC6,-1,-0.066033832342424
NR2E1,HOXC6,-1,-0.0029483122646353473
HOXB6,HOXC6,1,0.05212805344054965
FOXO4,HOXC6,1,0.010255534216330952
NF1,HOXC6,-1,-0.0011230327111462265
FOXC1,HOXC6,-1,-0.017765086410314136
FOXO1,HOXC6,1,0.013101125973869449
IRF7,HOXC6,1,0.006563642556960864
POU3F2,HOXC6,-1,-0.050428126740150674
RFX3,HOXC6,1,0.011103575843997354
MAZ,HOXC6,-1,-0.009377442228934687
FEV,HOXC6,-1,-0.0073799157320125035
HOXD11,HOXC6,1,0.044156997661199446
HOXA4,HOXC6,1,0.07146223634849856
HOXA3,HOXC6,-1,-0.046008465042578044
AR,HOXC6,1,0.030282909456368634
TEAD4,HOXC6,1,0.016010168219294886
PRDM4,HOXC6,1,0.09410452733075636
MSX1,HOXC6,1,0.03690984100567023
MAFB,HOXC6,1,0.0026462926335553733
HIC1,HOXC6,1,0.050169138426800285
RUNX3,HOXC6,1,0.005017864200432589
FOXM1,HOXC6,1,0.020446741164396508
HOXC4,HOXC6,1,0.3521208793716061
TBP,HOXC6,-1,-0.00253850243595749
FOXO3,HOXC6,1,0.0024430241796324884
ASCL2,HOXC6,1,0.06353406643550998
HOXA9,HOXC6,1,0.02345338537783171
NFIL3,HOXC6,1,0.027941218023962128
RFC5,HOXC6,1,0.026682842819523617
EN1,HOXC6,1,0.015401435980317424
HSF1,PRRX1,-1,-0.0935807870474489
MYBL2,PRRX1,-1,-0.046831210384266145
MEOX2,PRRX1,1,0.014483423400276337
TFCP2,PRRX1,1,0.032567799028541115
RARA,PRRX1,-1,-0.06540175803005739
ELF3,PRRX1,-1,-0.08796771303051823
HOXD10,PRRX1,1,0.09407654135095059
ARID5A,PRRX1,-1,-0.01589481763222667
MEF2A,PRRX1,-1,-0.1751512687837598
GTF2A1,PRRX1,1,0.025313884036067925
SOX9,PRRX1,-1,-0.1001691463473035
ZNF281,PRRX1,1,0.1359307215329768
FOXJ1,PRRX1,-1,-0.06171109434193941
STAT4,PRRX1,-1,-0.10502609981855884
TP53,PRRX1,1,0.1323929387613664
KLF11,PRRX1,-1,-0.004164576873914318
HOXC13,PRRX1,-1,-0.07167398346106298
SOX4,PRRX1,1,0.2351938041686818
SOX17,PRRX1,1,0.0413138511276282
RXRA,PRRX1,-1,-0.12782097252910546
GABPA,PRRX1,1,0.16177615619851524
HOXD9,PRRX1,-1,-0.03758078214521747
SOX15,PRRX1,-1,-0.0722058053617857
GATA6,PRRX1,-1,-0.0703387846885231
LEF1,PRRX1,1,0.10956133326348493
KLF15,PRRX1,-1,-0.014323020217650785
SOX13,PRRX1,-1,-0.02775505215386148
ELF1,PRRX1,-1,-0.10579505959383749
SPI1,PRRX1,1,0.153549303455655
SOX2,PRRX1,1,0.04363613735535967
SRF,PRRX1,1,0.006637378187547621
POU3F3,PRRX1,1,0.03795656644692055
EWSR1,PRRX1,1,0.05124636857109909
CEBPD,PRRX1,-1,-0.047072899089370686
PPARG,PRRX1,-1,-0.3032313323485269
TRAF4,PRRX1,-1,-0.07018468288270258
POU3F4,PRRX1,-1,-0.00765041376020062
CEBPA,PRRX1,1,0.0816823385072214
MAFK,PRRX1,1,0.017459418843754553
ZBTB16,PRRX1,-1,-0.0653745146013881
NFKB1,PRRX1,1,0.2591475610896895
VDR,PRRX1,1,0.020564192979013893
IKZF1,PRRX1,-1,-0.21774046396504
SOX12,PRRX1,-1,-0.20305801753720978
RFX1,PRRX1,-1,-0.0647387733599749
CEBPG,PRRX1,1,0.10627023777275964
ZNF217,PRRX1,1,0.16141154267023505
XBP1,PRRX1,1,0.023153171351956173
SOX11,PRRX1,-1,-0.2040992220193276
EMX2,PRRX1,-1,-0.004359083807391676
EGR1,PRRX1,1,0.018865076122725137
IRF1,PRRX1,1,0.16207877362091955
RUNX2,PRRX1,1,0.029431689987405814
TFAP2C,PRRX1,-1,-0.10719711680079841
FOXD3,PRRX1,-1,-0.006878346443337086
HOXD13,PRRX1,-1,-0.005705450896461805
BRCA1,PRRX1,-1,-0.11603549427345061
POU4F1,PRRX1,-1,-0.12432983730589753
PRDM1,PRRX1,-1,-0.046297686557345744
FOXO4,PRRX1,-1,-0.16501195386595982
SMAD4,PRRX1,1,0.3009394178490808
NKX2-2,PRRX1,1,0.020338984068633256
MSC,PRRX1,1,0.10114885072637574
SMAD3,PRRX1,1,0.017332038282695028
FOXO1,PRRX1,-1,-0.06508515141661612
NR2F1,PRRX1,1,0.1277987828069082
POU3F2,PRRX1,-1,-0.011503796480442573
MAZ,PRRX1,1,0.15882694231657724
FEV,PRRX1,1,0.06676377999497715
ZSCAN16,PRRX1,-1,-0.13146606533916183
FLI1,PRRX1,1,0.16439420351878306
HOXA4,PRRX1,-1,-0.07393060008052817
SOX1,PRRX1,-1,-0.1344198100119546
HOXB13,PRRX1,1,0.08165299889998748
MSX2,PRRX1,1,0.042841102164862054
AR,PRRX1,1,0.13583631994134268
MAFB,PRRX1,1,0.21144319799837483
RARG,PRRX1,1,0.1915778745078579
NFATC4,PRRX1,-1,-0.03582531221538138
HOXC4,PRRX1,-1,-0.06627353219794156
FOXO3,PRRX1,1,0.12376615069809653
BCL6,PRRX1,1,0.27363110647268535
TFAP2A,PRRX1,-1,-0.04641594820887176
HOXA9,PRRX1,-1,-0.09773151416805097
CPEB1,PRRX1,1,0.14886035064423175
ZNF35,PRRX1,1,0.012897631219305887
REL,VAX2,1,0.22781013566000083
RELA,VAX2,1,0.0590479968210717
SOX21,VAX2,-1,-0.04088908060779058
ETS1,VAX2,1,0.04143991810454035
MEF2A,VAX2,-1,-0.21289979032668938
SOX9,VAX2,1,0.044384800743230875
ZNF281,VAX2,1,0.05965637746664066
SP1,VAX2,-1,-0.04156028642266942
TP53,VAX2,-1,-0.0500382115824849
SOX15,VAX2,1,0.08564971032115147
LEF1,VAX2,-1,-0.07308330691705947
KLF15,VAX2,1,0.04591445234412027
SPI1,VAX2,-1,-0.09337499618687331
SOX2,VAX2,1,0.05614817920297
EWSR1,VAX2,1,0.07428989520443846
CEBPA,VAX2,1,0.0794081471224833
MAFK,VAX2,-1,-0.0018137458497286298
NFKB1,VAX2,-1,-0.13335401839778455
MZF1,VAX2,-1,-0.11236814032324166
TAL1,VAX2,1,0.08258308564091539
HBP1,VAX2,-1,-0.06553501331004068
EGR1,VAX2,1,0.02867405032445223
PKNOX2,VAX2,1,0.3139509292409233
MAF,VAX2,1,0.051346974220652486
FOXD3,VAX2,1,0.09174537122723465
PRDM1,VAX2,1,0.014057018930498637
FOXC1,VAX2,-1,-0.08121878424042778
SMAD3,VAX2,-1,-0.07467389086831025
MAZ,VAX2,1,0.12653529941507144
TCF7L2,VAX2,1,0.1600938008009797
AR,VAX2,-1,-0.11076143435542905
PRDM4,VAX2,1,0.10600670157623082
PEG10,VAX2,-1,-0.02357261825945155
TEAD1,VAX2,-1,-0.009658192990985219
TFAP2A,VAX2,1,0.3362093865354287
SOX18,MAF,1,0.051152758997319386
RARA,MAF,1,0.02809460582736148
ELF3,MAF,-1,-0.02918455474893864
ARID5A,MAF,-1,-0.0428229587288262
SOX21,MAF,1,0.04201317998094775
MEF2A,MAF,1,0.19228044394133162
SOX9,MAF,1,0.006684925669194866
TRIM28,MAF,-1,-0.04022765628563664
SP1,MAF,1,0.020721477349408435
GABPA,MAF,1,0.02016130871653966
KLF15,MAF,-1,-0.023432326715374263
JDP2,MAF,1,0.01490684218733863
SPI1,MAF,1,0.03798951579042216
CEBPD,MAF,1,0.04547575039149162
POU3F4,MAF,1,0.04823405045847764
CEBPA,MAF,1,0.10331090659794456
ZBTB16,MAF,-1,-0.02633247102100166
JUN,MAF,1,0.006085328319957468
RUNX1,MAF,1,0.09683089869974727
DBP,MAF,1,0.030623164072256733
EGR1,MAF,1,0.03722731197184105
FOXD3,MAF,-1,-0.05550283259777181
HOXD13,MAF,1,0.009740639170858247
IRF2,MAF,1,0.0949598705550309
NR2F1,MAF,1,0.06742080797294937
RORA,MAF,1,0.01569110972169003
MSX1,MAF,1,0.050345746120209464
MAFB,MAF,1,0.22815449619834507
RARG,MAF,1,0.031688611878164796
NFATC4,MAF,1,0.0008495710925437238
SREBF1,MAF,1,0.045697175689913966
NKX6-1,MAF,1,0.041179582294191525
E2F8,MAF,-1,-0.04347177555394888
CPEB1,MAF,1,0.00877159229698705
EN1,MAF,1,0.0028033016882775554
FOSL1,TFAP2C,1,0.04130917372069772
RARA,TFAP2C,-1,-0.04687007511554517
HOXD10,TFAP2C,-1,-0.01446377492332222
E2F1,TFAP2C,1,0.04753102016498459
IRF8,TFAP2C,-1,-0.0006805550370755667
STAT4,TFAP2C,1,0.04585476144001754
ZBTB33,TFAP2C,-1,-0.012686540772532114
GABPA,TFAP2C,1,0.014169797410257711
GATA6,TFAP2C,1,0.09102631497254285
STAT5B,TFAP2C,-1,-0.0030594291070277627
KLF15,TFAP2C,1,0.0023974494365442364
SPI1,TFAP2C,-1,-0.06216781492479361
SRF,TFAP2C,1,0.007206733128427348
THRA,TFAP2C,-1,-0.004706799699714852
ESR2,TFAP2C,-1,-0.013856413599771886
PATZ1,TFAP2C,-1,-0.029376086247025833
VDR,TFAP2C,1,0.15390127277100296
NFATC1,TFAP2C,1,0.0054552310825367436
JUN,TFAP2C,-1,-0.05351744086080463
TAL1,TFAP2C,-1,-0.0804875123241607
XBP1,TFAP2C,1,0.032570580511054506
STAT5A,TFAP2C,1,0.10140539130802949
PLAGL1,TFAP2C,-1,-0.024004924045691652
VENTX,TFAP2C,1,0.04505507246284312
TFAP2B,TFAP2C,1,0.042876169622754035
IRF1,TFAP2C,1,0.022976184527791176
RUNX2,TFAP2C,1,0.22055512095775134
SATB1,TFAP2C,1,0.03651125882116491
HOXC6,TFAP2C,1,0.06761871578875027
PRRX1,TFAP2C,-1,-0.0005141884497979625
FOXD3,TFAP2C,1,0.10672381025090834
SMAD3,TFAP2C,1,0.0555190222758299
CDC5L,TFAP2C,-1,-0.033780943586188564
FOXO1,TFAP2C,1,0.006196571089746605
FOXC2,TFAP2C,1,0.260957050307957
MAZ,TFAP2C,1,0.010790791360178964
FLI1,TFAP2C,-1,-0.029582164513303297
HOXA3,TFAP2C,-1,-0.08809821817669336
MSX2,TFAP2C,1,0.0690712615313917
HOXC4,TFAP2C,-1,-0.05240922260961726
NKX6-1,TFAP2C,1,0.006028927116545139
ZNF35,TFAP2C,-1,-0.01781530037806413
ELF3,ONECUT2,1,0.12322868620398315
E2F1,ONECUT2,1,0.05278642221305725
SOX21,ONECUT2,-1,-0.09788095169809317
SP1,ONECUT2,-1,-0.07475992929099069
TP53,ONECUT2,-1,-0.019927664595051634
SP4,ONECUT2,1,0.15421550758597147
SOX4,ONECUT2,1,0.0569932959398007
SOX17,ONECUT2,1,0.01307773537024717
KLF15,ONECUT2,-1,-0.011690861620794961
EWSR1,ONECUT2,-1,-0.014668308428381122
PATZ1,ONECUT2,1,0.0018746649664466981
POU3F4,ONECUT2,1,0.008769156109282323
MAFK,ONECUT2,-1,-0.004760208035841568
ZBTB16,ONECUT2,1,0.03376124190597315
SOX11,ONECUT2,1,0.02563962749111939
EGR1,ONECUT2,-1,-0.018378614832001743
TFAP2C,ONECUT2,1,0.013857069685174224
FOXD3,ONECUT2,1,0.05732602584910567
POU4F1,ONECUT2,1,0.20027825876456956
NF1,ONECUT2,1,0.06759676140902271
TGIF2,ONECUT2,-1,-0.036215780817718674
POU3F2,ONECUT2,1,0.02444222979003353
AR,ONECUT2,1,0.003323335422961895
ARID3A,ONECUT2,1,0.07149825511983163
PPARA,ONECUT2,1,0.013463806259984364
NKX6-1,ONECUT2,1,0.032523838570855966
ASCL2,ONECUT2,1,0.07739366784128517
TFAP2A,ONECUT2,1,0.10720285606836569
OSR2,ONECUT2,1,0.0011778814438745953
ZNF35,ONECUT2,1,0.015567233174762272
ARNT,MAX,1,0.006718704895702345
MYBL2,MAX,-1,-0.005822489595973012
ETS1,MAX,1,0.026418951119839957
MEF2A,MAX,-1,-0.013965906119695599
ZNF281,MAX,1,0.09650027761435706
PLAG1,MAX,1,0.02314639155137111
STAT4,MAX,1,0.10954420217599839
SP1,MAX,-1,-0.06524500167641013
HMGA1,MAX,1,0.020650851835904854
ZNF219,MAX,1,0.0987173912843076
KLF11,MAX,-1,-0.05258125316241693
SP4,MAX,1,0.009997730747418674
E2F4,MAX,1,0.045938662895258414
SOX17,MAX,-1,-0.0006942980782333027
KLF15,MAX,-1,-0.04223636848932789
JDP2,MAX,1,0.06250667431342269
SPI1,MAX,1,0.007356811445737727
SRF,MAX,-1,-0.016679950078637464
POU3F3,MAX,1,0.005633427852034644
EWSR1,MAX,-1,-0.04224963245762147
PATZ1,MAX,1,0.14487390237605502
MAFK,MAX,1,0.002134439399363676
TFE3,MAX,1,0.07868404894147521
MYCN,MAX,1,0.04330006174246814
VDR,MAX,-1,-0.011895501916236418
ATF5,MAX,1,0.06706146708645196
SOX12,MAX,-1,-0.10154950852917617
NFATC1,MAX,-1,-0.011854101305744633
JUN,MAX,-1,-0.05618817399721989
CEBPG,MAX,1,0.03940786349764037
ZNF217,MAX,1,0.07930086458707906
RUNX1,MAX,1,0.036325794846151456
HBP1,MAX,1,0.036159953944617504
ELF4,MAX,-1,-0.014773612236410405
FOS,MAX,1,0.09828920906474947
EGR1,MAX,-1,-0.036019581243191275
IRF1,MAX,1,0.02308443449129145
RUNX2,MAX,-1,-0.009408231349704633
TFAP2C,MAX,-1,-0.03234959290557357
IRF2,MAX,1,0.13118740618366095
PRDM1,MAX,-1,-0.09993829305375078
NF1,MAX,-1,-0.0043817709957558095
TFEB,MAX,-1,-0.03260625970811394
FOXC1,MAX,1,0.04061520812039885
SMAD3,MAX,-1,-0.028515662775350562
FOXC2,MAX,1,0.03987581016322577
IRF7,MAX,1,0.06790833598876374
FEV,MAX,-1,-0.020706603587027417
TCF7L2,MAX,1,0.08772395083074114
FLI1,MAX,1,0.09961785182221035
SOX1,MAX,-1,-0.016006905130342138
AR,MAX,1,0.03203009967140161
MSX1,MAX,1,0.02533304805166417
MAFB,MAX,-1,-0.004461074585019468
NFATC4,MAX,1,0.06798868014059863
ARID3A,MAX,-1,-0.051477651423318636
TEAD1,MAX,-1,-0.02604348410371571
TBP,MAX,1,0.12927158470419434
BCL6,MAX,1,0.0011561550670611614
PAX6,MAX,1,0.017221538075781955
ZNF35,MAX,-1,-0.03650686436443262
HSF1,FOXD3,-1,-0.00975823036886466
MYBL2,FOXD3,1,0.04345042542255939
ELF5,FOXD3,1,0.004607447758498181
MEOX2,FOXD3,-1,-0.01525780112341927
LHX6,FOXD3,-1,-0.020731255912306838
E2F1,FOXD3,1,0.041366616019289676
ETS1,FOXD3,-1,-0.020820120149957506
MEF2A,FOXD3,-1,-0.058607326999374335
SOX9,FOXD3,1,0.060040519433178605
FOXJ1,FOXD3,-1,-0.02042067521508084
TFEC,FOXD3,1,0.04403195161822267
STAT4,FOXD3,1,0.04581457723803919
TRIM28,FOXD3,-1,-0.019276495714197567
NEUROD1,FOXD3,1,0.061180014228701486
TP53,FOXD3,-1,-0.026787932574305742
SP4,FOXD3,1,0.014292988113596817
HOXC13,FOXD3,-1,-0.057103309229698335
SOX4,FOXD3,1,0.05046029896641299
SOX17,FOXD3,1,0.010722811418169739
GBX2,FOXD3,1,0.15288426919271442
ETV6,FOXD3,-1,-0.06303604129229178
KLF15,FOXD3,1,0.10665390583267917
JDP2,FOXD3,-1,-0.014326290249256557
ELF1,FOXD3,1,0.029754947670801446
SPI1,FOXD3,-1,-0.01884988005101659
SOX2,FOXD3,1,0.026147801541834378
POU3F3,FOXD3,-1,-0.07121684800139999
PATZ1,FOXD3,1,0.09727021647119859
TRAF4,FOXD3,-1,-0.019542831603089804
POU3F4,FOXD3,-1,-0.059725002520553155
TFE3,FOXD3,-1,-0.027652179357190852
TCF3,FOXD3,1,0.014592133017525958
ATF5,FOXD3,-1,-0.05478275341851042
SOX12,FOXD3,-1,-0.019279466075538904
RFX1,FOXD3,1,0.015102397661813198
STAT5A,FOXD3,1,0.06793184516028605
RUNX1,FOXD3,-1,-0.02891879743804742
SOX11,FOXD3,-1,-0.07288271248393255
ELF4,FOXD3,1,0.07475145295180208
HOXB3,FOXD3,-1,-0.03424780388134761
EMX2,FOXD3,1,0.01980742786387298
IRF1,FOXD3,1,0.0256510622268817
FOXF2,FOXD3,-1,-0.028609076185991594
PRRX1,FOXD3,-1,-0.022540119302627438
VAX2,FOXD3,1,0.011030543624530157
ONECUT2,FOXD3,1,0.08402985669963903
HOXD13,FOXD3,1,0.04037948714587176
IRF2,FOXD3,-1,-0.047299928661166266
FOXO4,FOXD3,1,0.06377425934573318
FOXC1,FOXD3,-1,-0.0032720903642365785
SMAD3,FOXD3,-1,-0.17492891179188744
NKX3-1,FOXD3,1,0.14538552978534566
IRF7,FOXD3,1,0.06476797235875949
PITX1,FOXD3,1,0.022691221738121034
MAZ,FOXD3,1,0.016519945137668916
ETV3,FOXD3,1,0.010894590009603435
HOXA4,FOXD3,1,0.023434127068466162
HOXA3,FOXD3,1,0.10806499157579677
FOXP3,FOXD3,1,0.024915319637926807
TEAD4,FOXD3,1,0.025406738411183648
MSX1,FOXD3,1,0.08414171373260225
HIC1,FOXD3,1,0.16550495346691255
RARG,FOXD3,1,0.019694647527466094
TEAD1,FOXD3,1,0.02219710608056835
FOXO3,FOXD3,1,0.0035493318893537653
BCL6,FOXD3,1,0.010927518219466371
TFAP2A,FOXD3,1,0.149926902030138
OSR2,FOXD3,-1,-0.09469920343724186
MYBL2,HOXD13,1,0.13704715968785586
POU3F3,HOXD13,-1,-0.014516824342831698
SOX1,HOXD13,1,0.18736818893326
HOXA3,HOXD13,1,0.24816576106233165
HOXC4,HOXD13,1,0.22907294348015883
NR2F6,NR2E1,1,0.14450436992639507
SOX18,NR2E1,-1,-0.020956458829060342
NR1H2,NR2E1,-1,-0.06455385937481939
MYBL2,NR2E1,-1,-0.08094644274418017
MEOX2,NR2E1,1,0.23578720920570148
HOXC10,NR2E1,1,0.09115779054583774
LHX6,NR2E1,1,0.1221785520042258
RARA,NR2E1,-1,-0.028475582578013234
ELF3,NR2E1,-1,-0.14943261969814725
HOXD10,NR2E1,1,0.012904740442533013
MEF2A,NR2E1,1,0.10146769906902346
ZNF281,NR2E1,-1,-0.5153282243608093
TRIM28,NR2E1,1,0.030800792124876228
SP1,NR2E1,-1,-0.048095818213317904
HMGA1,NR2E1,-1,-0.0349790660103183
TP53,NR2E1,1,0.07375977771624749
SOX17,NR2E1,-1,-0.03292295738186721
RXRA,NR2E1,1,0.1785264977433788
HOXD9,NR2E1,-1,-0.059260070421223617
SOX2,NR2E1,1,0.129761369569102
POU3F3,NR2E1,-1,-0.03455593568140185
TBX2,NR2E1,1,0.025640170754302027
POU3F4,NR2E1,-1,-0.033104430072599556
TCF3,NR2E1,-1,-0.18375702122272364
MZF1,NR2E1,1,0.13035169420857745
RFX1,NR2E1,-1,-0.030177786782625917
CEBPG,NR2E1,1,0.07169427120353294
XBP1,NR2E1,1,0.0506527129390573
RUNX1,NR2E1,-1,-0.02826725648883495
HBP1,NR2E1,-1,-0.007847352976126902
ELF4,NR2E1,1,0.09587672030528595
EMX2,NR2E1,1,0.13332932424713076
ZEB1,NR2E1,1,0.027512574933575226
MAF,NR2E1,1,0.01959352615952679
HOXD13,NR2E1,1,0.022259564186152
BRCA1,NR2E1,1,0.1142693817490411
HOXB6,NR2E1,-1,-0.02475443450556433
PRDM1,NR2E1,1,0.029667801380792454
BACH1,NR2E1,1,0.037391888780207494
SCRT1,NR2E1,-1,-0.06781618645119424
HOXA10,NR2E1,-1,-0.011341985163879275
SMAD3,NR2E1,1,0.0006893987644289745
ATF2,NR2E1,1,0.08247878284678238
NKX3-1,NR2E1,1,0.07002674693616441
NR2F1,NR2E1,1,0.054079086681983565
POU3F2,NR2E1,1,0.24557167974607297
MAZ,NR2E1,-1,-0.08039510229361138
SOX1,NR2E1,1,0.05520550642848533
AR,NR2E1,1,0.08214787901263977
PRDM4,NR2E1,1,0.06079152220062185
RARG,NR2E1,-1,-0.1456339803422809
TEAD1,NR2E1,-1,-0.01895765337231698
PPARA,NR2E1,-1,-0.017647244254041603
NKX6-1,NR2E1,1,0.11291492312754473
E2F8,NR2E1,1,0.036696650618119636
ASCL2,NR2E1,-1,-0.18092905010190016
TFAP2A,NR2E1,-1,-0.021152597886003825
HOXA9,NR2E1,-1,-0.056601520569701115
TBR1,NR2E1,1,0.19397664132746958
NR2F6,BRCA1,-1,-0.030435276686419325
HSF1,BRCA1,-1,-0.06465470758635115
NR1H2,BRCA1,1,0.0028144671154817585
ELK1,BRCA1,-1,-0.05445986709848621
HOXC10,BRCA1,1,0.017542864196105283
RARA,BRCA1,-1,-0.001114406954638414
CNOT3,BRCA1,1,0.03261910279748923
ERF,BRCA1,-1,-0.02131691716019503
E2F1,BRCA1,1,0.1710802721701112
ETS1,BRCA1,-1,-0.00498443736948774
SOX9,BRCA1,1,0.06526420249415946
FOXJ1,BRCA1,1,0.02464603452417627
STAT4,BRCA1,1,0.04572837764568053
SP1,BRCA1,1,0.11284519365701333
HMGA1,BRCA1,-1,-0.007127964088823512
SOX17,BRCA1,-1,-0.052390900682142895
KLF15,BRCA1,1,0.043882457716848025
SOX13,BRCA1,-1,-0.01059641891691967
HMGA2,BRCA1,1,0.0046418129034638865
JDP2,BRCA1,-1,-0.017228991012933046
SPI1,BRCA1,-1,-0.10951098232657136
SRF,BRCA1,-1,-0.004889879812634785
ATF7,BRCA1,1,0.010598948452689414
POU3F4,BRCA1,1,0.00016345311388083194
TCF3,BRCA1,-1,-0.04457378199936884
RFX2,BRCA1,1,0.04239434596084195
SOX12,BRCA1,-1,-0.07436047422124858
RFX1,BRCA1,-1,-0.0041953534636562624
CEBPG,BRCA1,1,0.0401592831204944
RUNX1,BRCA1,1,0.015966814887609464
ELF4,BRCA1,1,0.1460862547253565
FOS,BRCA1,-1,-0.059971387801646715
FOXD3,BRCA1,1,0.028965412026260424
NR2E1,BRCA1,1,0.029013880863858064
LMO2,BRCA1,-1,-0.09193574039424748
BACH1,BRCA1,1,0.07074390837965881
FOXC1,BRCA1,-1,-0.06764715930201871
CDC5L,BRCA1,1,0.12157469744246072
FOXO1,BRCA1,1,0.04562903088146344
NR2F1,BRCA1,-1,-0.005135324098367622
CREB5,BRCA1,1,0.09715783215229706
PITX1,BRCA1,1,0.014240876906288972
POU3F2,BRCA1,1,0.01483727104096357
RFX3,BRCA1,1,0.017431402086613455
MAZ,BRCA1,1,0.08213653230458884
HOXD11,BRCA1,1,0.04379429307409939
RORA,BRCA1,-1,-0.08635944759335937
SOX1,BRCA1,-1,-0.04680954733652425
AR,BRCA1,1,0.018071103307026555
RARG,BRCA1,1,0.008306775175755473
NFATC4,BRCA1,-1,-0.013664403908310863
HLF,BRCA1,-1,-0.006349909601892903
ARID3A,BRCA1,1,0.17183724289659524
HOXC4,BRCA1,1,0.042710290865542254
TBP,BRCA1,-1,-0.008326032219217884
ELF2,BRCA1,1,0.18540494852334607
PARP1,BRCA1,1,0.12842579115766253
RFX5,BRCA1,1,0.07093912108027635
ZNF35,BRCA1,1,0.017454678307762997
REL,IRF2,-1,-0.1981532624857624
SOX18,IRF2,-1,-0.07135295270699102
MYBL2,IRF2,-1,-0.06439351101133431
HOXC10,IRF2,1,0.04827789806943658
RELA,IRF2,1,0.024504107185729016
SP100,IRF2,1,0.14576505471529966
RARA,IRF2,1,0.026375942127484963
HEY2,IRF2,1,0.006348225670925781
ARID5A,IRF2,1,0.12058295080392543
ETS1,IRF2,-1,-0.014975612187239707
IRF8,IRF2,1,0.01181909613828407
MEF2A,IRF2,1,0.09426632269803786
SOX9,IRF2,1,0.12346513256097873
PLAG1,IRF2,-1,-0.02859247555183461
STAT4,IRF2,-1,-0.03816572957774274
ZNF219,IRF2,1,0.01995783553406112
TP53,IRF2,1,0.007587003838780715
KLF11,IRF2,1,0.026868503893812463
SP4,IRF2,1,0.025574040763529503
HOXC13,IRF2,-1,-0.022839083187908955
SOX17,IRF2,-1,-0.021507809874393685
NFYA,IRF2,1,0.0037215890867677336
SOX15,IRF2,1,0.0604153706317662
STAT5B,IRF2,1,0.05043086776164609
LEF1,IRF2,1,0.056567582899339344
KLF15,IRF2,1,0.010211351598853413
ELF1,IRF2,1,0.014443579126579753
SPI1,IRF2,1,0.13020003932611088
SOX2,IRF2,1,0.08336785939498215
SRF,IRF2,-1,-0.0194354394157747
POU3F3,IRF2,-1,-0.019994396576599485
EWSR1,IRF2,1,0.02698597734424081
CEBPD,IRF2,1,0.0016080166442795298
PPARG,IRF2,-1,-0.014245651172407428
PATZ1,IRF2,-1,-0.0371789562869296
CEBPA,IRF2,1,0.010852344006251586
MAFK,IRF2,-1,-0.06127225137472723
NFKB1,IRF2,1,0.14507953826024203
TCF3,IRF2,-1,-0.052477262748477686
SOX12,IRF2,1,0.057777799058225866
CEBPG,IRF2,-1,-0.05640519219680733
TAL1,IRF2,-1,-0.006783434940450172
STAT5A,IRF2,1,0.12219891657230345
RUNX1,IRF2,1,0.0020909539424151385
SOX11,IRF2,-1,-0.08347731872971473
HOXB9,IRF2,-1,-0.02030157614665366
ELF4,IRF2,-1,-0.02058322206545315
PLAGL1,IRF2,1,0.020014246173120927
EMX2,IRF2,1,0.040899377052401015
TFAP2B,IRF2,-1,-0.022124991094679056
EGR1,IRF2,-1,-0.02054333866406529
IRF1,IRF2,1,0.15994679175524504
FOXF2,IRF2,-1,-0.023691171616745676
MAF,IRF2,1,0.11226926603883101
FOXD3,IRF2,-1,-0.017868728669143973
NR2E1,IRF2,-1,-0.02524373096298319
LMO2,IRF2,-1,-0.05243796196388244
PRDM1,IRF2,1,0.02223483277368556
SMAD4,IRF2,1,0.11626280074315046
FOXC1,IRF2,1,0.13208435549230843
FOXO1,IRF2,1,0.0672429246993532
IRF7,IRF2,1,0.03030733823488743
POU3F2,IRF2,-1,-0.04414963833612762
RFX3,IRF2,-1,-0.01936820813304628
MAZ,IRF2,1,0.1688430556729147
TCF7L2,IRF2,1,0.05133904929244908
FLI1,IRF2,1,0.15892605768114007
IRF5,IRF2,-1,-0.09921585216133368
SOX1,IRF2,-1,-0.03709414730276144
AR,IRF2,-1,-0.035616912608392726
TEAD4,IRF2,-1,-0.03779954018771496
MAFB,IRF2,-1,-0.13418998682249547
HIC1,IRF2,-1,-0.08885375651871062
NFATC4,IRF2,-1,-0.02458887900180383
TBP,IRF2,1,0.039942518245665436
FOXO3,IRF2,-1,-0.00545977554850853
BCL6,IRF2,-1,-0.04553670945518083
RFC5,IRF2,1,0.029117712464503568
KLF13,HOXB6,-1,-0.014721056928029287
HOXC10,HOXB6,1,0.006082620460280231
ELF3,HOXB6,1,0.1384448678401299
SOX21,HOXB6,1,0.02187152736732205
HMGA1,HOXB6,1,0.024881265684917827
HOXC13,HOXB6,1,0.04489842934206582
SOX4,HOXB6,-1,-0.018064339019757826
SOX17,HOXB6,1,0.02758664667137988
SIRT6,HOXB6,-1,-0.006935760698243575
GATA6,HOXB6,1,0.1273997320376351
STAT5B,HOXB6,-1,-0.031003819423978146
TEAD3,HOXB6,-1,-0.003058145020862808
SOX2,HOXB6,-1,-0.0007689459860121438
EWSR1,HOXB6,-1,-0.026119965079779314
ESR2,HOXB6,1,0.07080994264201097
POU3F4,HOXB6,-1,-0.0061297024521275575
NFKB1,HOXB6,1,0.021065905442666875
IKZF1,HOXB6,1,0.006172116780979899
SOX12,HOXB6,-1,-0.029901405930322693
SOX11,HOXB6,-1,-0.01679597657907753
HOXB9,HOXB6,1,0.3852209732255462
EGR1,HOXB6,-1,-0.002946700161652367
TFAP2C,HOXB6,1,0.05597757288990555
ONECUT2,HOXB6,1,0.041351093851397965
FOXD3,HOXB6,1,0.01041851427693323
SMAD3,HOXB6,1,0.02557166290663253
MEIS1,HOXB6,1,0.05640320367923953
IRF7,HOXB6,1,0.022133490322059954
HOXD11,HOXB6,1,0.042233097449827325
HOXB13,HOXB6,1,0.003512181506641482
E2F8,HOXB6,1,0.0092747956444115
EN1,HOXB6,1,0.011110726061524294
CNOT3,POU4F1,1,0.040110861815616114
HOXD10,POU4F1,1,0.06009201581481694
ZNF281,POU4F1,1,0.2536774108655489
ZBTB33,POU4F1,-1,-0.13344181008832248
TP53,POU4F1,-1,-0.03120014735019804
E2F4,POU4F1,-1,-0.06463025849914451
TEAD3,POU4F1,-1,-0.11200705926385572
ELF1,POU4F1,-1,-0.07222889853904975
SPI1,POU4F1,-1,-0.002869755286186123
THRA,POU4F1,1,0.027847474424588303
POU3F3,POU4F1,-1,-0.0514645413582979
ZBTB16,POU4F1,-1,-0.04087423213444192
TCF3,POU4F1,1,0.12077713148305955
MYCN,POU4F1,1,0.12550657291294648
RUNX1,POU4F1,-1,-0.11265675369794176
ZEB1,POU4F1,-1,-0.044386130474420776
EGR1,POU4F1,1,0.06537344517574994
RUNX2,POU4F1,1,0.1778830748702085
BRCA1,POU4F1,1,0.09062199828428376
HOXB6,POU4F1,1,0.08787788635056988
FOXO1,POU4F1,-1,-0.011830523009000652
TBX5,POU4F1,1,0.11953152411662787
ZNF350,POU4F1,1,0.1586881424380829
SNAI2,POU4F1,-1,-0.03872974594616334
RUNX3,POU4F1,1,0.0720006940199674
TEAD1,POU4F1,-1,-0.019860129921749427
PAX6,POU4F1,1,0.1066974345964394
SOX18,LMO2,1,0.03801330367368771
ESRRG,LMO2,1,0.11506002537879316
RARA,LMO2,1,0.03913433546854038
CNOT3,LMO2,-1,-0.05837700249202057
E2F1,LMO2,-1,-0.02783197818559111
ETS1,LMO2,1,0.025194676877737004
IRF8,LMO2,1,0.13803090298092938
MEF2A,LMO2,-1,-0.06352150268455192
FOXJ1,LMO2,1,0.006240575230635353
TRIM28,LMO2,-1,-0.04989685046948161
NEUROD1,LMO2,-1,-0.02337175026676344
TP53,LMO2,1,0.04865967860316634
SOX4,LMO2,-1,-0.14318471074263503
GBX2,LMO2,1,0.005770809300381074
NFYA,LMO2,-1,-0.004281081061456155
SIRT6,LMO2,1,0.034053222409347036
GABPA,LMO2,-1,-0.025302369809442178
GATA6,LMO2,-1,-0.07014040845240022
TEAD3,LMO2,1,0.061116893546421185
SOX13,LMO2,-1,-0.006762511501180722
JDP2,LMO2,-1,-0.00024830985553272273
ELF1,LMO2,1,0.06467378375263694
SPI1,LMO2,1,0.03142627379897982
SOX2,LMO2,1,0.07464822199678257
SRF,LMO2,-1,-0.06249856150024483
PPARG,LMO2,-1,-0.04253426838940428
POU3F4,LMO2,-1,-0.004016854627556775
RFX2,LMO2,1,0.1031428793488376
JUN,LMO2,1,0.1394054330873716
CEBPG,LMO2,1,0.025319948931930465
NKX2-5,LMO2,1,0.058992434510831186
SOX11,LMO2,1,0.06015263666694957
HBP1,LMO2,-1,-0.08509296417117122
ELF4,LMO2,-1,-0.07404436681006274
HOXB3,LMO2,-1,-0.02829274665277738
EMX2,LMO2,1,0.026217271229969766
ZEB1,LMO2,1,0.1419320376244107
EGR1,LMO2,1,0.0349495491394773
IRF1,LMO2,1,0.0131245940864714
FOXF2,LMO2,1,0.133370207016489
RUNX2,LMO2,-1,-0.03962571097403565
IRF2,LMO2,-1,-0.02235811600156219
PRDM1,LMO2,-1,-0.0289637157761537
FOXO4,LMO2,-1,-0.005541529686422937
SMAD4,LMO2,-1,-0.18117005573388814
NKX2-2,LMO2,1,0.09901037044888424
ETV5,LMO2,1,0.17797572641300338
FOXO1,LMO2,1,0.0551717073603989
NKX3-1,LMO2,1,0.002715321855246935
MEIS1,LMO2,1,0.10197555446404993
CREB5,LMO2,1,0.0494890579340862
IRF7,LMO2,1,0.10111307961133037
ETV3,LMO2,-1,-0.028835716071467024
RORA,LMO2,1,0.11463549617692054
FLI1,LMO2,1,0.2277444134651331
HOXB13,LMO2,-1,-0.01472987248476651
AR,LMO2,-1,-0.024883756116612792
TEAD4,LMO2,1,0.026273603424931243
MSX1,LMO2,1,0.045002187810477774
RARG,LMO2,-1,-0.022189911445997378
HLF,LMO2,1,0.04861633601599254
TBP,LMO2,-1,-0.08356475634076625
FOXO3,LMO2,-1,-0.05465736481415723
PPARA,LMO2,-1,-0.047377822546471104
BCL6,LMO2,-1,-0.013201898361830807
NFIL3,LMO2,-1,-0.009930697963480369
CPEB1,LMO2,1,0.07963019974452025
EN1,LMO2,-1,-0.07036687473139737
ZNF35,LMO2,-1,-0.02439998838020904
ERG,PRDM1,1,0.03157939623135689
NFIX,PRDM1,-1,-0.02136199169515546
MEF2D,PRDM1,1,0.06317883807235355
ARNT,PRDM1,-1,-0.0034480225594900305
HSF1,PRDM1,-1,-0.009330090267928547
SOX18,PRDM1,-1,-0.010508517800948653
ELF5,PRDM1,-1,-0.03920646895518569
KLF13,PRDM1,1,0.0035140152241562245
HOXC10,PRDM1,-1,-0.012468932065011621
RELA,PRDM1,-1,-0.02052253787668746
TFCP2,PRDM1,-1,-0.0014189040306765198
SOX21,PRDM1,1,0.0029659286818319664
ETS1,PRDM1,1,0.03522432850506352
AHR,PRDM1,-1,-0.016821600155867405
SOX9,PRDM1,1,0.009141001021164087
FOXJ1,PRDM1,-1,-0.04372981653387171
STAT4,PRDM1,1,0.03956969642195592
SP1,PRDM1,1,2.2041117625933947e-05
HMGA1,PRDM1,-1,-0.022633936977519652
ZNF219,PRDM1,-1,-0.05969816737856701
HOXC13,PRDM1,1,0.005997973903697154
SOX4,PRDM1,-1,-0.002415036722235312
SOX17,PRDM1,1,0.04384831098146941
GBX2,PRDM1,-1,-0.026972898381649384
RXRA,PRDM1,1,0.06245355055214777
STAT5B,PRDM1,-1,-0.046429519983139746
TEAD3,PRDM1,1,0.004602989866419103
SOX13,PRDM1,-1,-0.038197930465281034
ELF1,PRDM1,1,0.02687192770027578
SPI1,PRDM1,1,0.05145401458553527
SOX2,PRDM1,1,0.025006473745626343
POU3F3,PRDM1,1,0.08155951110732879
TRAF4,PRDM1,1,0.011579822567521119
POU3F4,PRDM1,1,0.015583797872833665
CEBPA,PRDM1,-1,-0.08032458738347792
MAFK,PRDM1,1,0.008482611010508002
NFKB1,PRDM1,1,0.015695126395461757
TCF3,PRDM1,1,0.028108952170771844
IKZF1,PRDM1,1,0.20128221750495603
SOX12,PRDM1,-1,-0.05533362793967522
JUN,PRDM1,-1,-0.02160422367087858
CEBPG,PRDM1,-1,-0.035829579491986584
TAL1,PRDM1,1,0.012273151609174218
NKX2-5,PRDM1,-1,-0.013237199814924008
STAT5A,PRDM1,1,0.01904510939170735
RUNX1,PRDM1,1,0.06124029305056306
HBP1,PRDM1,1,0.08627965364099001
HOXB9,PRDM1,1,0.029193167031628373
ELF4,PRDM1,1,0.0026225321404164162
NR5A2,PRDM1,1,0.19892482300149159
FOS,PRDM1,1,0.08603115101200724
EMX2,PRDM1,-1,-0.026391694259751353
FOXF2,PRDM1,1,0.0018920282240530025
RUNX2,PRDM1,1,0.13843356486847122
NR2C2,PRDM1,-1,-0.06492657822695501
PRRX1,PRDM1,-1,-0.008248159500992556
MAF,PRDM1,-1,-0.0069314623969760555
MAX,PRDM1,-1,-0.03901294006034903
IRF2,PRDM1,1,0.02294843578007505
KLF12,PRDM1,-1,-0.0196008650219391
FOXO4,PRDM1,-1,-0.09792997330124109
SMAD4,PRDM1,-1,-0.08776863758723
NF1,PRDM1,1,0.10295490037367984
FOXC1,PRDM1,1,0.10056144149919159
ETV5,PRDM1,1,0.05571772091551382
SMAD3,PRDM1,1,0.06237003564057902
FOXC2,PRDM1,1,0.04999436062503449
PITX1,PRDM1,1,0.004198409824416081
POU3F2,PRDM1,1,0.019513340769774894
RFX3,PRDM1,1,0.011118919514541147
DLX6,PRDM1,1,0.01461557046338836
TCF7L2,PRDM1,-1,-0.01010368159436839
HOXA4,PRDM1,-1,-0.01807414760648188
HOXB13,PRDM1,1,0.014379097174337566
INSM1,PRDM1,1,0.014273190986964694
AR,PRDM1,1,0.06113062554874714
TEAD4,PRDM1,-1,-0.014870719534590975
MAFB,PRDM1,-1,-0.004063448702691494
ETS2,PRDM1,1,0.006945499253463698
RUNX3,PRDM1,1,0.20539227943097685
NFATC4,PRDM1,1,0.026167238045871597
TEAD1,PRDM1,1,0.037044906732487955
TBP,PRDM1,-1,-0.03861983945015498
FOXO3,PRDM1,1,0.027718867971333862
BCL6,PRDM1,-1,-0.058193046434276724
E2F8,PRDM1,1,0.03586924332431544
EN1,PRDM1,-1,-0.004783141604952135
SOX18,KLF12,-1,-0.022168763972953934
KLF13,KLF12,1,0.0016110505949694588
ELK1,KLF12,-1,-0.01017711211288066
LHX6,KLF12,1,0.02435913318803401
ESRRG,KLF12,1,0.0691509353226958
ZNF652,KLF12,1,0.09108399428324171
SREBF2,KLF12,1,0.01803044075107261
E2F1,KLF12,-1,-0.06312863817482871
ARID5A,KLF12,-1,-0.03807190331029152
ETS1,KLF12,1,0.053019361331456225
MEF2A,KLF12,1,0.008083561056275121
FOXJ1,KLF12,-1,-0.02193192155325418
SP1,KLF12,1,0.10102256473677451
ZBTB33,KLF12,1,0.08551309285457198
TP53,KLF12,-1,-0.008860889380584885
SP4,KLF12,1,0.2272166072324336
HOXC13,KLF12,1,0.011373461922664946
E2F4,KLF12,-1,-0.03255439254909815
SOX4,KLF12,1,0.07503617697687429
SOX17,KLF12,1,0.04065125187822514
GBX2,KLF12,1,0.054801766168119444
NFYA,KLF12,1,0.026695705378004083
TEAD3,KLF12,-1,-0.03827970011058183
LEF1,KLF12,-1,-0.00029789852066740464
KLF15,KLF12,1,0.056364961398450895
HMGA2,KLF12,1,0.015363679498362266
ELF1,KLF12,1,0.12258073056869663
SPI1,KLF12,-1,-0.07725838664296691
SOX2,KLF12,-1,-0.05990240090431575
POU3F3,KLF12,1,0.17073491064359358
EWSR1,KLF12,1,0.0662867433259845
CEBPD,KLF12,-1,-0.09945981915295818
PATZ1,KLF12,1,0.016557029148569276
TRAF4,KLF12,1,0.03861036909502072
POU3F4,KLF12,-1,-0.039438361434952274
MZF1,KLF12,1,0.010627076499361619
ATF5,KLF12,-1,-0.141410800538062
RFX1,KLF12,1,0.008146420452711984
JUN,KLF12,-1,-0.029020676901678238
CEBPG,KLF12,1,0.0952831847929121
XBP1,KLF12,-1,-0.06200422470983841
STAT5A,KLF12,-1,-0.01427135031697813
RUNX1,KLF12,1,0.04934879124772918
SOX11,KLF12,1,0.0345401144566287
ELF4,KLF12,-1,-0.04291255908100541
EGR2,KLF12,1,0.017240350301792624
SATB1,KLF12,1,0.03978284840448091
HOXC6,KLF12,1,0.017898305999560125
PRRX1,KLF12,-1,-0.04210941282099221
FOXD3,KLF12,1,0.004011601008727523
HOXB6,KLF12,1,0.016434413536838225
POU4F1,KLF12,1,0.01859383084693931
FOXO4,KLF12,1,0.0630463891521875
SMAD3,KLF12,1,0.01953251858715103
FOXO1,KLF12,1,0.06612715644553846
NR2F1,KLF12,-1,-0.03833851764674475
CREB5,KLF12,1,0.07035010499049064
PITX1,KLF12,-1,-0.07918245661069312
FEV,KLF12,1,0.013327729375674328
HOXB13,KLF12,1,0.04069121058977226
AR,KLF12,-1,-0.06858994353525587
HIC1,KLF12,1,0.1270988630280083
NFATC4,KLF12,-1,-0.01392720550401763
ARID3A,KLF12,1,0.04398998870003393
TEAD1,KLF12,1,0.09909311927107665
TBP,KLF12,-1,-0.028444202734069557
HOXA9,KLF12,-1,-0.011849926092258543
EN1,KLF12,1,0.006759277206243728
ZNF35,KLF12,1,0.06364047945362196
ETV1,FOXO4,1,0.006308055584818311
LHX6,FOXO4,1,0.10180885501173481
SREBF2,FOXO4,1,0.08042903071246629
E2F1,FOXO4,-1,-0.06688384053264294
ZNF281,FOXO4,1,0.05889791344673726
STAT4,FOXO4,1,0.17730707048428077
SP4,FOXO4,1,0.039399913852362065
SOX4,FOXO4,1,0.003552166389527556
NFYA,FOXO4,1,0.029840089378804575
RXRA,FOXO4,1,0.20254146779540871
GABPA,FOXO4,1,0.011315891693380402
SOX15,FOXO4,1,0.041261426923395586
GATA6,FOXO4,1,0.02881719687307986
KLF15,FOXO4,1,0.11504717833273354
SOX2,FOXO4,-1,-0.04751116513742696
SRF,FOXO4,1,0.10572414011022653
POU3F3,FOXO4,1,0.01306965097919885
EWSR1,FOXO4,-1,-0.06522031128287124
PATZ1,FOXO4,1,0.18214328787324616
TRAF4,FOXO4,1,0.01446204421793303
TCF3,FOXO4,1,0.06897610451076518
VDR,FOXO4,-1,-0.16284223802642378
IKZF1,FOXO4,1,0.22001931331788294
NFATC1,FOXO4,1,0.17049286160654825
JUN,FOXO4,1,0.009092756629321488
TAL1,FOXO4,1,0.05978567398922088
NKX2-5,FOXO4,-1,-0.03160461171782377
RUNX1,FOXO4,-1,-0.10389145249292368
SOX11,FOXO4,-1,-0.0795955432949727
HOXB3,FOXO4,-1,-0.032884470882463816
IRF1,FOXO4,-1,-0.08170070878352056
HOXC6,FOXO4,1,0.011390938554273564
FOXD3,FOXO4,1,0.05516218469853858
NR2E1,FOXO4,-1,-0.009944725647691204
IRF2,FOXO4,1,0.06691555764910548
FOXC1,FOXO4,1,0.0874489177893961
ETV5,FOXO4,-1,-0.04928106042283822
FOXO1,FOXO4,-1,-0.13552704953402023
FOXC2,FOXO4,1,0.05180612777831305
POU3F2,FOXO4,1,0.01590817643506518
DLX6,FOXO4,1,0.022916896057655053
HOXB2,FOXO4,-1,-0.004421890607889283
HOXD11,FOXO4,-1,-0.015159810888518583
HOXA4,FOXO4,-1,-0.020495821012158896
PRDM4,FOXO4,1,0.08776594553974078
MSX1,FOXO4,-1,-0.002645375622518453
MAFB,FOXO4,-1,-0.028442287619331052
NFATC4,FOXO4,-1,-0.16084963472339942
BCL6,FOXO4,1,0.0939347362372875
CPEB1,FOXO4,1,0.02254350663965153
REL,BACH1,1,0.19116333501299973
HSF1,BACH1,1,0.010000894187388604
SOX18,BACH1,-1,-0.07530711947497402
MEOX2,BACH1,-1,-0.005042781086616451
LHX6,BACH1,-1,-0.012647639743538748
CNOT3,BACH1,-1,-0.04236397422014805
HOXD10,BACH1,-1,-0.0029892501708789535
ARID5A,BACH1,1,0.04750259205454667
SOX21,BACH1,-1,-0.050794590400703624
MEF2A,BACH1,1,0.19690477439109996
SP1,BACH1,1,0.20183657394408955
ZNF219,BACH1,-1,-0.05048289006745857
KLF11,BACH1,1,0.02912590458980098
SP4,BACH1,1,0.0766823608044999
SOX4,BACH1,-1,-0.01240085207209557
SOX17,BACH1,-1,-0.016158085065999864
NFYA,BACH1,1,0.04524362485715986
TEAD3,BACH1,1,0.00434844199031521
KLF15,BACH1,-1,-0.08436317446529512
SOX13,BACH1,-1,-0.03041518971329692
JDP2,BACH1,-1,-0.09211594122398462
ELF1,BACH1,1,0.052789361204901214
CEBPD,BACH1,1,0.08969349009899145
TRAF4,BACH1,-1,-0.018707803389761565
NFKB1,BACH1,1,0.11168105801780992
TFE3,BACH1,-1,-0.05790486367947367
SOX12,BACH1,-1,-0.02794392232453519
JUN,BACH1,1,0.026296738146265448
CEBPG,BACH1,1,0.04373829328091311
RUNX1,BACH1,1,0.017817919561214746
HOXB9,BACH1,-1,-0.00427822432847508
FOS,BACH1,1,0.015256300114003304
HOXB3,BACH1,-1,-0.042056144073270144
EMX2,BACH1,-1,-0.04325278541118163
ZEB1,BACH1,1,0.04885963625698383
IRF1,BACH1,1,0.04644512322224442
RUNX2,BACH1,1,0.09089013830024954
VAX2,BACH1,-1,-0.07560337178233786
MAF,BACH1,1,0.02485954143389454
TFAP2C,BACH1,1,0.036959730116562554
MAX,BACH1,-1,-0.0675697542162538
HOXD13,BACH1,1,0.011642515532223376
BRCA1,BACH1,1,0.050922981038527944
MSC,BACH1,-1,-0.049671885256807935
FOXC1,BACH1,-1,-0.040125769030846206
CDC5L,BACH1,1,0.05349096278222976
HOXB2,BACH1,-1,-0.00922526201960444
FLI1,BACH1,1,0.1521674113590044
HOXA3,BACH1,-1,-0.002933212253373228
PRDM4,BACH1,1,0.01405640749530127
MSX1,BACH1,-1,-0.010761792274519483
MAFB,BACH1,1,0.0053120516661912245
HOXC4,BACH1,-1,-0.10970161110974218
TBP,BACH1,1,0.001406915283752163
FOXO3,BACH1,1,0.1167347017076429
PPARA,BACH1,1,0.04518909458800547
TFAP2A,BACH1,-1,-0.01743102467377768
ZNF35,BACH1,1,0.13638257476669485
NR2F6,SMAD4,1,0.014957401385750812
MEF2D,SMAD4,-1,-0.024730275976577707
HOXC10,SMAD4,-1,-0.010041177899574961
E2F1,SMAD4,-1,-0.0060977145276083005
SOX21,SMAD4,-1,-0.004109338669960393
ZNF281,SMAD4,1,0.06286138992674262
KLF11,SMAD4,1,0.007920177203903473
SP4,SMAD4,1,0.0021706690830147904
HOXC13,SMAD4,-1,-0.016554069505683743
SOX4,SMAD4,-1,-0.010768393386578092
SOX17,SMAD4,1,0.006002046145140117
TEAD3,SMAD4,1,0.03520501362228539
SRF,SMAD4,-1,-0.011812517255401047
POU3F3,SMAD4,-1,-0.018690323042965168
PPARG,SMAD4,1,0.020751390922265463
PATZ1,SMAD4,1,0.040124580251692
TAL1,SMAD4,-1,-0.03103836445288419
NKX2-5,SMAD4,1,0.003265990724801152
DBP,SMAD4,1,0.04529311962085188
ZEB1,SMAD4,1,0.10492230203475117
IRF1,SMAD4,1,0.004847641728391478
FOXF2,SMAD4,1,0.03823652375490341
SATB1,SMAD4,-1,-0.031845607409493305
TFAP2C,SMAD4,1,0.005123743279727117
FOXD3,SMAD4,-1,-0.030119304038610448
HOXD13,SMAD4,-1,-0.0202489929003615
IRF2,SMAD4,1,0.01968679716257506
HOXB6,SMAD4,1,0.05537395807098399
PRDM1,SMAD4,-1,-0.045836306590504104
FOXO4,SMAD4,-1,-0.023843396660029832
FOXO1,SMAD4,-1,-0.007873608154792386
POU3F2,SMAD4,-1,-0.003215996972095764
VBP1,SMAD4,1,0.22294201022370985
HOXB13,SMAD4,-1,-0.0065150053413891885
AR,SMAD4,1,0.01843469863811585
RUNX3,SMAD4,-1,-0.03319353610211164
HLF,SMAD4,1,0.012103113629393236
TEAD1,SMAD4,-1,-0.03726241316946941
TBP,SMAD4,1,0.11096970635982081
ELF2,SMAD4,1,0.2927949442492276
FOXO3,SMAD4,1,0.013059836434530257
NFIL3,SMAD4,1,0.10219078435910663
RFX5,SMAD4,1,0.084620893807133
ZNF35,SMAD4,1,0.04516179897528317
NR2F6,NF1,-1,-0.051321295341134464
MEOX2,NF1,-1,-0.016652593575883688
ELK1,NF1,-1,-0.0533792753516516
FOSL1,NF1,-1,-0.04522446864729179
NRF1,NF1,1,0.08113754520857654
ERF,NF1,-1,-0.024106659195429855
E2F1,NF1,-1,-0.053621604661874094
ETS1,NF1,1,0.004852121777694643
SOX9,NF1,1,0.053198030451608425
SP1,NF1,1,0.0692665135153908
TP53,NF1,1,0.020355670849286335
SP4,NF1,1,0.07716585046048868
SOX17,NF1,1,0.0008290381731233708
SOX15,NF1,1,0.021574968285131734
ETV6,NF1,1,0.06080845577711647
KLF15,NF1,1,0.052898524879025646
JDP2,NF1,-1,-0.02248748554978228
SPI1,NF1,-1,-0.07023953718481195
PATZ1,NF1,1,0.036818684106226775
ELK3,NF1,-1,-0.19496189840521963
JUN,NF1,-1,-0.0331029857954888
CEBPG,NF1,-1,-0.004545773600144885
XBP1,NF1,-1,-0.041004754830085546
ELK4,NF1,1,0.1975188247101596
EGR1,NF1,-1,-0.046028125991395025
PRDM1,NF1,1,0.11139899260536369
FOXO4,NF1,1,0.019242033057603684
BACH1,NF1,1,0.044518964002279504
ETV5,NF1,-1,-0.00046053258929750726
ATF2,NF1,1,0.1043030552424019
CREB5,NF1,1,0.03187297548802486
PITX1,NF1,-1,-0.00765700914226272
RFX3,NF1,1,0.044154586783147105
ETV3,NF1,1,0.002701179807621075
AR,NF1,1,0.019710924549488477
ETS2,NF1,1,0.054846663080204
TEAD1,NF1,1,0.031506233570429525
ELF2,NF1,1,0.32169836129701035
ERG,NKX2-2,1,0.22626768607159586
MEF2D,NKX2-2,-1,-0.08260714943899529
HSF1,NKX2-2,1,0.010603085463999132
MYBL2,NKX2-2,1,0.044801946375398555
ELF5,NKX2-2,1,0.06953704581728479
ELF3,NKX2-2,-1,-0.24814938603812023
MEF2A,NKX2-2,1,0.023957182589828797
SOX9,NKX2-2,1,0.038561615878969446
ZNF281,NKX2-2,1,0.3114698835619889
SP1,NKX2-2,-1,-0.159365399601826
ZNF219,NKX2-2,1,0.08746447097018778
TP53,NKX2-2,-1,-0.013578285025655864
KLF11,NKX2-2,-1,-0.06365301040391796
SP4,NKX2-2,-1,-0.04392196831202563
SOX2,NKX2-2,1,0.17934580006429565
SRF,NKX2-2,1,0.06753895267942904
EWSR1,NKX2-2,-1,-0.006525741060711068
PPARG,NKX2-2,-1,-0.08511986867486314
PATZ1,NKX2-2,1,0.14477260294645647
CEBPA,NKX2-2,1,0.05449393607727671
TCF3,NKX2-2,-1,-0.25222435409343985
ATF5,NKX2-2,-1,-0.07851796186580727
NFATC1,NKX2-2,1,0.21792153431400244
NKX2-5,NKX2-2,1,0.06969329416872845
HOXB9,NKX2-2,1,0.01205835237866133
EGR2,NKX2-2,1,0.04983258858204392
EGR1,NKX2-2,1,0.07206956571067498
NR2C2,NKX2-2,1,0.01572849004648473
IRF2,NKX2-2,-1,-0.05359126034232076
PRDM1,NKX2-2,-1,-0.09600530698190325
FOXC1,NKX2-2,-1,-0.06102835440995595
CDC5L,NKX2-2,-1,-0.01999385965185424
IRF7,NKX2-2,-1,-0.013966713364767487
MAZ,NKX2-2,1,0.06401146518667251
FLI1,NKX2-2,-1,-0.16492297257490746
HOXB13,NKX2-2,1,0.05529788145529468
INSM1,NKX2-2,1,0.17448976840323624
NFATC4,NKX2-2,-1,-0.11842796074866313
ARID3A,NKX2-2,1,0.3831232911525571
NFKB2,TFEB,1,0.012746605985883789
KLF13,TFEB,1,0.14359127045210876
RARA,TFEB,1,0.08005152377572185
ETS1,TFEB,1,0.008337951263759469
MEF2A,TFEB,1,0.040843014791960876
PLAG1,TFEB,1,0.009081848532840551
SP1,TFEB,-1,-0.10891311899497538
ZBTB7B,TFEB,1,0.02109267357422706
SOX15,TFEB,1,0.08797038926192781
SPI1,TFEB,1,0.05019988927739059
CEBPA,TFEB,1,0.10821025695822545
TAL1,TFEB,1,0.0547497276316275
LMO2,TFEB,1,0.005347838853246235
NKX3-1,TFEB,1,0.04332299455903307
CREB5,TFEB,1,0.03145962544618695
FLI1,TFEB,1,0.04771943040796621
AR,TFEB,1,0.014521852388133
MSX1,TFEB,1,0.07431434951259479
HLF,TFEB,1,0.011283946063951996
BCL6,TFEB,1,0.01741201339989623
SREBF1,TFEB,1,0.04844113323255715
PAX6,TFEB,1,0.04829993789526133
TFAP4,TFEB,1,0.16471664377280357
ETV1,MSC,-1,-0.017552458570994144
ELK1,MSC,1,0.07009745995883446
RARA,MSC,1,0.016478210583591266
E2F1,MSC,-1,-0.01252770133790406
ETS1,MSC,1,0.08721060172925922
IRF8,MSC,1,0.02975763398302446
STAT4,MSC,1,0.11399164043460026
SP1,MSC,-1,-0.011242379711246302
SOX17,MSC,1,0.013204671966507948
HOXD9,MSC,1,0.015459023201996777
KLF15,MSC,-1,-0.15650052164379816
SOX2,MSC,-1,-0.025875612394275924
SRF,MSC,1,0.03549460027486451
ZBTB16,MSC,1,0.002936776185841158
HOXB9,MSC,1,0.21211672487107078
ELF4,MSC,1,0.018368792403053367
HOXD13,MSC,1,0.031862931311296326
PRDM1,MSC,1,0.07181264392517236
SCRT1,MSC,1,0.11664245674422603
NKX3-1,MSC,1,0.15381413709538305
RARG,MSC,1,0.06072146292702517
ZNF35,MSC,-1,-0.007186524815501554
NR2F6,SCRT1,-1,-0.08117703562383397
REL,SCRT1,-1,-0.0318280082235194
NFKB2,SCRT1,-1,-0.07990697004370771
ESRRG,SCRT1,1,0.08688741745118769
PLAG1,SCRT1,-1,-0.03795805724127078
STAT4,SCRT1,1,0.2553121160997726
SP1,SCRT1,-1,-0.13719763867208712
ZNF219,SCRT1,1,0.09965172693783901
SP4,SCRT1,1,0.10136028828004215
JDP2,SCRT1,1,0.0017935485447672763
ELF1,SCRT1,-1,-0.1222959552828329
SOX2,SCRT1,-1,-0.06822310430071099
SF1,SCRT1,1,0.08159018758689815
EWSR1,SCRT1,1,0.018040237442826956
PPARG,SCRT1,1,0.06502998271990783
ATF7,SCRT1,-1,-0.07350460888385289
PATZ1,SCRT1,1,0.13639300530565865
CEBPA,SCRT1,-1,-0.060153237815810716
MAFK,SCRT1,1,0.12050671393516005
TCF3,SCRT1,1,0.04052188780864627
JUN,SCRT1,-1,-0.024901549844615803
TAL1,SCRT1,1,0.13167044702780928
XBP1,SCRT1,-1,-0.06417218981717068
ELF4,SCRT1,-1,-0.0680484229216061
EGR1,SCRT1,1,0.03117084676876689
RUNX2,SCRT1,-1,-0.059637564241254805
PRDM1,SCRT1,-1,-0.10471263935320543
FOXO4,SCRT1,1,0.10722106530329652
CREB5,SCRT1,-1,-0.09797732285798037
MAZ,SCRT1,1,0.10320841312033584
MAFB,SCRT1,1,0.17077583067671798
RARG,SCRT1,1,0.01558105743525643
TFAP2A,SCRT1,1,0.31308948124203917
NR2F6,FOXC1,1,0.012416011855771458
SOX18,FOXC1,1,0.16758975310837612
MYBL2,FOXC1,-1,-0.0337223329411656
LHX6,FOXC1,1,0.029442403705136122
TFCP2,FOXC1,1,0.016539254443947795
RARA,FOXC1,-1,-0.09623016353982039
HOXD10,FOXC1,-1,-0.018684698847240725
SOX21,FOXC1,1,0.007326295633951938
ETS1,FOXC1,1,0.005025377590014723
MEF2A,FOXC1,1,0.041518592101348235
ZNF281,FOXC1,1,0.004753904457625584
PLAG1,FOXC1,1,0.04812474983882139
TRIM28,FOXC1,1,0.034444469605282614
NEUROD1,FOXC1,-1,-0.063967296851619
HMGA1,FOXC1,-1,-0.013916161086947295
KLF11,FOXC1,1,0.028358163298157088
HOXC13,FOXC1,1,0.008943619057468303
SOX4,FOXC1,1,0.02719691695389794
SOX17,FOXC1,1,0.13252559156908958
NFYA,FOXC1,1,0.012194952749449837
RXRA,FOXC1,1,0.019066942929356047
SOX15,FOXC1,1,0.0007942610943368243
LEF1,FOXC1,1,0.08069545063668501
KLF15,FOXC1,-1,-0.01571183696024512
SPI1,FOXC1,-1,-0.07316545566574954
SOX2,FOXC1,1,0.006553667661489364
SRF,FOXC1,1,0.03582068880323149
POU3F3,FOXC1,1,0.004751759712051854
EWSR1,FOXC1,1,0.016130404195718498
ATF7,FOXC1,1,0.05979608915498659
PATZ1,FOXC1,1,0.015753381838803864
TRAF4,FOXC1,1,0.01883814324186654
POU3F4,FOXC1,-1,-0.006278408324351937
CEBPA,FOXC1,1,0.010760670352953286
ZBTB16,FOXC1,-1,-0.027843271115794148
TCF3,FOXC1,-1,-0.042467076064994315
SOX12,FOXC1,1,0.004780050639285231
JUN,FOXC1,1,0.0029374759430306017
NKX2-5,FOXC1,1,0.02390300672307985
ZNF217,FOXC1,1,0.031433082001671
SOX11,FOXC1,-1,-0.011989551877683946
DBP,FOXC1,1,0.0027688065828876426
ELF4,FOXC1,1,0.026184701898734564
HOXB3,FOXC1,1,0.010843023566295592
EMX2,FOXC1,1,0.039240996642056526
EGR1,FOXC1,1,0.000701148713353687
IRF1,FOXC1,1,0.03454276305731615
NR2C2,FOXC1,-1,-0.05715009526948613
PKNOX2,FOXC1,1,0.06273502453886647
PRRX1,FOXC1,1,0.00935896717654644
FOXD3,FOXC1,-1,-0.0203656026625349
IRF2,FOXC1,1,0.07038850161885866
FOXO4,FOXC1,1,0.018979300434911743
FOXO1,FOXC1,1,0.04283830210143926
FOXC2,FOXC1,1,0.16256654455114594
NKX3-1,FOXC1,-1,-0.013607084233151738
TGIF2,FOXC1,1,0.06925877640215741
IRF7,FOXC1,-1,-0.04082901261056364
POU3F2,FOXC1,1,0.004470209760004933
MAZ,FOXC1,-1,-0.015945569540061322
FEV,FOXC1,-1,-0.01909805947037517
SOX1,FOXC1,1,0.0007492394879731225
HOXB13,FOXC1,-1,-0.0038671865357407377
ZNF232,FOXC1,-1,-0.10624768984658707
TBX5,FOXC1,-1,-0.02028032746609513
AR,FOXC1,-1,-0.04790677045308321
MSX1,FOXC1,1,0.09971951493110122
NR4A1,FOXC1,1,0.059543406945078155
NFATC4,FOXC1,1,0.03400811448759739
TBP,FOXC1,1,0.009534986656197696
FOXO3,FOXC1,1,0.05276752727041626
TFAP2A,FOXC1,1,0.0026947834438945796
PAX6,FOXC1,1,0.056454847947015406
NR2F6,ETV5,1,0.12752241750065746
SOX18,ETV5,-1,-0.04362865095544579
MYBL2,ETV5,1,0.020738386691412765
ELF5,ETV5,-1,-0.0002542906294588686
HOXC10,ETV5,-1,-0.013969086832859077
ELF3,ETV5,-1,-0.05347421041688802
E2F1,ETV5,-1,-0.03909734766079291
MEF2A,ETV5,1,0.07314283843675358
SOX9,ETV5,1,0.1871128582389201
FOXJ1,ETV5,-1,-0.04860373624970506
PLAG1,ETV5,1,0.04826031995034345
TRIM28,ETV5,1,0.14725397147003622
HMGA1,ETV5,1,0.10844308594242708
ZBTB33,ETV5,-1,-0.0618370730420668
SOX17,ETV5,1,0.05641382825133504
PBX1,ETV5,-1,-0.11492571214947221
SOX15,ETV5,-1,-0.09900965549723548
ETV6,ETV5,1,0.11197636685846492
ELF1,ETV5,1,0.02367167181401274
SRF,ETV5,-1,-0.23115109006082488
POU3F4,ETV5,-1,-0.03448354624139529
STAT5A,ETV5,1,0.08494535335216187
RUNX1,ETV5,1,0.10507541286969506
DBP,ETV5,1,0.1368706835039019
ELF4,ETV5,-1,-0.0015091810688692246
HOXB3,ETV5,1,0.10059021331911097
EGR1,ETV5,1,0.2203068506898029
NR2C2,ETV5,1,0.07882476720239648
FOXD3,ETV5,-1,-0.0216422656250457
NR2E1,ETV5,1,0.3696828055858134
IRF2,ETV5,1,0.18356575101176303
POU4F1,ETV5,-1,-0.06338194168531246
FOXO4,ETV5,-1,-0.014234984792611692
SMAD4,ETV5,1,0.19837353722660436
NKX2-2,ETV5,1,0.13282597197296084
FOXO1,ETV5,-1,-0.06003064475071791
NR2F1,ETV5,-1,-0.14276526009945245
POU3F2,ETV5,1,0.11308248939995524
MAZ,ETV5,1,0.03228020311538863
RORA,ETV5,1,0.007690635875772158
FOXP3,ETV5,-1,-0.001885879983209031
SIX6,ETV5,1,0.03733460999611251
MAFB,ETV5,-1,-0.048850590484733766
ARID3A,ETV5,-1,-0.2584687970181638
TEAD1,ETV5,1,0.058100555122466445
BCL6,ETV5,-1,-0.16072824437434802
NFIL3,ETV5,-1,-0.23656982771571047
PAX6,ETV5,-1,-0.23266425837308174
ZNF35,ETV5,1,0.11645051755989026
NR1H2,HOXA10,-1,-0.03624625359398268
ESRRG,HOXA10,1,0.038442098191954835
RARA,HOXA10,-1,-0.025083489707240544
HOXD10,HOXA10,1,0.033663782666303765
E2F1,HOXA10,-1,-0.045903427879622226
AHR,HOXA10,1,0.018910550206383832
SP1,HOXA10,-1,-0.0029661897602919055
NEUROD1,HOXA10,1,0.03149289358341602
E2F4,HOXA10,1,0.019268938094248022
SOX4,HOXA10,1,0.0652731882013875
GABPA,HOXA10,1,0.006553765945417975
SOX15,HOXA10,1,0.005038837596511431
ETV6,HOXA10,-1,-0.028051770487483797
KLF15,HOXA10,1,0.019755520770587964
SRF,HOXA10,-1,-0.016524450221215934
THRA,HOXA10,1,0.011539785912604853
EWSR1,HOXA10,1,0.002587183859604784
PPARG,HOXA10,1,0.015436701708431968
POU3F4,HOXA10,1,0.002052807982654436
MAFK,HOXA10,-1,-0.027739266307903247
NFATC1,HOXA10,1,0.005640702913619886
TAL1,HOXA10,1,0.010188218267065232
SOX11,HOXA10,1,0.059926488878337035
ELF4,HOXA10,1,0.14406432331615865
NR2C2,HOXA10,-1,-0.03484909641913869
HOXD13,HOXA10,1,0.09970657567612065
POU4F1,HOXA10,1,0.017265729973848908
FOXO4,HOXA10,1,0.002497396813623998
FOXC1,HOXA10,1,0.004034567573341684
SMAD3,HOXA10,1,0.0053207929711533
IRF7,HOXA10,1,0.008446054709480223
HOXA3,HOXA10,1,0.43800584424195366
MSX2,HOXA10,1,0.11738240809286508
AR,HOXA10,-1,-0.001318184397517729
MSX1,HOXA10,1,0.03820711656551695
NFATC4,HOXA10,-1,-0.03181381254603768
TBP,HOXA10,1,0.023641400859984438
NR2F6,SMAD3,1,0.1039529078225415
BRF1,SMAD3,1,0.054457513303496435
MEF2D,SMAD3,1,0.14176213402046597
MEOX2,SMAD3,1,0.028105514331756235
FOSL1,SMAD3,1,0.09165477093462439
E2F1,SMAD3,-1,-0.0010385320599414825
ETS1,SMAD3,-1,-0.027995858250402014
MEF2A,SMAD3,1,0.10356975080104552
SOX9,SMAD3,1,0.06102133784350382
ZNF281,SMAD3,1,0.038819899972491884
FOXJ1,SMAD3,-1,-0.0017457142079904564
PLAG1,SMAD3,1,0.12940723146311414
SP1,SMAD3,1,0.1525700659395872
NEUROD1,SMAD3,-1,-0.031379135366162526
HMGA1,SMAD3,-1,-0.09142532778742893
ZNF219,SMAD3,-1,-0.04516758600385989
TP53,SMAD3,1,0.03788392452125782
SP4,SMAD3,-1,-0.08507621220856108
SOX4,SMAD3,-1,-0.013592818564228613
SOX17,SMAD3,-1,-0.0035359686199701685
SOX15,SMAD3,1,0.06819027506489049
GATA6,SMAD3,-1,-0.009332043928890442
LEF1,SMAD3,1,0.0028420503608554033
KLF15,SMAD3,1,0.13484496348640407
JDP2,SMAD3,-1,-0.05763247623159799
ELF1,SMAD3,1,0.03881019248552191
SPI1,SMAD3,-1,-0.011046731101659327
SOX2,SMAD3,-1,-0.02502299429883037
SRF,SMAD3,-1,-0.0979375712536919
EWSR1,SMAD3,1,0.0784563291788843
PPARG,SMAD3,1,0.009681955827824771
TBX2,SMAD3,1,0.0049948557777659205
MAFK,SMAD3,-1,-0.019583402118973386
NFKB1,SMAD3,1,0.14422576180354182
TCF3,SMAD3,1,0.09384124627714478
RFX2,SMAD3,1,0.02456856890638562
TAL1,SMAD3,1,0.06903612999113495
ZNF217,SMAD3,1,0.06033151036686281
XBP1,SMAD3,-1,-0.00717179950231197
SOX11,SMAD3,-1,-0.004745020688592425
DBP,SMAD3,1,0.07028459489419639
NR2C2,SMAD3,1,0.06995425525338002
TFAP2C,SMAD3,1,0.018029530414026006
ONECUT2,SMAD3,-1,-0.11666157164250075
FOXD3,SMAD3,-1,-0.10328317642800397
PRDM1,SMAD3,1,0.021384112381163344
SMAD4,SMAD3,-1,-0.026158513663257735
MSC,SMAD3,1,0.07127591011075735
FOXO1,SMAD3,-1,-0.21128989554361408
CREB5,SMAD3,-1,-0.022816938865627256
POU3F2,SMAD3,-1,-0.1197228096010714
MAZ,SMAD3,-1,-0.008748757922364967
TCF7L2,SMAD3,1,0.25379116021589054
ZSCAN16,SMAD3,-1,-0.04143959831063226
TBX5,SMAD3,-1,-0.005288944702631077
AR,SMAD3,-1,-0.018673427147207697
SIX6,SMAD3,1,0.024609165343874462
MSX1,SMAD3,-1,-0.008671991280488955
NFATC4,SMAD3,1,0.028644031751559374
ELF2,SMAD3,-1,-0.06065062782093325
RFC5,SMAD3,1,0.049878143200383675
PAX6,SMAD3,1,0.2919855909777963
RFX5,SMAD3,1,0.008988217903776342
ZNF35,SMAD3,-1,-0.008075808536942137
NR2F6,ATF2,-1,-0.09653009358724045
MEF2D,ATF2,-1,-0.006895346276380104
NFKB2,ATF2,-1,-0.025872881463930877
HEY2,ATF2,1,0.009942961228944128
SREBF2,ATF2,1,0.04166907674746341
E2F1,ATF2,-1,-0.07673512490186025
MEF2A,ATF2,1,0.11567500084524318
ZNF281,ATF2,1,0.051497648423032845
STAT4,ATF2,-1,-0.012295490898792252
SP1,ATF2,1,0.014558279020958997
ZBTB33,ATF2,1,0.21387861811130776
KLF11,ATF2,1,0.06550084341115633
SP4,ATF2,1,0.05102851210580967
NFYA,ATF2,1,0.07411362895652177
RXRA,ATF2,-1,-0.02215824929768511
KLF15,ATF2,-1,-0.004272617733998425
SRF,ATF2,1,0.004804550504359327
THRA,ATF2,1,0.010842327932434764
EWSR1,ATF2,-1,-0.026705155150014644
CEBPD,ATF2,1,0.0380706390285062
PPARG,ATF2,-1,-0.09212625207649879
MYCN,ATF2,-1,-0.002072899364710868
SOX12,ATF2,1,0.022308595123382027
CEBPG,ATF2,1,0.021202745169577014
RUNX1,ATF2,-1,-0.0539289582963569
ZEB1,ATF2,-1,-0.020178094580893816
TFAP2B,ATF2,-1,-0.014292811547302204
RUNX2,ATF2,-1,-0.018618458853017536
NR2C2,ATF2,-1,-0.02951380691877212
LMO2,ATF2,1,0.017152540903843837
FOXO4,ATF2,-1,-0.08301917295455963
SMAD4,ATF2,1,0.2927101525319119
ETV5,ATF2,1,0.0679290764356105
FOXO1,ATF2,1,0.027149643999999144
POU3F2,ATF2,-1,-0.04892952734435115
MAZ,ATF2,1,0.16146143806591515
ZSCAN16,ATF2,1,0.10082343424053264
RORA,ATF2,1,0.08164959878535995
FLI1,ATF2,1,0.04930844639672239
AR,ATF2,-1,-0.007247614367609941
TEAD4,ATF2,1,0.027849219470546305
HLF,ATF2,1,0.006983565663268371
ARID3A,ATF2,1,0.13297982237735925
TBP,ATF2,1,0.13681607525181688
BCL6,ATF2,-1,-0.008504396440779535
SREBF1,ATF2,1,0.0714890532701147
NFIX,CDC5L,-1,-0.012273397342463183
HSF1,CDC5L,1,0.03211248560810257
SOX18,CDC5L,-1,-0.024737273424451662
ELK1,CDC5L,1,0.01898400036616427
NRF1,CDC5L,-1,-0.05721079717777859
CNOT3,CDC5L,-1,-0.116158748635672
E2F1,CDC5L,1,0.01829725157854994
ARID5A,CDC5L,-1,-0.023823720765433164
ETS1,CDC5L,1,0.02325216981872119
MEF2A,CDC5L,1,0.12365441414218281
ZNF281,CDC5L,1,0.11639422463554869
FOXJ1,CDC5L,1,0.008103372726143084
STAT4,CDC5L,1,0.037993384346025436
TRIM28,CDC5L,1,0.056183200150849044
SP1,CDC5L,1,0.007751576824234495
HMGA1,CDC5L,1,0.008191986961448655
ZNF219,CDC5L,1,0.02060848828737694
ZBTB33,CDC5L,1,0.029282144778548035
HOXC13,CDC5L,-1,-0.01039150932554928
SOX4,CDC5L,1,0.11569134123868233
RXRA,CDC5L,1,0.03691210442401958
SOX15,CDC5L,1,0.03823537375960385
KLF15,CDC5L,1,0.03505977475558488
JDP2,CDC5L,-1,-0.008595465940855328
SPI1,CDC5L,-1,-0.11956016782623863
SOX2,CDC5L,1,0.014161935270773113
POU3F3,CDC5L,-1,-0.029124829931494064
CEBPD,CDC5L,-1,-0.010552830413558905
PPARG,CDC5L,1,0.02960716016647353
POU3F4,CDC5L,-1,-0.014041290401440771
VDR,CDC5L,1,0.12462409165920715
RFX2,CDC5L,1,0.014873545604559443
NFATC1,CDC5L,1,0.005375368962874574
RFX1,CDC5L,1,0.04561930737410462
CEBPG,CDC5L,1,0.041176343313805694
XBP1,CDC5L,1,0.028992903042092066
SOX11,CDC5L,-1,-0.003765464632568264
FOS,CDC5L,1,0.015251419553512714
EGR1,CDC5L,-1,-0.04204477353225076
HOXC6,CDC5L,-1,-0.0011635727996503727
PRRX1,CDC5L,1,0.0024438958696298024
FOXD3,CDC5L,1,0.03801102496253573
HOXD13,CDC5L,1,0.01764842211167339
IRF2,CDC5L,1,0.033581103822310096
ATF2,CDC5L,1,0.09411825847985793
FOXC2,CDC5L,1,0.038625007490389066
IRF7,CDC5L,1,0.0016870149395119588
POU3F2,CDC5L,1,0.07159012243212602
DLX6,CDC5L,-1,-0.045349162173617744
ZSCAN16,CDC5L,1,0.08643616938357208
FLI1,CDC5L,1,0.06553023702602023
HOXB13,CDC5L,-1,-0.003710927264264602
MSX2,CDC5L,-1,-0.035568622179760145
HIC1,CDC5L,-1,-0.01554978148576297
RARG,CDC5L,-1,-0.009968448092305389
NFATC4,CDC5L,-1,-0.010179482237911949
ARID3A,CDC5L,-1,-0.02120922866055386
TBP,CDC5L,1,0.12918165141645505
TFAP2A,CDC5L,1,0.034785903149105395
PAX6,CDC5L,1,0.043659240225091
HSF1,FOXO1,-1,-0.032411460830707096
NR1H2,FOXO1,1,0.018095532933398325
MEOX2,FOXO1,1,0.10807411876806698
FOSL1,FOXO1,1,0.053318242543224356
ZNF652,FOXO1,1,0.03742494836110807
RARA,FOXO1,1,0.05902437385516464
HOXD10,FOXO1,-1,-1.4905896440959237e-05
E2F1,FOXO1,-1,-0.025921371516020916
ZNF281,FOXO1,1,0.08189491272058744
SP4,FOXO1,1,0.0005649756761032382
HOXC13,FOXO1,-1,-0.015959280781952856
KLF15,FOXO1,1,0.041410316482635774
SOX2,FOXO1,-1,-0.06276780126108951
POU3F3,FOXO1,-1,-0.006780296917990601
EWSR1,FOXO1,1,0.050456494728805756
PPARG,FOXO1,1,0.03435209192177496
TRAF4,FOXO1,-1,-0.003537156404850799
ZBTB16,FOXO1,1,0.2770627987117317
TCF3,FOXO1,1,0.010559604663787374
SOX11,FOXO1,-1,-0.026467558915626826
ELF4,FOXO1,1,0.031368104154786886
EMX2,FOXO1,1,0.05711069783370163
HOXC6,FOXO1,1,0.017637874711044586
FOXD3,FOXO1,1,0.04200259712614377
IRF2,FOXO1,1,0.01108823820596343
FOXO4,FOXO1,-1,-0.056045352240912755
MSC,FOXO1,1,0.00048492119854288957
FOXC1,FOXO1,1,0.07895535038545053
HOXA10,FOXO1,1,0.0320390404994755
SMAD3,FOXO1,-1,-0.06815418304800347
POU3F2,FOXO1,1,0.098917861735645
MAZ,FOXO1,-1,-0.02773552124454732
AR,FOXO1,1,0.13713133546746295
HOXC4,FOXO1,1,0.05245984985982447
FOXO3,FOXO1,1,0.08424737799214373
BCL6,FOXO1,1,0.02948426896867939
REL,FOXC2,-1,-0.132573473191175
ELF5,FOXC2,1,0.11234579200440611
MEOX2,FOXC2,1,0.013066446771142897
KLF13,FOXC2,-1,-0.012251241230968464
HOXC10,FOXC2,-1,-0.020946915298974123
LHX6,FOXC2,1,0.038234571444994564
SP100,FOXC2,1,0.04713835991106756
ESRRG,FOXC2,1,0.010191866494843802
ZNF652,FOXC2,-1,-0.014225159844524337
RARA,FOXC2,1,0.02496917473437778
CNOT3,FOXC2,1,0.04826455805523663
ELF3,FOXC2,1,0.005854300815613161
HOXD10,FOXC2,-1,-0.025496445158978552
ARID5A,FOXC2,1,0.014021230676915603
SOX21,FOXC2,1,3.7905658966540166e-05
IRF8,FOXC2,-1,-0.008139419270430288
MEF2A,FOXC2,-1,-0.016773973446881082
TRIM28,FOXC2,-1,-0.00616714302631803
SP1,FOXC2,-1,-0.07762615803409732
NEUROD1,FOXC2,1,0.00591167919842081
HMGA1,FOXC2,1,0.005156055852575155
ZBTB33,FOXC2,-1,-0.008339021118458245
TP53,FOXC2,-1,-0.0050348220609458295
KLF11,FOXC2,1,0.0297286953580996
SP4,FOXC2,-1,-0.01794172400912211
HOXC13,FOXC2,-1,-0.0026128817014399682
SOX4,FOXC2,-1,-0.033418097706834723
SOX17,FOXC2,1,0.012847028738953804
GBX2,FOXC2,1,0.022724238288757387
NFYA,FOXC2,-1,-0.024519907463063522
STAT5B,FOXC2,-1,-0.040689683127242776
KLF15,FOXC2,-1,-0.03492634919603155
HMGA2,FOXC2,1,0.0040152728586529095
SPI1,FOXC2,-1,-0.03746895168323546
SRF,FOXC2,1,0.016738952420569494
POU3F3,FOXC2,-1,-0.08101844814257665
EWSR1,FOXC2,-1,-0.027892246799518985
ESR2,FOXC2,1,0.010832393604473578
TRAF4,FOXC2,1,0.006737292874133233
POU3F4,FOXC2,1,0.01615113258391122
MAFK,FOXC2,1,0.024380166223703637
ZBTB16,FOXC2,1,0.00142167942617192
SOX12,FOXC2,1,0.00242586999437251
E2F2,FOXC2,1,0.01374649949701428
JUN,FOXC2,-1,-0.00840929493301748
CEBPG,FOXC2,-1,-0.027340810284559914
TAL1,FOXC2,1,0.010759322826248334
NKX2-5,FOXC2,1,0.0049925023625504664
XBP1,FOXC2,1,0.002762674503239254
HOXB9,FOXC2,1,0.08947813606136094
ELF4,FOXC2,-1,-0.002227082427308182
HOXC11,FOXC2,-1,-0.01462184301699268
HOXB3,FOXC2,-1,-0.0017692033049846957
EMX2,FOXC2,-1,-0.012040562810472812
EGR1,FOXC2,1,0.014999447708732488
IRF1,FOXC2,-1,-0.0517253792849007
FOXF2,FOXC2,1,0.020350386834426748
HOXC6,FOXC2,-1,-0.004491289061690968
VAX2,FOXC2,1,0.040323963799767035
MAX,FOXC2,1,0.06054976504265001
FOXD3,FOXC2,-1,-0.006599999071984662
HOXD13,FOXC2,1,0.005041694514925888
IRF2,FOXC2,-1,-0.022968666384801675
HOXB6,FOXC2,1,0.026881378416545493
POU4F1,FOXC2,1,0.01379386512674551
PRDM1,FOXC2,1,0.1092387396102337
KLF12,FOXC2,1,0.05788596746336589
FOXO4,FOXC2,1,0.04299715922369365
FOXC1,FOXC2,1,0.13374324221021855
HOXA10,FOXC2,1,0.024567502557294778
FOXO1,FOXC2,1,0.012937481685669442
IRF7,FOXC2,-1,-0.025505528807286147
PITX1,FOXC2,1,0.018754647614812957
POU3F2,FOXC2,1,0.026115523143557293
DLX6,FOXC2,-1,-0.0244414212065638
MAZ,FOXC2,1,0.00750444515005095
HOXA4,FOXC2,1,0.008787435460296606
SOX1,FOXC2,1,0.014205609397754303
HOXB13,FOXC2,-1,-0.023011560196177887
ZNF232,FOXC2,1,0.045072388781148866
AR,FOXC2,-1,-0.02878650627673893
PRDM4,FOXC2,-1,-0.007884813641809206
MSX1,FOXC2,1,0.0011204896727077696
MAFB,FOXC2,1,0.06314622395684204
NR4A1,FOXC2,1,0.025006864596178797
RARG,FOXC2,1,0.07641959020008113
NFATC4,FOXC2,1,0.013551017247386953
ARID3A,FOXC2,1,0.0869650162651829
TBP,FOXC2,-1,-0.00039391196056235014
PPARA,FOXC2,1,0.00724641626515183
NKX6-1,FOXC2,1,0.0415011810940908
TFAP2A,FOXC2,-1,-0.00995510836409744
HOXA9,FOXC2,-1,-0.003236963318684354
OSR2,FOXC2,1,0.028652209347752262
EN1,FOXC2,-1,-0.001984680377917138
ZNF35,FOXC2,1,0.006790086923175887
ETV1,NKX3-1,1,0.005441335642730749
CNOT3,NKX3-1,1,0.02024710578293417
E2F1,NKX3-1,1,0.019999873185435713
ETS1,NKX3-1,-1,-0.0033653670912853397
TP53,NKX3-1,-1,-0.03701015012284181
NFYA,NKX3-1,-1,-0.02181261645103268
RXRA,NKX3-1,1,0.04684865523214551
GATA6,NKX3-1,1,0.18358555498951565
SOX2,NKX3-1,1,0.0015197916747405826
POU3F3,NKX3-1,-1,-0.05932304555527187
EWSR1,NKX3-1,-1,-0.05307803938677097
MAFK,NKX3-1,1,0.0054785485317050695
ETV4,NKX3-1,1,0.041789576440077913
TAL1,NKX3-1,1,0.03045467542368003
TFAP2B,NKX3-1,1,0.03304206128717109
ELK4,NKX3-1,-1,-0.021315510654089265
EGR1,NKX3-1,1,0.01593982049088389
RUNX2,NKX3-1,1,0.25512923690091766
PRRX1,NKX3-1,-1,-8.140369524758547e-05
MAX,NKX3-1,1,0.07738213355102821
TFEB,NKX3-1,1,0.09638141748711744
ETV5,NKX3-1,1,0.026826602042414594
HOXA10,NKX3-1,1,0.04062692031612345
IRF7,NKX3-1,1,0.0033826429003214246
MSX1,NKX3-1,1,0.037101688702597266
TFAP2A,NKX3-1,1,0.14424137364584014
PAX6,NKX3-1,1,0.03979939039131328
ETV1,NR2F1,1,0.015668520023969713
NR1H2,NR2F1,1,0.008419500053888838
MEOX2,NR2F1,-1,-0.00855963560621349
KLF13,NR2F1,1,0.06765672030941552
RARA,NR2F1,-1,-0.007918950659576299
ARID5A,NR2F1,1,0.050957799870456
SOX21,NR2F1,1,0.04900801629404678
ETS1,NR2F1,-1,-0.002815145641002262
SOX9,NR2F1,1,0.10803653381304294
FOXJ1,NR2F1,1,0.019139285481336393
SP1,NR2F1,-1,-0.08771042690992202
NEUROD1,NR2F1,1,0.03364652936172389
HMGA1,NR2F1,-1,-0.06745717004303707
TP53,NR2F1,-1,-0.052222971433762116
HOXC13,NR2F1,1,0.03224428849610784
SOX17,NR2F1,-1,-0.0022885894263442556
PBX1,NR2F1,1,0.028138134748668706
HOXD9,NR2F1,1,0.002569550776790919
GATA6,NR2F1,1,0.01609627334296311
KLF15,NR2F1,-1,-0.03981242905986404
SOX13,NR2F1,1,0.026710170926340645
SPI1,NR2F1,1,0.05909947826616524
SOX2,NR2F1,1,0.11816808722784587
EWSR1,NR2F1,1,0.009774711101625888
CEBPD,NR2F1,1,0.02084319562104908
PATZ1,NR2F1,1,0.04584570528767315
TRAF4,NR2F1,-1,-0.0023642677873496024
POU3F4,NR2F1,1,0.01608374192749646
CEBPA,NR2F1,-1,-0.023984008604203168
MAFK,NR2F1,-1,-0.007176762582569245
NFKB1,NR2F1,-1,-0.09035912040464823
ATF5,NR2F1,1,0.06204526055712645
SOX12,NR2F1,1,0.0371747752265037
NFATC1,NR2F1,-1,-0.003298043085490634
XBP1,NR2F1,-1,-0.09114768994029993
ZEB1,NR2F1,1,0.02138139991362323
EGR1,NR2F1,1,0.0012944098376827938
RUNX2,NR2F1,-1,-0.02428949829175699
SATB1,NR2F1,1,0.10530654245012036
PRRX1,NR2F1,1,0.03519623687922968
MAF,NR2F1,1,0.075689502923474
POU4F1,NR2F1,1,0.013715862452275199
PRDM1,NR2F1,-1,-0.015074823888347287
FOXO4,NR2F1,1,0.07425045428635106
IRF7,NR2F1,1,0.043416433998335786
PITX1,NR2F1,-1,-0.00924858996277595
MAZ,NR2F1,1,0.10311779328354549
HOXB2,NR2F1,1,0.003995772305373012
RORA,NR2F1,1,0.04024387123118202
TBX5,NR2F1,-1,-0.04018965311770181
MSX1,NR2F1,1,0.17159789622273988
TEAD1,NR2F1,1,0.14407077131955334
TBP,NR2F1,-1,-0.008102092856044966
BCL6,NR2F1,1,0.010613776034436702
NKX6-1,NR2F1,1,0.0362377482443885
E2F8,NR2F1,-1,-0.022109541131120493
OSR2,NR2F1,-1,-0.01194295186468469
ZNF35,NR2F1,-1,-0.0423900431655142
ERG,TGIF2,-1,-0.03322765414848774
ETV1,TGIF2,1,0.008602962332184027
NFIX,TGIF2,-1,-0.05979196384259861
HSF1,TGIF2,1,0.07001952955754533
SP100,TGIF2,-1,-0.00983497431714623
FOSL1,TGIF2,-1,-0.0025040091762299327
ESRRG,TGIF2,-1,-0.03264278011609553
ELF3,TGIF2,1,0.1512522714656584
IRF8,TGIF2,1,0.006889141670002639
FOXJ1,TGIF2,1,0.11430682616644898
PLAG1,TGIF2,1,0.10204146829007478
SP1,TGIF2,1,0.09228953512249999
ZNF219,TGIF2,-1,-0.19321296861058207
KLF11,TGIF2,-1,-0.015834025011752222
SP4,TGIF2,-1,-0.036387749383336436
SOX4,TGIF2,1,0.08144397681874242
RXRA,TGIF2,-1,-0.05670714336456546
GABPA,TGIF2,1,0.09820262928520555
KLF15,TGIF2,1,0.013259893011529014
ELF1,TGIF2,1,0.12182135023173035
SPI1,TGIF2,-1,-0.045895754334946255
SOX2,TGIF2,-1,-0.005093945039464647
SRF,TGIF2,-1,-0.10699059211862666
SF1,TGIF2,1,0.11941435871994095
TRAF4,TGIF2,1,0.0014104245888761553
MAFK,TGIF2,-1,-0.0137433988225992
TCF3,TGIF2,1,0.34643897791195416
MYCN,TGIF2,-1,-0.0778575848910702
ATF5,TGIF2,-1,-0.025230392380341766
SOX12,TGIF2,1,0.19495626176193318
NFATC1,TGIF2,1,0.05887485278726924
NKX2-5,TGIF2,-1,-0.01786146988748137
ELF4,TGIF2,-1,-0.03683042350630337
HOXB3,TGIF2,1,0.032130747168950806
IRF1,TGIF2,1,0.08534062814297068
FOXD3,TGIF2,-1,-0.0031751723847462023
NR2E1,TGIF2,1,0.11935372567983372
IRF2,TGIF2,1,0.07663387043161762
MSC,TGIF2,-1,-0.003140152886746904
FOXC1,TGIF2,1,0.09564213728716342
SMAD3,TGIF2,1,0.09223385961537973
ATF2,TGIF2,-1,-0.024058804742766116
FOXO1,TGIF2,1,0.14661164132348906
FOXC2,TGIF2,-1,-0.013127787093669348
NKX3-1,TGIF2,-1,-0.13182053160956733
MEIS1,TGIF2,1,0.10185131941315204
IRF7,TGIF2,1,0.05022172763936265
DLX6,TGIF2,1,0.08210382574911487
MAZ,TGIF2,-1,-0.1582986717207762
TCF7L2,TGIF2,1,0.06672193720670178
ZSCAN16,TGIF2,1,0.14887479185809782
FLI1,TGIF2,-1,-0.014861867506828752
SOX1,TGIF2,-1,-0.15600579090667632
HOXA3,TGIF2,1,0.022350377646298995
RARG,TGIF2,-1,-0.11368642898050854
NFATC4,TGIF2,1,0.1980416607347361
HOXC4,TGIF2,-1,-0.0013736846784710877
FOXO3,TGIF2,1,0.01233497249102687
PPARA,TGIF2,-1,-0.06426474965846407
BCL6,TGIF2,-1,-0.3534232168939482
SREBF1,TGIF2,-1,-0.09815638556954692
NKX6-1,TGIF2,1,0.16338369310936487
TFAP2A,TGIF2,-1,-0.09622895413895986
PAX6,TGIF2,1,0.06262002752522483
EN1,TGIF2,-1,-0.017966228058717375
ZNF35,TGIF2,1,0.034743572527213405
TFAP4,TGIF2,1,0.03255133090070837
NFIX,MEIS1,-1,-0.04085243187408056
MEF2D,MEIS1,-1,-0.05197965327545162
ARNT,MEIS1,-1,-0.05009571242819909
HSF1,MEIS1,1,0.07989477875098405
MYBL2,MEIS1,1,0.02026078061731797
ELK1,MEIS1,-1,-0.014244502111401942
RARA,MEIS1,1,0.055956083793842905
SREBF2,MEIS1,1,0.05910061016327267
ELF3,MEIS1,1,0.2713229830307468
HOXD10,MEIS1,1,0.006022483604647676
ARID5A,MEIS1,1,0.029486887629727558
SOX21,MEIS1,-1,-0.027402174922973577
CTF1,MEIS1,-1,-0.0902271445857011
IRF8,MEIS1,-1,-0.09080239483038274
MEF2A,MEIS1,-1,-0.005882240638864515
GTF2A1,MEIS1,-1,-0.02707966232161723
AHR,MEIS1,1,0.017490711236758594
SOX9,MEIS1,1,0.0658650542337041
ZNF281,MEIS1,-1,-0.05245397072865529
FOXJ1,MEIS1,1,0.03348594273107179
STAT4,MEIS1,-1,-0.06656573775063085
TRIM28,MEIS1,-1,-0.020424327845637667
SP1,MEIS1,1,0.02116119148696915
NEUROD1,MEIS1,-1,-0.06258712135381687
HMGA1,MEIS1,-1,-0.03967623474755751
TP53,MEIS1,-1,-0.0760018598071489
KLF11,MEIS1,-1,-0.015709408477337143
SP4,MEIS1,-1,-0.002853778215467842
SOX4,MEIS1,1,0.019964994220115623
SOX17,MEIS1,1,0.22038911744754233
PBX1,MEIS1,1,0.13675519652733029
GBX2,MEIS1,-1,-0.016088663561208867
NFYA,MEIS1,1,0.05402027492788253
SIRT6,MEIS1,1,0.009529190294954549
SOX15,MEIS1,1,0.045029238765220934
ETV6,MEIS1,-1,-0.01404501832163759
STAT5B,MEIS1,-1,-0.024775336283537838
LEF1,MEIS1,1,0.053256687079217366
SOX13,MEIS1,-1,-0.012427769996281018
SPI1,MEIS1,1,0.06460858172691314
SOX2,MEIS1,-1,-0.03336562503881806
SRF,MEIS1,-1,-0.07674142347364805
POU3F3,MEIS1,-1,-0.06179166787238472
EWSR1,MEIS1,1,0.04029701857122613
CEBPD,MEIS1,-1,-0.05034183905542621
TBX2,MEIS1,-1,-0.05419103021148475
TRAF4,MEIS1,1,0.012701323233395706
POU3F4,MEIS1,1,0.01660399839843486
CEBPA,MEIS1,1,0.009104528486614387
MAFK,MEIS1,-1,-0.03352770815363991
NFKB1,MEIS1,1,0.0929243652367577
TCF3,MEIS1,-1,-0.007543531648702166
MYCN,MEIS1,1,0.038626030528015075
MZF1,MEIS1,1,0.06302772786916956
IKZF1,MEIS1,-1,-0.10339779891210034
RFX1,MEIS1,-1,-0.005115715535334782
NKX2-5,MEIS1,1,0.02691473541992946
ZNF217,MEIS1,1,0.13142065912190445
SOX11,MEIS1,1,0.04846148824366207
HBP1,MEIS1,-1,-0.024218784957376276
ELF4,MEIS1,-1,-0.11271013815626778
PLAGL1,MEIS1,-1,-0.07696263453295833
HOXB3,MEIS1,1,0.03556699133255195
EMX2,MEIS1,1,0.06399075064066687
TFAP2B,MEIS1,1,0.0037325005827983423
EGR1,MEIS1,1,0.11299125645141146
IRF1,MEIS1,-1,-0.021390942161504743
FOXF2,MEIS1,1,0.020751248921328555
RUNX2,MEIS1,1,0.16127250222726047
PKNOX2,MEIS1,-1,-0.13897493265446798
HOXC6,MEIS1,1,0.10376115072248318
TFAP2C,MEIS1,-1,-0.012208887859373806
FOXD3,MEIS1,-1,-0.026456971367697903
NR2E1,MEIS1,1,0.0027783226489515034
IRF2,MEIS1,-1,-0.012549095447117074
HOXB6,MEIS1,1,0.014420293755830637
PRDM1,MEIS1,-1,-0.08620403161201354
FOXO4,MEIS1,1,0.02355067810348779
SMAD4,MEIS1,1,0.0982421782227674
NF1,MEIS1,1,0.019188197000692346
ETV5,MEIS1,1,0.16721539678102357
SMAD3,MEIS1,1,0.016633346381866865
CDC5L,MEIS1,-1,-0.052433651676958036
FOXO1,MEIS1,1,0.1497746171157225
FOXC2,MEIS1,1,0.027309156879594305
NKX3-1,MEIS1,-1,-0.06396887075173263
TGIF2,MEIS1,1,0.07019505002441401
IRF7,MEIS1,-1,-0.00540946573911184
POU3F2,MEIS1,-1,-0.00019578854178184884
TCF7L2,MEIS1,1,0.06551507117106178
RORA,MEIS1,1,0.07716769807133256
FLI1,MEIS1,1,0.0055922279191066415
HOXA4,MEIS1,1,0.12612137480558458
SOX1,MEIS1,1,0.016583591054359265
TBX5,MEIS1,-1,-0.007696499481398251
HOXA3,MEIS1,1,0.029161393679545945
MSX2,MEIS1,-1,-0.08501237320145306
AR,MEIS1,-1,-0.0014205405731560327
FOXP3,MEIS1,-1,-0.08086507576209
MSX1,MEIS1,-1,-0.07094754711425279
NFATC4,MEIS1,-1,-0.01128267253682857
TBP,MEIS1,-1,-0.10297054481899388
ELF2,MEIS1,1,0.07605897980452579
FOXO3,MEIS1,1,0.07980945333511509
BCL6,MEIS1,-1,-0.015648429759660437
TFAP2A,MEIS1,1,0.0029331676091887858
HOXA9,MEIS1,-1,-0.02727827289878348
PARP1,MEIS1,-1,-0.03768600213955995
RFC5,MEIS1,-1,-0.08704957448831199
OSR2,MEIS1,-1,-0.12242605942405083
RFX5,MEIS1,1,0.0500200883718868
ZNF35,MEIS1,1,0.0038221525760093874
TFAP4,MEIS1,1,0.06236509530136847
NFIX,CREB5,-1,-0.052488063719133685
HSF1,CREB5,-1,-0.04177840806079974
FOSL1,CREB5,1,0.004746879270974257
ELF3,CREB5,-1,-0.09700439677096674
HOXD10,CREB5,1,0.04289789988743396
ARID5A,CREB5,1,0.08727050365364314
SOX21,CREB5,1,0.014601430949721472
MEF2A,CREB5,1,0.09517250399157254
SOX9,CREB5,1,0.18389006300226618
FOXJ1,CREB5,1,0.027094333965759325
STAT4,CREB5,-1,-0.05825565115894984
HMGA1,CREB5,1,0.0016267998968424035
TP53,CREB5,1,0.0010858289615497997
SOX4,CREB5,-1,-0.02888658947074686
SIRT6,CREB5,1,0.11035423214588487
SOX15,CREB5,-1,-0.010022388681369255
STAT5B,CREB5,1,0.02163775520251997
JDP2,CREB5,-1,-0.08271152556198044
SPI1,CREB5,-1,-0.09311032503284594
SOX2,CREB5,1,0.015194191280430822
SRF,CREB5,-1,-0.03727016013636251
POU3F3,CREB5,-1,-0.03377649884217711
CEBPA,CREB5,-1,-0.011813168417331302
MAFK,CREB5,1,0.008449577457373663
TCF3,CREB5,1,0.06300307114026978
MYCN,CREB5,-1,-0.11805575887840976
NFATC1,CREB5,1,0.09533199722288073
JUN,CREB5,-1,-0.0740892867372549
STAT5A,CREB5,-1,-0.01720890722588124
ZEB1,CREB5,1,0.14572460964101566
EGR1,CREB5,1,0.20047049801873731
SATB1,CREB5,1,0.10103572235175956
HOXD13,CREB5,-1,-0.032261369353830775
HOXB6,CREB5,-1,-0.10546216853822589
FOXO4,CREB5,-1,-0.010214369348939196
BACH1,CREB5,1,0.029687754106549807
NF1,CREB5,1,0.1174183596756514
FOXC1,CREB5,-1,-0.007596679794400523
HOXA10,CREB5,-1,-0.028822343051450816
FOXO1,CREB5,-1,-0.03718740038833582
POU3F2,CREB5,1,0.19047308189092133
AR,CREB5,1,0.03480229856419198
MSX1,CREB5,-1,-0.0376868976411837
MAFB,CREB5,-1,-0.07040357653121347
HIC1,CREB5,-1,-0.04281503547606346
FOXO3,CREB5,1,0.014018408962566153
BCL6,CREB5,1,0.03347174924112588
NKX6-1,CREB5,1,0.04294537511836324
HOXA9,CREB5,1,0.08232500057169591
PAX6,CREB5,1,0.037129006133680746
ZNF35,CREB5,1,0.02235300614539828
TFAP4,CREB5,1,0.17434692309062272
ELF5,IRF7,-1,-0.017606829766861967
ELK1,IRF7,-1,-0.05007701603312828
RELA,IRF7,1,0.043251279851167175
HOXD10,IRF7,1,0.04261146604981233
E2F1,IRF7,1,0.09456276135303583
ETS1,IRF7,-1,-0.044261358361771884
SP1,IRF7,1,0.03757742500651084
TP53,IRF7,-1,-0.019711349284474575
KLF11,IRF7,-1,-0.04322014292178516
SP4,IRF7,1,0.05323586459970612
E2F4,IRF7,1,0.052228088257925985
JDP2,IRF7,1,0.029537001835070794
SPI1,IRF7,1,0.0572055945970617
SOX2,IRF7,1,0.0038371341959798065
SRF,IRF7,1,0.034670926841676955
NFKB1,IRF7,-1,-0.003382105821697514
TCF3,IRF7,1,0.03478811880127209
RUNX1,IRF7,-1,-0.07778000766701339
ELF4,IRF7,1,0.06279226228945636
EGR1,IRF7,-1,-0.06489145331123541
IRF1,IRF7,1,0.5695909014422101
RUNX2,IRF7,-1,-0.06089209416778467
IRF2,IRF7,1,0.09580624122130323
FOXC2,IRF7,-1,-0.04958343288248098
RORA,IRF7,1,0.05275688527161608
RUNX3,IRF7,1,0.05373332020791241
TBP,IRF7,-1,-0.11819548838427874
NKX6-1,IRF7,-1,-0.08576130962473712
ASCL2,IRF7,1,0.3499155222949638
TFAP2A,IRF7,-1,-0.002864689482495364
OSR2,IRF7,1,0.012104745450964974
ZNF35,IRF7,1,0.01227391192723391
MEF2D,PITX1,-1,-0.07533570346106322
SOX18,PITX1,-1,-0.019741902087962802
CNOT3,PITX1,1,0.06813508344503034
E2F1,PITX1,1,0.07894644865862521
ZNF281,PITX1,-1,-0.0527606733831074
TRIM28,PITX1,1,0.07299130971137796
SP1,PITX1,-1,-0.10838805018416317
HMGA1,PITX1,1,0.08393479468318536
ZBTB33,PITX1,1,0.11741272348570503
TP53,PITX1,-1,-0.04422401456264672
PBX1,PITX1,-1,-0.028191667746065584
NFYA,PITX1,-1,-0.07547260967444927
RXRA,PITX1,1,0.13222491892630509
KLF15,PITX1,1,0.04415212320294429
SOX2,PITX1,1,0.09429068359567121
THRA,PITX1,-1,-0.14500755060194612
POU3F3,PITX1,-1,-0.0118636385312789
PATZ1,PITX1,1,0.017470686121466093
NFKB1,PITX1,1,0.15184089961306685
TCF3,PITX1,1,0.10568522628837415
ATF5,PITX1,1,0.0024795039540063315
SOX12,PITX1,1,0.0730905885687749
E2F2,PITX1,1,0.02601787200490556
TFAP2C,PITX1,1,0.33668371470026004
MAX,PITX1,-1,-0.09868719504075098
NR2E1,PITX1,-1,-0.015456589391658308
FOXO4,PITX1,-1,-0.036331589801344814
SMAD3,PITX1,-1,-0.002941723761035587
FOXO1,PITX1,-1,-0.039142000962929295
NKX3-1,PITX1,1,0.6003751607129787
POU3F2,PITX1,1,0.018518778598709946
E2F3,PITX1,-1,-0.1545080217684939
IRF5,PITX1,-1,-0.001690880328081758
HOXA3,PITX1,1,0.011354138364480727
AR,PITX1,1,0.032549756640048014
FOXO3,PITX1,-1,-0.03196426589562991
TFAP2A,PITX1,-1,-0.05490140322012058
PARP1,PITX1,-1,-0.08592913971756212
TFCP2,POU3F2,-1,-0.04717393099128649
RARA,POU3F2,-1,-0.062365745117551746
ETS1,POU3F2,1,0.02596116183653826
MEF2A,POU3F2,1,0.10929130414201015
AHR,POU3F2,-1,-0.026589765383711432
SOX9,POU3F2,1,0.2572181209793245
ZNF281,POU3F2,1,0.10447137578684619
SP1,POU3F2,-1,-0.09106479491338448
NEUROD1,POU3F2,1,0.09284641026487139
HMGA1,POU3F2,-1,-0.06070867272053555
ZNF219,POU3F2,1,0.08772549254351124
ZBTB33,POU3F2,-1,-0.0738528316543211
ZBTB7B,POU3F2,1,0.08320877899830519
KLF11,POU3F2,-1,-0.04372052756037929
SP4,POU3F2,1,0.05852687824431946
E2F4,POU3F2,-1,-0.09344986939409901
SOX4,POU3F2,1,0.03298159745950383
SOX17,POU3F2,-1,-0.05321145444011308
SIRT6,POU3F2,-1,-0.017325843562312464
ZNF282,POU3F2,-1,-0.07373081958910443
SOX15,POU3F2,1,0.058122089981075174
GATA6,POU3F2,-1,-0.18969500824087496
KLF15,POU3F2,-1,-0.09953556396859634
ELF1,POU3F2,-1,-0.15968423676955565
SPI1,POU3F2,1,0.046472550131602446
SOX2,POU3F2,1,0.26201389569115274
POU3F3,POU3F2,1,0.18434960637195477
PPARG,POU3F2,-1,-0.005765878846986659
ESR2,POU3F2,1,0.142150782808837
PATZ1,POU3F2,-1,-0.04820692807551886
CEBPA,POU3F2,-1,-0.031040829968178862
TCF3,POU3F2,1,0.028109792136870565
MYCN,POU3F2,1,0.08801228111760002
VDR,POU3F2,1,0.03297128421628692
SOX12,POU3F2,-1,-0.025789252241024213
DBP,POU3F2,-1,-0.0425426059543338
EGR1,POU3F2,1,0.01890689531680194
IRF1,POU3F2,1,0.020698034779157014
PKNOX2,POU3F2,-1,-0.10819235391355515
MAF,POU3F2,-1,-0.004686224110529455
MAX,POU3F2,-1,-0.058838470426130204
HOXD13,POU3F2,-1,-0.018444930285098315
BRCA1,POU3F2,1,0.044376835972363075
IRF2,POU3F2,-1,-0.0556498802016308
PRDM1,POU3F2,1,0.036322672088621354
SMAD4,POU3F2,-1,-0.02552815751607952
NF1,POU3F2,1,0.06178740522607927
FOXC1,POU3F2,1,0.06665382399100941
ETV5,POU3F2,1,0.17394372354145657
SMAD3,POU3F2,-1,-0.046555485698850735
FOXO1,POU3F2,1,0.31785640728045905
TGIF2,POU3F2,1,0.033426192725540156
MEIS1,POU3F2,1,0.0353913182067437
IRF7,POU3F2,1,0.01030951264488849
TCF7L2,POU3F2,1,0.18606573949679558
HOXA3,POU3F2,-1,-0.03989610672503289
AR,POU3F2,-1,-0.039621577513082096
RUNX3,POU3F2,1,0.029177437948330887
NFATC4,POU3F2,1,0.06349114448994435
TBP,POU3F2,1,0.2928995969174382
CPEB1,POU3F2,-1,-0.19884866674099475
ZNF35,POU3F2,-1,-0.0878723681072547
SREBF2,RFX3,-1,-0.02818696563987862
ELF3,RFX3,1,0.03799927522966104
E2F1,RFX3,1,0.01500305160765917
SOX21,RFX3,1,0.05318000749720966
MEF2A,RFX3,1,0.1174673850649735
SOX9,RFX3,1,0.10337747682124436
SP1,RFX3,1,0.15177033700303283
HMGA1,RFX3,1,0.00367075516686411
TP53,RFX3,-1,-0.01203632342531997
KLF11,RFX3,-1,-0.12483539352543194
SP4,RFX3,1,0.3665840079929363
SOX4,RFX3,-1,-0.018943320973825655
PBX1,RFX3,1,0.01985486835461215
SIRT6,RFX3,-1,-0.004448905036091299
ETV6,RFX3,1,0.09772669520065944
KLF15,RFX3,1,0.0391039382344506
SOX13,RFX3,-1,-0.06213510530411905
ELF1,RFX3,-1,-0.0004617767775591084
SPI1,RFX3,-1,-0.04415961023658593
SOX2,RFX3,1,0.01950535341755467
SRF,RFX3,1,0.06786344313816833
THRA,RFX3,1,0.006370111016227371
EWSR1,RFX3,1,0.08293271725636178
CEBPD,RFX3,-1,-0.02931488663057548
TBX2,RFX3,-1,-0.04502254979347659
TCF3,RFX3,-1,-0.2332660426548853
SOX12,RFX3,1,0.04785856747886393
EGR1,RFX3,-1,-0.0009565849691426132
IRF1,RFX3,1,0.04039691488574635
RUNX2,RFX3,-1,-0.08515249166254678
TFAP2C,RFX3,-1,-0.009303521323798842
FOXD3,RFX3,1,0.03257463265949185
POU4F1,RFX3,1,0.05685409216083656
FOXO4,RFX3,1,0.13937253908382882
BACH1,RFX3,1,0.13849519832106147
SMAD4,RFX3,-1,-0.0120233770277418
TFEB,RFX3,-1,-0.14260076594655063
ETV5,RFX3,-1,-0.040556782875082006
PITX1,RFX3,-1,-0.09811240421244152
POU3F2,RFX3,1,0.00541579557201794
MAZ,RFX3,1,0.07242573441727343
FLI1,RFX3,-1,-0.11208090673363243
SOX1,RFX3,1,0.1030657858500933
AR,RFX3,1,0.1201771811196864
MAFB,RFX3,-1,-0.11755311535999984
RUNX3,RFX3,1,0.08083167084812522
ELF2,RFX3,1,0.06704915632740387
ZNF35,RFX3,1,0.03891379102609271
TFAP4,RFX3,1,0.14654292574842337
NFIX,DLX6,1,0.025672231352187793
HSF1,DLX6,1,0.011852450718698079
ARID5A,DLX6,-1,-0.039706743628702364
FOXJ1,DLX6,-1,-0.007921284639552478
TRIM28,DLX6,-1,-0.021964942472110484
SP1,DLX6,-1,-0.057769534967125696
SOX4,DLX6,1,0.09981783479329993
PBX1,DLX6,1,0.0663830131156538
HOXD9,DLX6,1,0.02718596243096288
SOX2,DLX6,-1,-0.00998961998285178
POU3F3,DLX6,-1,-0.036515898053719874
POU3F4,DLX6,1,0.004235080158297733
HBP1,DLX6,1,0.06491176831802442
HOXB9,DLX6,1,0.062420972038084416
ZEB1,DLX6,-1,-0.059021278620719216
FOXD3,DLX6,1,0.12564553078052232
HOXB6,DLX6,1,0.017785015166609616
POU4F1,DLX6,1,0.11444636015976078
FOXO1,DLX6,1,0.008442273976333797
RFX3,DLX6,1,0.007886048837126325
HOXA4,DLX6,1,0.004618507622021792
SOX1,DLX6,1,0.02937515851467776
MSX2,DLX6,1,0.13464556668345193
SIX6,DLX6,1,0.061244547275645066
TEAD1,DLX6,1,0.026881332852558105
TBP,DLX6,1,0.008003220606132637
TFAP2A,DLX6,1,0.06054391624004749
HOXA9,DLX6,1,0.09139585574616653
CPEB1,DLX6,1,0.025054293567521917
HSF1,MAZ,1,0.06993420145693656
MYBL2,MAZ,1,0.1376158261547865
CNOT3,MAZ,1,0.18394684087867144
HOXD10,MAZ,-1,-0.020389873400310874
E2F1,MAZ,1,0.021553222540777277
ETS1,MAZ,-1,-0.02297943136050565
ZNF281,MAZ,1,0.002486233467163381
STAT4,MAZ,1,0.023972877693557465
SP1,MAZ,-1,-0.03320844115755538
HMGA1,MAZ,1,0.022673302856489864
ZNF219,MAZ,1,0.08649887646569539
TP53,MAZ,1,0.020628540680006996
KLF11,MAZ,1,0.06528643721926751
SP4,MAZ,-1,-0.008703002604154221
E2F4,MAZ,1,0.046770146851557
RXRA,MAZ,1,0.05440709502107164
KLF15,MAZ,-1,-0.022417371474638535
SOX2,MAZ,1,0.010251690554689712
SRF,MAZ,-1,-0.07797833509361438
THRA,MAZ,1,0.01136328034172526
EWSR1,MAZ,-1,-0.02002264053994424
TRAF4,MAZ,1,0.0009729749175735236
VDR,MAZ,1,0.00988710648928183
E2F2,MAZ,1,0.00570582473873771
SOX11,MAZ,1,0.013997283534426625
EGR1,MAZ,-1,-0.00947289273382541
TFAP2C,MAZ,1,0.012154917520033478
FOXD3,MAZ,1,0.032991509686620096
BRCA1,MAZ,1,0.03020543842218589
SMAD4,MAZ,1,0.13506256697682362
FOXC1,MAZ,1,0.00010860622201914146
FOXO1,MAZ,-1,-0.024933258505902445
FOXC2,MAZ,1,0.02634188465669286
NR2F1,MAZ,1,0.11926289888753878
FEV,MAZ,1,0.1320420408761686
FLI1,MAZ,-1,-0.015285230296627294
ZNF350,MAZ,-1,-0.08384452211466006
MAFB,MAZ,-1,-0.015127259312992398
ARID3A,MAZ,1,0.0005320144239327023
ELF2,MAZ,1,0.0605248576554055
E2F8,MAZ,1,0.014877209242521729
ASCL2,MAZ,1,0.015750844970588294
TFAP2A,MAZ,1,0.027538618530005946
PAX6,MAZ,1,0.016553177297202574
EN1,MAZ,1,0.03125555537899647
ELF5,FEV,1,0.22340674193768267
ELF3,FEV,1,0.15970137995009429
ETS1,FEV,1,0.08227979598086087
MEF2A,FEV,1,0.0631416787203257
SOX9,FEV,1,0.059214537680591664
ZNF281,FEV,1,0.03180846457836586
SP1,FEV,-1,-0.1443411675557364
TP53,FEV,-1,-0.04343952446970303
KLF11,FEV,1,0.016915729151981276
ETV6,FEV,-1,-0.017368342817692797
KLF15,FEV,-1,-0.007707380667522824
SRF,FEV,1,0.0008627927036042677
PATZ1,FEV,1,0.06913308987908427
TCF3,FEV,-1,-0.05662598384417589
EGR1,FEV,1,0.003540850598178
IRF1,FEV,1,0.007146412795977628
IRF2,FEV,-1,-0.13867881418838637
PRDM1,FEV,1,0.0043782303576708915
IRF7,FEV,1,0.018386751713092345
MAZ,FEV,1,0.3011511035548723
FLI1,FEV,-1,-0.004779013992063425
HOXB13,FEV,1,0.12074454284964929
AR,FEV,-1,-0.02763029961790039
ETS2,FEV,-1,-0.007907752417055552
RARG,FEV,1,0.009493518681212412
ASCL2,FEV,1,0.010255040114840429
PAX6,FEV,1,0.07937990958400755
ETV1,TCF7L2,1,0.010655018118186794
SOX18,TCF7L2,1,0.005653399801146369
HOXC10,TCF7L2,-1,-0.01957402491936078
ZNF652,TCF7L2,1,0.014569660220001996
HOXD10,TCF7L2,-1,-0.04688363921391444
E2F1,TCF7L2,-1,-0.07417604650367395
SOX21,TCF7L2,1,0.009771247093118498
FOXJ1,TCF7L2,-1,-0.017677098576689452
SP1,TCF7L2,-1,-0.023853542969840286
HMGA1,TCF7L2,1,0.005974958338627536
ZBTB7B,TCF7L2,-1,-0.04857568394197587
HOXC13,TCF7L2,-1,-0.004471826021857792
HOXD9,TCF7L2,1,0.0008136376248792657
KLF15,TCF7L2,-1,-0.0016354383910127915
SOX13,TCF7L2,1,0.04443680697813662
POU3F3,TCF7L2,-1,-0.08997734639451514
PATZ1,TCF7L2,1,0.05163674637098152
TRAF4,TCF7L2,1,0.004275111737741489
POU3F4,TCF7L2,1,0.0016088385625406044
ZBTB16,TCF7L2,1,0.020363359348148462
MZF1,TCF7L2,1,0.04745192157334636
ATF5,TCF7L2,1,0.026994567144060875
SOX12,TCF7L2,1,0.13705708164301056
NFATC1,TCF7L2,1,0.04773253964442378
NKX2-5,TCF7L2,-1,-0.024159338826698053
SOX11,TCF7L2,-1,-0.003101126394664034
EGR1,TCF7L2,1,0.03935986626943878
NR2C2,TCF7L2,-1,-0.037666405505306755
SATB1,TCF7L2,1,0.0011275724492876822
HOXD13,TCF7L2,-1,-0.0014554044859381057
NR2E1,TCF7L2,-1,-0.09535337159041271
IRF2,TCF7L2,1,0.02320456988606059
FOXO4,TCF7L2,1,0.04649794279191531
SCRT1,TCF7L2,-1,-0.007030774953665461
FOXC1,TCF7L2,1,0.033016374606953613
SMAD3,TCF7L2,1,0.08940714712556301
FOXO1,TCF7L2,1,0.02103494633446607
FOXC2,TCF7L2,1,0.0484859630714353
NR2F1,TCF7L2,1,0.013895643100552938
TGIF2,TCF7L2,1,0.016822079472560442
MEIS1,TCF7L2,1,0.039674872533274445
POU3F2,TCF7L2,1,0.08139660179624895
E2F3,TCF7L2,1,0.24310986423392764
SOX1,TCF7L2,-1,-0.005281935389598094
MSX2,TCF7L2,1,0.001156109253993524
AR,TCF7L2,1,0.08277965126712686
FOXP3,TCF7L2,1,0.04316643410534179
MSX1,TCF7L2,-1,-0.013780253241110952
RARG,TCF7L2,1,0.029596526078210793
CPEB1,TCF7L2,1,0.053195372589387786
HOXD10,HOXB2,1,0.01874122388530969
SOX21,HOXB2,-1,-0.02265138326895043
FOXJ1,HOXB2,1,0.022345470152600785
HMGA1,HOXB2,1,0.012305144643527303
SP4,HOXB2,-1,-0.014671164223907745
SOX4,HOXB2,1,0.006408447901981609
PBX1,HOXB2,-1,-0.010085836468695476
GBX2,HOXB2,1,0.019282220253630727
KLF15,HOXB2,1,0.01732803302582075
SOX13,HOXB2,1,0.002399974328163912
HMGA2,HOXB2,-1,-0.014067014883312898
SPI1,HOXB2,1,0.06771647201117398
EWSR1,HOXB2,1,0.055406081663810336
TRAF4,HOXB2,1,0.01977798128090659
MAFK,HOXB2,-1,-0.07159161449992453
ZBTB16,HOXB2,-1,-0.02832471753582958
TCF3,HOXB2,-1,-0.025469006734336223
SOX12,HOXB2,-1,-0.019485304173475722
TAL1,HOXB2,-1,-0.027881685737498222
RUNX1,HOXB2,-1,-0.0077951062707994605
SOX11,HOXB2,1,0.004134039141268119
HOXB3,HOXB2,1,0.5465942333824958
EMX2,HOXB2,1,0.009095849468313145
EGR1,HOXB2,1,0.002820600833667293
PRRX1,HOXB2,1,0.04730694838010075
HOXB6,HOXB2,1,0.2728252082491849
POU4F1,HOXB2,1,0.020024640544737057
HOXA10,HOXB2,1,0.057054299836472006
NKX3-1,HOXB2,-1,-0.02087116834272389
TCF7L2,HOXB2,-1,-0.09469909708729714
HOXA4,HOXB2,1,0.07705726729926989
SOX1,HOXB2,1,0.007032913034171539
INSM1,HOXB2,1,0.012346179921807471
AR,HOXB2,-1,-0.0588980578544864
MAFB,HOXB2,1,0.05119451984499319
PEG10,HOXB2,1,0.026515385805727258
NFATC4,HOXB2,-1,-0.024215111360710983
HOXC4,HOXB2,1,0.01593473450779177
MLX,HOXB2,1,0.016718098389404353
HOXA9,HOXB2,1,0.06354771262143048
PAX6,HOXB2,-1,-0.009641293621078127
EN1,HOXB2,1,0.0420926381201762
NFIX,HOXD11,-1,-0.07387912531968852
NFKB2,HOXD11,-1,-0.01054318772243782
MYBL2,HOXD11,1,0.026132146241804054
FOSL1,HOXD11,1,0.021670196509811952
CTF1,HOXD11,-1,-0.000836746653964137
HMGA1,HOXD11,-1,-0.05708566451355626
SOX17,HOXD11,-1,-0.011902343279880092
PBX1,HOXD11,1,0.028764349834772905
HOXD9,HOXD11,1,0.36122505978289743
THRA,HOXD11,-1,-0.02536558862277436
POU3F3,HOXD11,-1,-0.035271762553784475
EWSR1,HOXD11,-1,-0.008723751324861004
CEBPD,HOXD11,1,0.019966852873849188
TCF3,HOXD11,-1,-0.04433612819849759
HOXB3,HOXD11,1,0.020502943365783077
EGR1,HOXD11,-1,-0.0135828957870165
HOXD13,HOXD11,1,0.11508618897829957
HOXA10,HOXD11,1,0.01124316078321753
SMAD3,HOXD11,1,0.020623887230477915
POU3F2,HOXD11,1,0.0014991756220296094
DLX6,HOXD11,-1,-0.0030996333405605416
MAZ,HOXD11,1,0.020953355096195378
TCF7L2,HOXD11,-1,-0.015378318947502747
HOXB2,HOXD11,1,0.028549565864744962
E2F3,HOXD11,1,0.04767192141230946
RORA,HOXD11,1,0.01652241674312102
HOXA4,HOXD11,1,0.027505935185196558
HOXB13,HOXD11,1,0.021247402853779827
AR,HOXD11,1,0.04757459198558336
MSX1,HOXD11,1,0.09346848039411831
HOXC4,HOXD11,1,0.05375388885629962
FOXO3,HOXD11,1,0.053131628459029995
SREBF1,HOXD11,1,0.022159566974678066
TFAP2A,HOXD11,1,0.017859729013379427
EN1,HOXD11,1,0.08456121177461018
ELK1,ZSCAN16,-1,-0.005914084187604288
SP100,ZSCAN16,1,0.08975151772709532
ELF3,ZSCAN16,1,0.2327176448440581
ETS1,ZSCAN16,1,0.053517627521745985
IRF8,ZSCAN16,1,0.07491599076586822
ZNF281,ZSCAN16,1,0.08605801967318369
TP53,ZSCAN16,-1,-0.01649599056503683
KLF11,ZSCAN16,-1,-0.008006820230518751
SOX4,ZSCAN16,1,0.2213617080261058
GBX2,ZSCAN16,1,0.01577495075939599
GABPA,ZSCAN16,-1,-0.0358578017471111
SOX15,ZSCAN16,1,0.05415683808058007
KLF15,ZSCAN16,1,0.02306785232856219
ELF1,ZSCAN16,-1,-0.05854107301412318
SPI1,ZSCAN16,1,0.014151653659037698
TRAF4,ZSCAN16,-1,-0.0014087278083801643
POU3F4,ZSCAN16,1,0.019021578483697416
TCF3,ZSCAN16,-1,-0.017443736089298462
VDR,ZSCAN16,-1,-0.04505264087423357
SOX11,ZSCAN16,1,0.019059667572863315
ELF4,ZSCAN16,-1,-0.04862037764169179
HOXB3,ZSCAN16,-1,-0.003364414697890769
EMX2,ZSCAN16,1,0.004124104799999727
ELK4,ZSCAN16,-1,-0.06358252758566618
SMAD4,ZSCAN16,1,0.19584278131172106
IRF7,ZSCAN16,1,0.042672612898985635
RFX3,ZSCAN16,1,0.013047862906494368
HOXB2,ZSCAN16,-1,-0.0048401512564845255
HOXD11,ZSCAN16,-1,-0.02548453323807405
FLI1,ZSCAN16,-1,-0.03556831179652783
HOXA4,ZSCAN16,1,0.03738550125825651
SNAI2,ZSCAN16,-1,-0.09055431290252444
HOXC4,ZSCAN16,1,0.018930904576262716
ELF2,ZSCAN16,1,0.15448437878289745
FOXO3,ZSCAN16,-1,-0.013100979494035016
NKX6-1,ZSCAN16,-1,-0.02595897064382495
TFAP2A,ZSCAN16,1,0.0551635473212944
ZNF35,ZSCAN16,1,0.21477152037555466
ELK1,ETV3,1,0.10003483927826873
HOXC10,ETV3,1,0.017808909101691597
HOXD10,ETV3,1,0.04615040098692141
ETS1,ETV3,1,0.11541819530954121
IRF8,ETV3,-1,-0.005179628149624029
GTF2A1,ETV3,1,0.031824855361745244
ZNF281,ETV3,1,0.06526666304318189
SP1,ETV3,1,0.25138971195884513
ZNF219,ETV3,-1,-0.002935104921675435
TP53,ETV3,-1,-0.019254966217261582
SP4,ETV3,1,0.0967612211139157
LEF1,ETV3,-1,-0.10041591787590787
KLF15,ETV3,-1,-0.041158766386067025
SOX2,ETV3,-1,-0.045608481120707846
SRF,ETV3,1,0.06448073808574732
POU3F3,ETV3,1,0.06332207263703366
PPARG,ETV3,-1,-0.07546612125369381
TRAF4,ETV3,-1,-0.01305585770357104
POU3F4,ETV3,-1,-0.008136798131006874
ZBTB16,ETV3,-1,-0.0034641048367535067
NFKB1,ETV3,1,0.07144969512525418
TCF3,ETV3,1,0.14552055213782342
SOX12,ETV3,-1,-0.13059645936883502
RUNX1,ETV3,1,0.0454147482900323
HBP1,ETV3,1,0.1776709231128566
VENTX,ETV3,-1,-0.009688116688689068
FOXF2,ETV3,-1,-0.023461295150016936
RUNX2,ETV3,1,0.19048614577857845
NR2C2,ETV3,1,0.11778736720559463
PRRX1,ETV3,-1,-0.007968486666566146
FOXD3,ETV3,1,0.022993915256109988
IRF2,ETV3,-1,-0.022928787747839196
LMO2,ETV3,-1,-0.0022206494292651637
FOXO4,ETV3,1,0.22594093323039124
TFEB,ETV3,-1,-0.0010668975447382346
FOXC1,ETV3,-1,-0.032152609556912126
SMAD3,ETV3,1,0.05943347052126102
IRF7,ETV3,-1,-0.0026442870595928605
FEV,ETV3,1,0.014339465118622724
TBX5,ETV3,-1,-0.07678759055219016
AR,ETV3,-1,-0.15068408114364862
NFATC4,ETV3,1,0.085532258101342
TEAD1,ETV3,1,0.0386742441202264
FOXO3,ETV3,-1,-0.015200196807149692
PPARA,ETV3,1,0.07305325693662437
BCL6,ETV3,-1,-0.0037602033697710317
ASCL2,ETV3,-1,-0.08308557806829887
ZNF35,ETV3,1,0.012550590023915575
HSF1,TTF1,1,5.296706220294052e-05
ELK1,TTF1,-1,-0.010930874465304089
SREBF2,TTF1,1,0.015080311465119707
E2F1,TTF1,1,0.011973689858806731
SOX21,TTF1,-1,-0.011013475941363001
ETS1,TTF1,-1,-0.01925802572099747
SOX9,TTF1,1,0.04812754355832033
ZNF281,TTF1,1,0.13665436499361394
PLAG1,TTF1,1,0.08808534785322557
HMGA1,TTF1,1,0.039374324074182676
TP53,TTF1,1,0.004447641133546329
KLF11,TTF1,-1,-0.002026447102483759
SOX4,TTF1,1,0.023769661545831607
RXRA,TTF1,1,0.13512802883997865
GABPA,TTF1,-1,-0.004034688920569549
ETV6,TTF1,-1,-0.014375782806052844
TEAD3,TTF1,-1,-0.04217147777563872
SOX13,TTF1,-1,-0.006183537268134948
SPI1,TTF1,-1,-0.050929998098930264
SRF,TTF1,-1,-0.0003580325953195534
PPARG,TTF1,1,0.023043983238319226
MAFK,TTF1,-1,-0.007771838921353513
NFATC1,TTF1,1,0.003330346504530878
RFX1,TTF1,-1,-0.011226144250160414
JUN,TTF1,1,0.0024236363055971763
TAL1,TTF1,1,0.0007849062658504484
SOX11,TTF1,1,0.03611988076635522
EGR1,TTF1,1,0.006373201049598934
MAX,TTF1,1,0.03180527901789323
FOXD3,TTF1,1,0.024232568438479717
HOXB6,TTF1,1,4.604920659905966e-05
FOXO4,TTF1,1,0.00166062956331726
NKX3-1,TTF1,1,0.026029415140192413
POU3F2,TTF1,1,0.002423285373201305
FEV,TTF1,1,0.0030748410557252226
ETV3,TTF1,1,0.02453143802617305
E2F3,TTF1,1,0.12106190769773774
FLI1,TTF1,1,0.011055509654290372
ZNF232,TTF1,1,0.10445600450944204
TEAD4,TTF1,1,0.04224260402703802
NFATC4,TTF1,-1,-0.0011127366831949622
TBP,TTF1,1,0.05822015835844017
ELF2,TTF1,1,0.07607128753123833
FOXO3,TTF1,1,0.036650118389291685
BCL6,TTF1,1,0.01273395875954006
RFC5,TTF1,1,0.024949149499497288
RFX5,TTF1,1,0.04861382823631739
TFCP2,VBP1,1,0.12779417927490733
RARA,VBP1,1,0.08379594893788245
E2F1,VBP1,1,0.0005297899477835935
SOX21,VBP1,1,0.08134976188777115
TRIM28,VBP1,-1,-0.02552270784579578
TP53,VBP1,1,0.004401016111455218
NFYA,VBP1,-1,-0.12503578705966684
SPI1,VBP1,1,0.02789649808043818
STAT5A,VBP1,-1,-0.13317300686744937
EMX2,VBP1,1,0.11081789736727929
ZEB1,VBP1,1,0.06140444080214802
RUNX2,VBP1,1,0.24477469934217796
RARG,VBP1,1,0.04507458707056449
BCL6,VBP1,-1,-0.06088789914392348
PARP1,VBP1,1,0.6234981732817206
ELF5,E2F3,1,0.015046246497103889
MEOX2,E2F3,-1,-0.013145801917281432
HOXD10,E2F3,1,0.01431472888288649
E2F1,E2F3,1,0.07279549309392909
SOX21,E2F3,-1,-0.0043317290429829534
MEF2A,E2F3,1,0.019466675006649344
ZNF281,E2F3,1,0.14221197820567383
STAT4,E2F3,1,0.0485161906564996
SP1,E2F3,-1,-0.023875391432460046
HMGA1,E2F3,1,0.05559534890059474
ZBTB33,E2F3,-1,-0.012309224356379291
SOX4,E2F3,1,0.12088862871669073
KLF15,E2F3,-1,-0.04198565373310875
SRF,E2F3,1,0.03290523544643765
POU3F3,E2F3,-1,-0.043760995200166256
TRAF4,E2F3,1,0.010016061725489873
MAFK,E2F3,-1,-0.002166983042807327
VDR,E2F3,1,0.03916260603960834
IKZF1,E2F3,1,0.04480445122112372
RFX1,E2F3,-1,-0.013093278960691075
XBP1,E2F3,-1,-0.009830599747583615
SOX11,E2F3,1,0.009429866493314914
EMX2,E2F3,1,0.0022192842444066444
EGR1,E2F3,1,0.005031372661561391
NR2C2,E2F3,1,0.052331404122940205
SATB1,E2F3,1,0.03255709036764639
FOXD3,E2F3,1,0.012528105752709972
BRCA1,E2F3,1,0.04766251283178899
MEIS1,E2F3,-1,-0.05410446699186436
POU3F2,E2F3,1,0.01334869755370039
TCF7L2,E2F3,1,0.19044323842370434
HOXD11,E2F3,1,0.008788810424374866
HOXB13,E2F3,-1,-0.021545539166194432
HOXA3,E2F3,1,0.006141367160430843
PRDM4,E2F3,1,0.08540274872635446
SNAI2,E2F3,1,0.013972319589939506
TEAD1,E2F3,1,0.04473588351813573
TBP,E2F3,1,0.03254518105078559
BCL6,E2F3,1,0.0016925525396745866
SREBF1,E2F3,-1,-0.018502429105254
TFAP2A,E2F3,1,0.05029912428100106
HOXA9,E2F3,1,0.0086100659818093
ZNF35,E2F3,1,0.03540870715270376
MEOX2,RORA,1,0.03930368517674708
E2F1,RORA,-1,-0.037726580231620295
MEF2A,RORA,1,0.23389410262703483
SOX9,RORA,1,0.029108046671929875
TRIM28,RORA,-1,-0.02631404104265631
SP1,RORA,1,0.0052760334590463715
ZNF219,RORA,1,0.02740658148016401
TP53,RORA,-1,-0.01368404472472247
KLF11,RORA,-1,-0.007610802201967377
SP4,RORA,1,0.04058414494073153
HOXC13,RORA,1,0.02293471038499857
E2F4,RORA,-1,-0.027690318247160634
SOX17,RORA,1,0.08061587101406766
KLF15,RORA,1,0.014136567884070785
SPI1,RORA,-1,-0.1750201738686321
THRA,RORA,1,0.01318625002333486
POU3F3,RORA,-1,-0.0010803087117213046
EWSR1,RORA,-1,-0.05436794753748702
TRAF4,RORA,1,0.01598257564197294
MAFK,RORA,1,0.010677414571814908
TCF3,RORA,-1,-0.07984493750806683
VDR,RORA,1,0.08264990099731895
CEBPG,RORA,1,0.056272527270985404
ZNF217,RORA,-1,-0.016376373088901965
RUNX1,RORA,1,0.0014931943930208637
HBP1,RORA,1,0.005885260022226574
DBP,RORA,1,0.14049393622184617
HOXB9,RORA,1,0.0550576514330143
PRRX1,RORA,1,0.0014034943022729343
ONECUT2,RORA,1,0.012143325433088204
IRF2,RORA,-1,-0.005006721241097339
BACH1,RORA,1,0.03401094056291069
FOXC1,RORA,1,0.002073790078980855
CDC5L,RORA,1,0.035352350883704656
FOXO1,RORA,1,0.092044379932542
POU3F2,RORA,1,0.134459731903419
ZSCAN16,RORA,-1,-0.05936197959717713
AR,RORA,1,0.0025689610115909277
TEAD4,RORA,-1,-0.04162342392574961
MAFB,RORA,1,0.008251956705412908
HLF,RORA,1,0.0045721887344569055
ARID3A,RORA,1,0.12933818757245186
HOXC4,RORA,-1,-0.0870432361762114
TBP,RORA,-1,-0.04599424795157911
BCL6,RORA,1,0.1852847916873759
SREBF1,RORA,1,0.020585731054429523
ZNF35,RORA,1,0.02204910003229708
ARNT,FLI1,1,0.071296786474141
SOX18,FLI1,1,0.1361845445231811
MEOX2,FLI1,1,0.0548277275758284
NRF1,FLI1,-1,-0.03066702304805133
ZNF652,FLI1,1,0.00966746526583838
RARA,FLI1,-1,-0.041709459910849775
CNOT3,FLI1,1,0.007918884745643907
ELF3,FLI1,-1,-0.16741303130641613
E2F1,FLI1,1,0.004137610194734003
MEF2A,FLI1,1,0.15283595725918311
FOXJ1,FLI1,-1,-0.0063688837631578595
PLAG1,FLI1,1,0.0661712618603242
STAT4,FLI1,1,0.03145251181156075
ZNF219,FLI1,1,0.016042674383410685
ZBTB33,FLI1,1,0.01836551384291665
KLF11,FLI1,1,0.02911303942485988
SP4,FLI1,-1,-0.0305684935939743
HOXC13,FLI1,1,0.019902813412545222
SOX17,FLI1,1,0.1532717442720942
SIRT6,FLI1,1,0.050805502486223085
HOXD9,FLI1,-1,-0.011902286838318371
SOX15,FLI1,-1,-0.004921616173291071
GATA6,FLI1,1,0.012564746443413703
KLF15,FLI1,-1,-0.003735108178446596
SOX13,FLI1,1,0.0012155311229553431
HMGA2,FLI1,-1,-0.022583110128799298
SPI1,FLI1,1,0.09813700394889861
SOX2,FLI1,-1,-0.07728755162565512
SRF,FLI1,-1,-0.03712552492920952
POU3F3,FLI1,-1,-0.014528464583040756
EWSR1,FLI1,1,0.04393218428394193
MAFK,FLI1,-1,-0.051854552544535644
ZBTB16,FLI1,1,0.011856282702590414
IKZF1,FLI1,1,0.2951940588484178
ATF5,FLI1,-1,-0.008923268096976137
E2F2,FLI1,-1,-0.007145541700351657
JUN,FLI1,-1,-0.02037012562254043
TAL1,FLI1,1,0.008003545924853825
RUNX1,FLI1,-1,-0.0788445173526685
EMX2,FLI1,-1,-0.03083365762562883
ZEB1,FLI1,1,0.1177051525189977
IRF1,FLI1,-1,-0.03836736686585622
MAX,FLI1,1,0.15826346697378488
FOXD3,FLI1,-1,-0.04452509241416636
IRF2,FLI1,1,0.08705605262294665
HOXB6,FLI1,1,0.010268974170724409
POU4F1,FLI1,1,0.01154914410344652
PRDM1,FLI1,1,0.10810615992039323
BACH1,FLI1,1,0.08877611210855875
FOXC1,FLI1,1,0.104549334117426
HOXA10,FLI1,-1,-0.022539620481245422
IRF7,FLI1,-1,-0.0030927412044861966
POU3F2,FLI1,-1,-0.12389982733867824
MAZ,FLI1,-1,-0.14012092943768828
MSX2,FLI1,-1,-0.0031456699120311986
MSX1,FLI1,1,0.030218924954192237
ARID3A,FLI1,1,0.1164717964630516
HOXC4,FLI1,-1,-0.02623139393087133
TEAD1,FLI1,-1,-0.034046616661266564
ZNF589,FLI1,1,0.0630444360834504
BCL6,FLI1,-1,-0.0014197389790371804
TFAP2A,FLI1,-1,-0.005385752340878769
CPEB1,FLI1,-1,-0.10238612250544704
EN1,FLI1,1,0.006422964707646565
ZNF35,FLI1,1,0.0005644126531944305
ERG,IRF5,-1,-0.08998278978795089
NFKB2,IRF5,1,0.04567024184088043
KLF13,IRF5,1,0.036048389104010085
ELK1,IRF5,1,0.0012628437744945035
RARA,IRF5,-1,-0.11984842093152788
IRF8,IRF5,1,0.15495262635633145
GTF2A1,IRF5,1,0.02766359522919285
PLAG1,IRF5,1,0.03453134251399105
SP1,IRF5,-1,-0.00646939466116652
KLF11,IRF5,-1,-0.04084709568978153
RXRA,IRF5,-1,-0.028591479395596323
SOX15,IRF5,1,0.03512943276001933
ETV6,IRF5,1,0.09468013808744687
STAT5B,IRF5,-1,-0.05767667588715625
KLF15,IRF5,1,0.05573406094444926
SPI1,IRF5,1,0.20937893470671487
EWSR1,IRF5,1,0.044968717829853455
PPARG,IRF5,1,0.08274728903681013
PATZ1,IRF5,-1,-0.04121351516703595
ZBTB16,IRF5,1,0.004299809962689995
IKZF1,IRF5,1,0.29086597917648616
RFX1,IRF5,1,0.021636733520654008
CEBPG,IRF5,1,0.01169434459228681
TAL1,IRF5,1,0.21909074973180728
STAT5A,IRF5,1,0.08075850003392274
ELF4,IRF5,1,0.021032281831187816
EGR1,IRF5,-1,-0.03280700792749146
IRF1,IRF5,-1,-0.07953011156642777
NR2C2,IRF5,1,0.0007606529223739375
SATB1,IRF5,-1,-0.0014629566048932371
IRF2,IRF5,-1,-0.017030869100335556
PRDM1,IRF5,1,0.006402356373954253
KLF12,IRF5,-1,-0.060217348001571004
NR2F1,IRF5,-1,-0.02214046183611972
IRF7,IRF5,1,0.03194173960145465
MAZ,IRF5,-1,-0.0085667397299979
FLI1,IRF5,1,0.024623063787186927
ZNF232,IRF5,1,0.017091273388205038
MAFB,IRF5,-1,-0.045854671172713954
NR4A1,IRF5,-1,-0.005473679706221863
RARG,IRF5,1,0.06215545427075262
FOXO3,IRF5,-1,-0.01952793287698129
ASCL2,IRF5,1,0.20580166406226408
TFAP2A,IRF5,-1,-0.027904622356663033
MEOX2,HOXA4,1,0.021327804149635178
HOXC10,HOXA4,1,0.05076549874871311
ELF3,HOXA4,1,0.049496482726965156
SP1,HOXA4,-1,-0.054209677668628116
HMGA1,HOXA4,1,0.0030480227970584683
SOX17,HOXA4,1,0.014762770416199318
RXRA,HOXA4,1,0.020190345239809424
HOXD9,HOXA4,-1,-0.010725390380465811
SOX15,HOXA4,1,0.015397933841552419
SOX13,HOXA4,-1,-0.005354579194556063
THRA,HOXA4,-1,-0.012437412694470296
TRAF4,HOXA4,-1,-0.0006212088944140981
CEBPA,HOXA4,1,0.031120875195870097
TCF3,HOXA4,-1,-0.05008951791446043
SOX11,HOXA4,1,0.03896414102578894
TFAP2B,HOXA4,1,0.1425228699135115
IRF1,HOXA4,1,0.034996853937174915
ONECUT2,HOXA4,1,0.00912728600463993
FOXD3,HOXA4,1,0.009916459314660888
HOXD13,HOXA4,-1,-0.01312871290553875
HOXA10,HOXA4,1,0.3035684042049423
HOXB13,HOXA4,-1,-0.0056726668827728555
ZNF232,HOXA4,1,0.011410358521871614
HOXA3,HOXA4,1,0.0562383787627301
TEAD4,HOXA4,1,0.00499261045547907
ARID3A,HOXA4,1,0.002704493542196165
FOXM1,HOXA4,1,0.020002708851963195
BCL6,HOXA4,1,0.027975239225141994
TFAP2A,HOXA4,1,0.016932983847777527
HOXA9,HOXA4,1,0.08693375680048002
PAX6,HOXA4,1,0.051104472475418675
CPEB1,HOXA4,1,0.04250417735027425
NFIX,SOX1,1,0.01660348687244962
SOX18,SOX1,1,0.018189601419563804
ZNF281,SOX1,-1,-0.006220027285274657
PLAG1,SOX1,-1,-0.04312991812090673
TRIM28,SOX1,-1,-0.08930257580475079
SP1,SOX1,-1,-0.09974570152493589
ZNF219,SOX1,1,0.22199996660328383
TP53,SOX1,-1,-0.03154580084819541
SP4,SOX1,1,0.14428923626824602
HOXD9,SOX1,1,0.2016336893613824
KLF15,SOX1,1,0.035232062314329654
SOX13,SOX1,1,0.04389852738005426
SPI1,SOX1,1,0.005394120616210382
SRF,SOX1,-1,-0.01804641153456972
EWSR1,SOX1,1,0.03867705083202048
SOX12,SOX1,-1,-0.0028313479943306106
TAL1,SOX1,1,0.0036581080096692565
NKX2-5,SOX1,-1,-0.1025216029303856
RUNX2,SOX1,-1,-0.009562858591707165
SATB1,SOX1,1,0.01871555285981989
MSX2,SOX1,1,0.04047614973749234
SREBF1,SOX1,1,0.03384977623971575
TFAP2A,SOX1,1,0.35489720105933176
HOXA9,SOX1,1,0.0751116278933979
HOXD10,HOXB13,1,0.04594988766005404
HOXC13,HOXB13,1,0.46209459246623646
SOX2,HOXB13,-1,-0.01523192098961759
HOXB9,HOXB13,1,0.37883181004850364
HOXD13,HOXB13,1,0.001313853846488435
MEIS1,HOXB13,1,0.0007161329683998405
ETV1,ZNF232,1,0.05068974797266066
ELF5,ZNF232,1,0.12378058616936885
ETS1,ZNF232,-1,-0.032523816726082275
ZNF281,ZNF232,1,0.021483290152414056
ZNF219,ZNF232,1,0.06710214524727479
SOX4,ZNF232,1,0.032336041003695214
ETV6,ZNF232,-1,-0.05664769474576391
SPI1,ZNF232,-1,-0.06165440898427042
SOX2,ZNF232,1,0.03649521935393515
MZF1,ZNF232,1,0.12162677291048585
SOX11,ZNF232,1,0.1083466983183033
ELF4,ZNF232,1,0.03849852491986283
ELF2,ZNF232,1,0.3497121893493024
ASCL2,ZNF232,1,0.19450216585632904
NFKB2,INSM1,-1,-0.05298167146802249
MYBL2,INSM1,1,0.027990121776812125
RARA,INSM1,-1,-0.010369904944530535
CNOT3,INSM1,-1,-0.08708525643828294
ELF3,INSM1,-1,-0.004014249435212014
SOX9,INSM1,-1,-0.12343565769228286
PLAG1,INSM1,1,0.01892783862679382
TRIM28,INSM1,-1,-0.004015417080757221
SP1,INSM1,-1,-0.011121540120566932
ZNF219,INSM1,1,0.08675841940267244
ZBTB33,INSM1,-1,-0.06340627647890039
KLF11,INSM1,1,0.0066771686290721145
E2F4,INSM1,1,0.02647493766758394
SOX4,INSM1,1,0.10993856241019938
NFYA,INSM1,1,0.04193888111409866
GABPA,INSM1,1,0.002311571889476357
SOX13,INSM1,-1,-0.017346541100798384
SPI1,INSM1,1,0.11453229714403255
SOX2,INSM1,1,0.05690067386341118
PATZ1,INSM1,-1,-0.07545612163976077
POU3F4,INSM1,1,0.004624122312065205
TCF3,INSM1,1,0.02786089167646332
ATF5,INSM1,1,0.09600968054228148
E2F2,INSM1,1,0.00118695203868279
TAL1,INSM1,-1,-0.02733873195772965
SOX11,INSM1,1,0.48858459939087123
ZEB1,INSM1,-1,-0.08346761794885382
TFAP2B,INSM1,1,0.11797646950476937
FOXO4,INSM1,-1,-0.10193258597179825
NKX2-2,INSM1,1,0.13479009475867726
SCRT1,INSM1,1,0.17097921915447203
FOXC1,INSM1,-1,-0.02698699726219464
POU3F2,INSM1,1,0.13919352489644116
HOXB13,INSM1,-1,-0.021486922191297417
TEAD1,INSM1,-1,-0.043988193162211114
TBP,INSM1,1,0.048158346278442066
TFAP2A,INSM1,1,0.005306317984128069
CPEB1,INSM1,1,0.07220434384777095
MEOX2,TBX5,-1,-0.036834714722686
E2F1,TBX5,1,0.04339187024729485
SOX21,TBX5,-1,-0.04745029180083968
HMGA1,TBX5,-1,-0.03962845706989073
HOXC13,TBX5,1,0.04511912083377067
HOXD9,TBX5,1,0.11722472189344092
SOX13,TBX5,1,0.007588882030331086
POU3F4,TBX5,1,0.014668978101116436
CEBPA,TBX5,1,0.012500616466730818
TCF3,TBX5,-1,-0.05187955702682248
TAL1,TBX5,1,0.037984163989741096
NKX2-5,TBX5,-1,-0.011863451651310315
HOXC11,TBX5,1,0.1446978638156923
TFAP2B,TBX5,1,0.015936809977510347
HOXD13,TBX5,1,0.02810028766115214
IRF7,TBX5,1,0.008198889765565117
PITX1,TBX5,1,0.052305684685404176
RFX3,TBX5,1,0.00471413109473696
DLX6,TBX5,1,0.0660562423961671
SOX1,TBX5,1,0.08660486111183743
HOXB13,TBX5,1,0.0022878976909154135
MSX2,TBX5,1,0.11923851784031048
NKX6-1,TBX5,1,0.022551540870363953
TFAP2A,TBX5,1,0.21578072340953808
EN1,TBX5,1,0.016343578702332995
TFAP4,TBX5,1,0.021459879683633228
SOX18,HOXA3,1,0.020739760112979958
MYBL2,HOXA3,-1,-0.016351572882832455
MEOX2,HOXA3,1,0.007249743369972866
RELA,HOXA3,-1,-0.0029790194365674574
RARA,HOXA3,1,0.022705021225052132
HOXD10,HOXA3,1,0.0007660072236763846
E2F1,HOXA3,1,0.01182827453478382
SP1,HOXA3,-1,-0.023623742523863445
TP53,HOXA3,1,0.02889462929380352
HOXC13,HOXA3,1,0.014120044067764953
SOX4,HOXA3,-1,-0.00019762767161714002
PBX1,HOXA3,-1,-0.005252809641849474
GBX2,HOXA3,1,0.010303051359220357
HOXD9,HOXA3,1,0.020447699784253818
SOX13,HOXA3,1,0.005307943149567027
HMGA2,HOXA3,1,0.022520067684520164
SPI1,HOXA3,1,0.004821282902817072
SOX2,HOXA3,-1,-0.026197089461505674
SRF,HOXA3,-1,-0.00301391782585913
POU3F4,HOXA3,1,0.07041447249213925
MAFK,HOXA3,1,0.03388311897226549
ZBTB16,HOXA3,1,0.02573169105001431
TCF3,HOXA3,-1,-0.02108984871617785
E2F2,HOXA3,1,0.08784111708972488
JUN,HOXA3,-1,-0.009179813992439813
NKX2-5,HOXA3,1,0.031285876939942524
HOXC11,HOXA3,1,0.17180241358462284
FOS,HOXA3,-1,-0.009375734044988853
HOXB3,HOXA3,1,0.14547839936436605
ZEB1,HOXA3,-1,-0.012399618893498618
TFAP2B,HOXA3,1,0.05313992097519216
RUNX2,HOXA3,1,0.0022941760045467855
HOXC6,HOXA3,-1,-0.06394905919185076
TFAP2C,HOXA3,-1,-0.05092778498732343
FOXD3,HOXA3,1,0.06266615521715596
NR2E1,HOXA3,-1,-0.033222499665037424
FOXO4,HOXA3,-1,-0.018939952132409704
NKX2-2,HOXA3,1,0.004306557826406927
HOXA10,HOXA3,1,0.21818866218246455
POU3F2,HOXA3,-1,-0.005784887159606784
FEV,HOXA3,-1,-0.029814369602340355
HOXA4,HOXA3,1,0.10310035156039897
SOX1,HOXA3,1,0.02963009068551084
RARG,HOXA3,1,0.024405404755717914
NFATC4,HOXA3,1,0.07070982479310982
TBP,HOXA3,-1,-0.0063898431432283095
FOXO3,HOXA3,-1,-0.017286361406319208
BCL6,HOXA3,1,0.01065652430998049
NKX6-1,HOXA3,1,0.08027282748051442
HOXA9,HOXA3,1,0.02756538041602443
RFC5,HOXA3,-1,-0.04476875137349007
EN1,HOXA3,1,0.02857623634334502
ZNF35,HOXA3,-1,-0.031883570602366164
ELF3,MSX2,1,0.1230586723086528
ZNF281,MSX2,1,0.008567653765702489
SP1,MSX2,-1,-0.007473853628943854
GBX2,MSX2,1,0.01836736178324799
GATA6,MSX2,1,0.09841460635668396
HMGA2,MSX2,1,0.008631343955788922
POU3F3,MSX2,-1,-0.04455466388465284
MYCN,MSX2,1,0.023562710505399546
JUN,MSX2,-1,-0.03167664507666534
TAL1,MSX2,1,0.04337969505228041
HOXC6,MSX2,1,0.032492198855677994
VAX2,MSX2,1,0.02832759440119504
MAF,MSX2,1,0.032125299126149795
NKX3-1,MSX2,1,0.17169059944259354
DLX6,MSX2,1,0.07313599284695649
IRF5,MSX2,1,0.018654634284523252
SOX1,MSX2,1,0.04603266116908183
TEAD4,MSX2,1,0.0070660372778467186
NKX6-1,MSX2,1,0.18211520488206942
ASCL2,MSX2,1,0.0417315134243247
CNOT3,ZNF350,1,0.1420731079748271
ELF3,ZNF350,1,0.20346818244412973
MEF2A,ZNF350,1,0.15984262702459248
HOXC13,ZNF350,1,0.022259953632999013
SOX4,ZNF350,1,0.04548629785588263
GBX2,ZNF350,-1,-0.05440448906689143
ETV6,ZNF350,1,0.031085453301681016
SPI1,ZNF350,-1,-0.10887557078729787
SOX2,ZNF350,1,0.0437332815194952
SRF,ZNF350,-1,-0.0011528247726845353
IKZF1,ZNF350,1,0.10336421073937371
HOXB6,ZNF350,-1,-0.010993449143156217
NF1,ZNF350,1,0.08460173901935639
MEIS1,ZNF350,1,0.05437976147597369
RORA,ZNF350,1,0.1820659674796716
AR,ZNF350,1,0.05617660699506712
RARG,ZNF350,-1,-0.03911756715914865
ARID3A,ZNF350,-1,-0.006436823986520246
TBP,ZNF350,1,0.04552149336274021
ELF2,ZNF350,1,0.15550033686154852
TFAP2A,ZNF350,-1,-0.0429657477893174
FOSL1,AR,1,0.03181350978771212
ZNF281,AR,1,0.004350996616407759
SP1,AR,1,0.0018854288882115997
ZNF219,AR,1,0.03392845477494293
TP53,AR,1,0.01207656315814269
KLF11,AR,-1,-0.12448982821695348
SP4,AR,1,0.07484675278525044
E2F4,AR,-1,-0.04714011040046165
PBX1,AR,1,0.2757518124905864
RXRA,AR,1,0.14673691388619628
GABPA,AR,1,0.002842141402496903
KLF15,AR,1,0.1009425494383787
JDP2,AR,-1,-0.06054772633661162
EWSR1,AR,-1,-0.0324186749347525
PPARG,AR,-1,-0.05957146887989767
PATZ1,AR,-1,-0.06901996200635699
MAFK,AR,-1,-0.04983771472569447
JUN,AR,1,0.09855026710187806
TAL1,AR,1,0.14168545055206255
FOS,AR,1,0.05415597499076505
EGR1,AR,-1,-0.16900481847686882
IRF1,AR,1,0.21935017131877227
MAF,AR,1,0.08278808819941706
IRF2,AR,1,0.0012847871980801076
BACH1,AR,1,0.021183813070123726
SMAD4,AR,1,0.05977839721369201
FLI1,AR,1,0.046890251899563376
ASCL2,AR,1,0.23110156261936748
ELF5,FOXP3,1,0.3513974572814977
SP100,FOXP3,1,0.04550570414313072
ELF3,FOXP3,1,0.08438963377375883
E2F1,FOXP3,1,0.02153693626198279
SOX9,FOXP3,1,0.10832737070778549
STAT4,FOXP3,1,0.12348797962114927
SP1,FOXP3,-1,-0.005010709973221736
SOX17,FOXP3,1,0.044337868076672636
EGR2,FOXP3,1,0.001407829820418317
ZNF232,FOXP3,1,0.054224913530844375
AR,FOXP3,1,0.001889042195580342
MAFB,FOXP3,1,0.05198886422845643
TFAP2A,FOXP3,1,0.07204768190408295
OSR2,FOXP3,1,0.08933755006379962
HSF1,TEAD4,1,0.08278864144303907
RARA,TEAD4,1,0.1158330428048368
ELF3,TEAD4,1,0.19777263285126676
E2F1,TEAD4,-1,-0.08075452336413759
SOX21,TEAD4,1,0.054804522292469425
TP53,TEAD4,1,0.011920054070598353
ZBTB7B,TEAD4,-1,-0.08843338011752952
HOXC13,TEAD4,-1,-0.048674589650325374
SOX4,TEAD4,1,0.12844736780923097
SOX17,TEAD4,1,0.053682458773436886
PBX1,TEAD4,-1,-0.050663514354902225
ZNF282,TEAD4,1,0.11381535464829269
TEAD3,TEAD4,-1,-0.06051569982569966
KLF15,TEAD4,1,0.02670175451992696
SOX13,TEAD4,1,0.0014388646769126728
SOX2,TEAD4,1,0.013737232518351713
SRF,TEAD4,1,0.07914599060458916
THRA,TEAD4,-1,-0.10340065569296344
EWSR1,TEAD4,1,0.03532263758085894
PPARG,TEAD4,-1,-0.011340117956257887
PATZ1,TEAD4,1,0.004724436209491226
POU3F4,TEAD4,1,0.024400611065660296
TCF3,TEAD4,1,0.045198478353627995
RFX1,TEAD4,-1,-0.14143630217375153
JUN,TEAD4,1,0.03597124081956424
ETV4,TEAD4,-1,-0.023202670714959475
STAT5A,TEAD4,-1,-0.0075959865971926555
RUNX1,TEAD4,1,0.26602036139809215
HBP1,TEAD4,-1,-0.02920403329938465
ELF4,TEAD4,1,0.29104421644479966
RUNX2,TEAD4,1,0.0764996893576776
PKNOX2,TEAD4,1,0.10621088670351903
SATB1,TEAD4,-1,-0.12740020387812961
FOXD3,TEAD4,1,0.054174005229997
MSC,TEAD4,1,0.13297572419983375
SMAD3,TEAD4,-1,-0.058520777494154956
FEV,TEAD4,1,0.10097930948014901
SOX1,TEAD4,1,0.009521213630768917
TBX5,TEAD4,-1,-0.09418325877225289
AR,TEAD4,-1,-0.07949320027040234
ETS2,TEAD4,-1,-0.012390079193799752
TEAD1,TEAD4,-1,-0.1250801558854481
NKX6-1,TEAD4,1,0.010084603089672194
ASCL2,TEAD4,1,0.023374931186267746
KLF13,SIX6,-1,-0.009829007972949982
ESRRG,SIX6,1,0.06331824014883083
E2F1,SIX6,1,0.0018911524346079114
ETS1,SIX6,-1,-0.06063433344903351
SOX9,SIX6,1,0.10479784866169688
TRIM28,SIX6,1,0.07106037202654186
TP53,SIX6,-1,-0.05862191577190624
SOX17,SIX6,1,0.14863611342657523
SPI1,SIX6,-1,-0.13253951955396334
ATF5,SIX6,1,0.0059082939805244665
NR5A2,SIX6,1,0.1019497817145508
EGR1,SIX6,1,0.02524592225029628
RARG,SIX6,1,0.02963180975072616
ASCL2,SIX6,1,0.14862555071557257
TFAP2A,SIX6,1,0.3216223793482148
TFCP2,PRDM4,1,0.11114270161820122
NRF1,PRDM4,1,0.02463750579653988
ELF3,PRDM4,1,0.10520653025101324
HOXD10,PRDM4,1,0.0008533952929653676
E2F1,PRDM4,-1,-0.014005742265185984
SOX9,PRDM4,-1,-0.007159725863283849
TFEC,PRDM4,-1,-0.0417664245595454
TRIM28,PRDM4,1,0.014959769625022995
SP4,PRDM4,-1,-0.028090270063776675
E2F4,PRDM4,1,0.05847786196493225
SOX4,PRDM4,1,0.10328690347487011
NFYA,PRDM4,1,0.010703228836674641
TEAD3,PRDM4,-1,-0.04957651924114029
KLF15,PRDM4,-1,-0.03142820960953792
HMGA2,PRDM4,1,0.13795845735548423
SPI1,PRDM4,-1,-0.13927870820293223
SRF,PRDM4,1,0.03422236837436924
PATZ1,PRDM4,-1,-0.020382227925063914
TRAF4,PRDM4,-1,-0.01023302529348748
POU3F4,PRDM4,-1,-0.02709559538670681
MAFK,PRDM4,1,0.06043405298727873
ZBTB16,PRDM4,1,0.05841613439838105
TFE3,PRDM4,1,0.14656273300402967
RFX2,PRDM4,-1,-0.06895375718929818
RFX1,PRDM4,-1,-0.020246673586571333
JUN,PRDM4,1,0.013430751180501821
TAL1,PRDM4,-1,-0.030141774849792993
STAT5A,PRDM4,1,0.05219187814002635
RUNX1,PRDM4,-1,-0.031076013914693564
ELF4,PRDM4,1,0.160146687321823
EMX2,PRDM4,1,0.006919417379765728
ZEB1,PRDM4,1,0.03882506690830865
PRRX1,PRDM4,-1,-0.04310215324866317
FOXD3,PRDM4,-1,-0.013478950243118541
LMO2,PRDM4,1,0.04784001973637572
PRDM1,PRDM4,-1,-0.010378448872784725
SMAD4,PRDM4,1,0.16580813469031763
TFEB,PRDM4,1,0.03436132027602515
FOXC1,PRDM4,-1,-0.07564193554572297
FOXC2,PRDM4,-1,-0.03318142587338124
RFX3,PRDM4,1,0.04320527348822575
TBX5,PRDM4,1,0.01770416289021303
FOXP3,PRDM4,-1,-0.08743313687188135
MAFB,PRDM4,1,0.12679535637920994
RARG,PRDM4,1,0.05291379325645008
ARID3A,PRDM4,1,0.006470431158552213
TEAD1,PRDM4,1,0.17013589189637557
TBP,PRDM4,1,0.03373746972624913
NKX6-1,PRDM4,1,0.022825346825659735
TFAP2A,PRDM4,-1,-0.0395722259802697
SOX9,MSX1,1,0.13356320149598655
FOXJ1,MSX1,1,0.1625570340378069
SP1,MSX1,-1,-0.08410465248436132
NFYA,MSX1,-1,-0.01147008202944407
SOX2,MSX1,1,0.10980634670039646
POU3F3,MSX1,-1,-0.11603351567119669
SOX12,MSX1,1,0.02567293047106974
CEBPG,MSX1,1,0.12738211104100455
NKX2-5,MSX1,1,0.026640309630032295
SOX11,MSX1,1,0.010791825416493974
FOXF2,MSX1,1,0.04167232164129186
FOXD3,MSX1,1,0.02354490333835346
IRF2,MSX1,1,0.038742082904925854
BACH1,MSX1,-1,-0.0005476957786851176
NKX2-2,MSX1,1,0.041576803085455485
FOXC1,MSX1,1,0.08105233719423784
FOXO1,MSX1,1,0.06952960510147504
IRF7,MSX1,1,0.02777234342977719
PITX1,MSX1,1,0.03938543885789982
MAFB,MSX1,1,0.13054008343224147
BCL6,MSX1,1,0.020490104281221708
BRF1,MAFB,-1,-0.11796167042806008
MYBL2,MAFB,-1,-0.0018054160816608055
ELK1,MAFB,1,0.018521110468367758
ESRRG,MAFB,-1,-0.13753164926183892
RARA,MAFB,1,0.001448430766562929
TRIM28,MAFB,-1,-0.02705429702732887
ZNF219,MAFB,-1,-0.01834669220578814
KLF11,MAFB,1,0.20040300737059039
SP4,MAFB,-1,-0.03496696336684421
SOX4,MAFB,1,0.040976694145017326
RXRA,MAFB,1,0.09905402549400714
KLF15,MAFB,-1,-0.013600170201709246
SRF,MAFB,1,0.10302097869972561
THRA,MAFB,-1,-0.010123089000066405
EWSR1,MAFB,-1,-0.030373386200417997
CEBPA,MAFB,1,0.352858171898644
TAL1,MAFB,-1,-0.011665681619547487
ZNF217,MAFB,1,0.04910740735149357
VENTX,MAFB,1,0.28359130403979843
LMO2,MAFB,1,0.09911462537856244
SMAD4,MAFB,1,0.009212923485551543
NKX2-2,MAFB,1,0.018600642161717636
SMAD3,MAFB,-1,-0.0812382685066865
NR2F1,MAFB,1,0.09238000167743474
MEIS1,MAFB,-1,-0.022085247353876587
RORA,MAFB,1,0.09970150929596498
FOXM1,MAFB,-1,-0.04365603247001988
ASCL2,MAFB,1,0.06838340622676604
NR2F6,SNAI2,1,0.08249854083563436
NFIX,SNAI2,1,0.0304466447163925
MEF2D,SNAI2,1,0.07983009056485232
ARNT,SNAI2,-1,-0.09089081005509134
HSF1,SNAI2,-1,-0.03172087948669124
ELF5,SNAI2,-1,-0.08002260221799043
MEOX2,SNAI2,1,0.11430127323228596
HOXC10,SNAI2,1,0.06102640459176877
LHX6,SNAI2,1,0.01862238216441097
SP100,SNAI2,1,0.13978196572347948
ESRRG,SNAI2,-1,-0.048306424456149015
HEY2,SNAI2,-1,-0.04317154879307957
SREBF2,SNAI2,-1,-0.001521496455565502
ELF3,SNAI2,-1,-0.05059943761593541
ARID5A,SNAI2,-1,-0.10650129484091428
SOX21,SNAI2,-1,-0.037031095606774714
MEF2A,SNAI2,-1,-0.022454301539264542
SOX9,SNAI2,-1,-0.06267417068910981
ZNF281,SNAI2,1,0.09514394479214697
FOXJ1,SNAI2,-1,-0.06202849657084613
STAT4,SNAI2,1,0.09714568509889895
HMGA1,SNAI2,-1,-0.09238205073819301
NFYA,SNAI2,-1,-0.03249678274469447
SIRT6,SNAI2,1,0.05213253411574821
GABPA,SNAI2,1,0.04064804517869833
ZNF282,SNAI2,1,0.006075375440145921
HOXD9,SNAI2,-1,-0.025585502322829825
GATA6,SNAI2,1,0.05155699526915629
TEAD3,SNAI2,1,0.08304114569886184
LEF1,SNAI2,1,0.1159702520833454
SOX13,SNAI2,1,0.04725514400030321
HMGA2,SNAI2,1,0.14985806707888932
JDP2,SNAI2,-1,-0.01968474401315707
SPI1,SNAI2,-1,-0.021743959101461128
SOX2,SNAI2,-1,-0.02398329290028503
EWSR1,SNAI2,1,0.22837489048399878
CEBPD,SNAI2,1,0.12217555482038854
ATF7,SNAI2,-1,-0.09252321463059755
TRAF4,SNAI2,-1,-0.08060002103835401
POU3F4,SNAI2,1,0.005752137434429667
CEBPA,SNAI2,-1,-0.07504750870714691
MAFK,SNAI2,-1,-0.050752341858818356
ZBTB16,SNAI2,-1,-0.07157874037059006
TCF3,SNAI2,1,0.057430791054224835
MYCN,SNAI2,1,0.009445781114722813
NFATC1,SNAI2,1,0.011486866147970077
JUN,SNAI2,-1,-0.055018583795301085
CEBPG,SNAI2,1,0.04664557370640288
XBP1,SNAI2,-1,-0.08006078896120222
SOX11,SNAI2,1,0.010289833441409081
HBP1,SNAI2,1,0.008903906539524643
DBP,SNAI2,-1,-0.04963821678398359
ELF4,SNAI2,1,0.15263129517744858
VENTX,SNAI2,-1,-0.030683210901979674
HOXB3,SNAI2,-1,-0.08194877666610632
EGR1,SNAI2,1,0.01724252862203994
SATB1,SNAI2,1,0.12786074525729793
HOXC6,SNAI2,-1,-0.0125923751931952
MAF,SNAI2,1,0.1134252194755944
MAX,SNAI2,1,0.11101553255995711
FOXD3,SNAI2,1,0.03351704192266669
HOXD13,SNAI2,1,0.022808664014329627
NR2E1,SNAI2,-1,-0.05662781215650925
HOXB6,SNAI2,1,0.06264298292194118
POU4F1,SNAI2,-1,-0.03830090096088129
PRDM1,SNAI2,1,0.03685051072437504
KLF12,SNAI2,-1,-0.07772091203960613
FOXO4,SNAI2,-1,-0.13437899760155536
TFEB,SNAI2,-1,-0.07836934037668349
FOXC1,SNAI2,1,0.13411961778871423
HOXA10,SNAI2,1,0.10029553097132073
SMAD3,SNAI2,-1,-0.03688568349931832
ATF2,SNAI2,-1,-0.02305299290684965
FOXC2,SNAI2,1,0.005274912035589733
TGIF2,SNAI2,-1,-0.008526420818313564
CREB5,SNAI2,1,0.061372271960586096
IRF7,SNAI2,-1,-0.0892862299581164
RFX3,SNAI2,-1,-0.060775672742966885
MAZ,SNAI2,1,0.027531206554779357
TCF7L2,SNAI2,-1,-0.11980378644124547
HOXB2,SNAI2,1,0.057327424490846685
HOXD11,SNAI2,1,0.07998839304483119
HOXA4,SNAI2,-1,-0.14443648554762228
SOX1,SNAI2,1,0.0008081315650132725
HOXB13,SNAI2,-1,-0.05211443277041133
ZNF232,SNAI2,-1,-0.04020075276591272
TBX5,SNAI2,1,0.02363892698575082
MSX2,SNAI2,1,0.01787742804720953
TEAD4,SNAI2,1,0.029253748799526105
PRDM4,SNAI2,-1,-0.09088541399736133
MSX1,SNAI2,1,0.001572299008860866
MAFB,SNAI2,1,0.21484075160778388
NFATC4,SNAI2,-1,-0.00555578886984852
HOXC4,SNAI2,-1,-0.03666964627833095
ELF2,SNAI2,1,0.10424870724731848
FOXO3,SNAI2,-1,-0.03564698624072868
BCL6,SNAI2,1,0.0005522582035354434
SREBF1,SNAI2,-1,-0.016638592491676384
NKX6-1,SNAI2,1,0.0505924611944565
HOXA9,SNAI2,-1,-0.10038161572374207
NFIL3,SNAI2,1,0.11064006086649066
PAX6,SNAI2,-1,-0.08459836611936633
OSR2,SNAI2,1,0.0730888498742193
EN1,SNAI2,1,0.006481498753801119
ZNF35,SNAI2,1,0.11805491932401688
MEF2D,NR4A1,1,0.03100524985800598
KLF13,NR4A1,1,0.005701055465744505
ELK1,NR4A1,-1,-0.025665189114084448
RELA,NR4A1,-1,-0.12079330451398779
TFCP2,NR4A1,-1,-0.049619463455814444
ERF,NR4A1,1,0.036109111365150014
ETS1,NR4A1,1,0.004266500022209378
FOXJ1,NR4A1,1,0.004729208170134937
HMGA1,NR4A1,-1,-0.027358312469154447
ZNF219,NR4A1,-1,-0.1106566393070792
TP53,NR4A1,-1,-0.0026368687426147285
SP4,NR4A1,1,0.006763136360155703
SOX15,NR4A1,-1,-0.04871115955068434
KLF15,NR4A1,1,0.1421429368064241
SOX2,NR4A1,-1,-0.10094439627303894
SRF,NR4A1,1,0.18804920311689682
THRA,NR4A1,1,0.0166976137281446
POU3F3,NR4A1,-1,-0.0869619225876778
MAFK,NR4A1,1,0.04730932404315491
TCF3,NR4A1,-1,-0.0005609336353452606
ELK3,NR4A1,-1,-0.08124857831696886
TAL1,NR4A1,1,0.0694273562431273
RUNX1,NR4A1,-1,-0.03396471259745163
EGR1,NR4A1,1,0.36124519942469635
TFAP2C,NR4A1,1,0.10411302491242885
FOXD3,NR4A1,1,0.004460366767057097
KLF12,NR4A1,1,0.028257731123714703
FOXC1,NR4A1,1,0.0420659253638878
ETV5,NR4A1,-1,-0.10714102482548989
FOXC2,NR4A1,1,0.048038872990444056
NKX3-1,NR4A1,1,0.03382867721397664
MAZ,NR4A1,1,0.1071037567951613
ZSCAN16,NR4A1,1,0.024220766442174538
ETV3,NR4A1,1,0.012066961956402318
SOX1,NR4A1,1,0.02670640969210414
HLF,NR4A1,1,0.08198621289977283
ELF2,NR4A1,1,0.06374199258451169
TFAP2A,NR4A1,1,0.14361801174108474
NFIL3,NR4A1,1,0.011297006229494668
ZNF35,NR4A1,1,0.06182785073656966
TFAP4,NR4A1,1,0.07430673987653279
ERG,HIC1,1,0.09045488155738249
MEF2D,HIC1,1,0.02928838956776775
ELK1,HIC1,1,0.02386379337470886
RARA,HIC1,1,0.10964646138141432
SREBF2,HIC1,-1,-0.01957452455963385
ETS1,HIC1,1,0.13174856258057002
MEF2A,HIC1,-1,-0.014492542260165043
TRIM28,HIC1,-1,-0.004923073865963902
HMGA1,HIC1,-1,-0.07981762419953589
ZBTB33,HIC1,-1,-0.13049710790564642
TP53,HIC1,1,0.012867055514658709
SP4,HIC1,-1,-0.0209323452426081
NFYA,HIC1,-1,-0.046028906874141816
RXRA,HIC1,1,0.03161178029049981
KLF15,HIC1,-1,-0.12126781465376113
ELF1,HIC1,-1,-0.010715818473496706
SPI1,HIC1,-1,-0.027597201604232482
EWSR1,HIC1,-1,-0.03774988554182913
TCF3,HIC1,1,0.015031546248636833
MZF1,HIC1,1,0.026888119592914452
RFX1,HIC1,1,0.12847667166118412
RUNX1,HIC1,1,0.07606813823036679
NR5A2,HIC1,1,0.17509540341383886
ELK4,HIC1,1,0.06756172264918801
TFAP2C,HIC1,1,0.09063972250474912
SMAD4,HIC1,-1,-0.01005402242547838
SMAD3,HIC1,1,0.07498176390330477
ATF2,HIC1,-1,-0.0015122147578738292
MAZ,HIC1,1,0.07351023296854851
ETV3,HIC1,1,0.015966030755798808
ASCL2,HIC1,1,0.14677933810001273
RFX5,HIC1,-1,-0.06060937072534349
TFAP4,HIC1,1,0.04363895089328352
ERG,ETS2,1,0.051312335711295336
NR2F6,ETS2,1,0.014613556388960528
MEOX2,ETS2,-1,-0.08300778287190216
ELK1,ETS2,1,0.0015640979610518342
LHX6,ETS2,1,0.055843980501402594
RELA,ETS2,1,0.02698706968392865
HOXD10,ETS2,1,0.012554521746214646
ETS1,ETS2,1,0.028371536099932114
MEF2A,ETS2,1,0.11022094568293368
ZNF281,ETS2,1,0.16299107222783346
STAT4,ETS2,1,0.2510461153577627
TRIM28,ETS2,1,0.052336529586400685
TP53,ETS2,-1,-0.012783403352120151
SOX4,ETS2,1,0.032713426363829456
SOX17,ETS2,-1,-0.027269163735071933
SIRT6,ETS2,1,0.006635290102579548
SPI1,ETS2,1,0.2385048803435394
SOX2,ETS2,-1,-0.0899908526292802
SRF,ETS2,1,0.010103557266225728
POU3F3,ETS2,1,0.01768112042059796
EWSR1,ETS2,1,0.08823030545889324
CEBPA,ETS2,1,0.18249488335900685
ZBTB16,ETS2,1,0.08101976959046456
SOX12,ETS2,-1,-0.05124115521497668
E2F2,ETS2,-1,-0.0051339317616715995
TAL1,ETS2,1,0.1422346546768873
ZNF217,ETS2,-1,-0.11219577099690727
STAT5A,ETS2,1,0.05742262561684861
RUNX1,ETS2,-1,-0.051084455492257166
FOS,ETS2,1,0.03138693267848129
RUNX2,ETS2,-1,-0.028865382926872594
SATB1,ETS2,1,0.06317595068824616
PRRX1,ETS2,1,0.047217298793913294
FOXD3,ETS2,-1,-0.02289559892375084
IRF2,ETS2,-1,-0.011869203974969704
BACH1,ETS2,1,0.07351279415825991
FOXC1,ETS2,1,0.10849635239467509
IRF7,ETS2,-1,-0.06768479542768258
POU3F2,ETS2,-1,-0.14962595052947208
MAZ,ETS2,-1,-0.04729539577325523
FLI1,ETS2,1,0.08987748131232776
MAFB,ETS2,1,0.03596652865838351
FOXO3,ETS2,1,0.028589986123643992
BCL6,ETS2,1,0.02107602892595069
ASCL2,ETS2,-1,-0.15570033540601982
HOXA9,ETS2,1,0.03323606353263935
NFIL3,ETS2,1,0.04748760485704854
PAX6,ETS2,-1,-0.28546291162886916
ZNF35,ETS2,-1,-0.004787462609101401
NFIX,RARG,1,0.042369807200143404
HSF1,RARG,1,0.15394877769131676
LHX6,RARG,1,0.07643894617111434
NRF1,RARG,1,0.11249565392215148
SREBF2,RARG,-1,-0.019548641066418414
E2F1,RARG,1,0.04956963596596473
CTF1,RARG,1,0.10649950504480678
SOX9,RARG,-1,-0.03905813771584206
ZNF281,RARG,1,0.019996914065939238
PLAG1,RARG,1,0.008628898274544142
TFEC,RARG,-1,-0.046218106089767626
SP1,RARG,1,0.1664198809112772
ZNF219,RARG,1,0.04094464516226666
KLF11,RARG,1,0.0021274162410663267
SP4,RARG,-1,-0.020399027765146908
NFYA,RARG,1,0.0172849412400825
RXRA,RARG,1,0.05316024076782594
TEAD3,RARG,-1,-0.08660308856765973
KLF15,RARG,-1,-0.04140311574132167
SOX2,RARG,-1,-0.09020372082609496
PATZ1,RARG,-1,-0.10146778903088703
MAFK,RARG,-1,-0.06479754549252183
TFE3,RARG,1,0.0815749880824724
TCF3,RARG,1,0.014681195156924719
MYCN,RARG,-1,-0.011741086320309346
MZF1,RARG,1,0.029933778147614668
IKZF1,RARG,-1,-0.09020097410283272
NFATC1,RARG,1,0.2965587851034007
TAL1,RARG,-1,-0.007309403212751939
RUNX1,RARG,1,0.0650740022307076
EGR1,RARG,-1,-0.07802084715992144
MAF,RARG,1,0.05616133466504664
TFAP2C,RARG,1,0.1580934359269113
FOXD3,RARG,1,0.030264118636806125
FOXC1,RARG,1,0.029713965782598106
FOXC2,RARG,1,0.0006630868102430145
RORA,RARG,-1,-0.04420782050433147
TEAD4,RARG,-1,-0.0018977562623960747
HIC1,RARG,1,0.17964897110518327
RUNX3,RARG,-1,-0.05248163956338397
NFATC4,RARG,1,0.10878725865651143
TFAP2A,RARG,1,0.05010464380278816
MEOX2,RUNX3,-1,-0.014836436233926805
KLF13,RUNX3,1,0.022184166614249382
RARA,RUNX3,1,0.002862192334591039
SREBF2,RUNX3,-1,-0.0009619077281868599
ELF3,RUNX3,1,0.020510676157408106
ARID5A,RUNX3,1,0.03519579653530613
IRF8,RUNX3,1,0.1397591920445366
STAT4,RUNX3,1,0.0021928687314900245
SP1,RUNX3,-1,-0.021984837159278816
ZBTB33,RUNX3,1,0.013945718648210809
ZBTB7B,RUNX3,1,0.028569806171769928
HOXD9,RUNX3,1,0.0031928294295697018
LEF1,RUNX3,1,0.0194183379303226
JDP2,RUNX3,-1,-0.013601033111879183
SPI1,RUNX3,1,0.002466946293481712
SOX2,RUNX3,-1,-0.042702806645097194
SRF,RUNX3,1,0.012935751508194364
EWSR1,RUNX3,1,0.024645321721366506
NFKB1,RUNX3,1,0.09274678798643134
TCF3,RUNX3,1,0.0428388114905781
VDR,RUNX3,1,0.04629506684014827
MZF1,RUNX3,1,0.03303073878639909
NFATC1,RUNX3,1,0.07530598213005564
TAL1,RUNX3,-1,-0.09295419588115966
NKX2-5,RUNX3,-1,-0.008945301506643834
ZNF217,RUNX3,1,0.00014718367714933566
RUNX1,RUNX3,-1,-0.010858307995041784
HBP1,RUNX3,1,0.01080346518725546
ELF4,RUNX3,1,0.07956300739272013
ZEB1,RUNX3,-1,-0.021407002915630784
EGR1,RUNX3,1,0.02824464532014
IRF1,RUNX3,1,0.0640254047882984
FOXF2,RUNX3,1,0.04687316916919937
HOXC6,RUNX3,1,0.02381473612388078
PRRX1,RUNX3,-1,-0.045330417616314546
NR2E1,RUNX3,-1,-0.035373459680206894
HOXB6,RUNX3,1,0.028299777322126136
SMAD4,RUNX3,-1,-0.05835323643289775
CREB5,RUNX3,-1,-0.020415459297761545
IRF7,RUNX3,1,0.02976747966758892
FLI1,RUNX3,1,0.2169840686568373
RARG,RUNX3,-1,-0.012229257368375246
HOXC4,RUNX3,1,0.01995203415604572
TEAD1,RUNX3,-1,-0.018244002901643012
BCL6,RUNX3,-1,-0.00892670675931677
E2F8,RUNX3,1,0.09105498863017945
ASCL2,RUNX3,1,0.1657394293472685
TFAP2A,RUNX3,1,0.0372902379845218
ZNF35,RUNX3,-1,-0.043643030543890654
MEOX2,PEG10,-1,-0.08718721545220325
ELK1,PEG10,1,0.06790883699613745
LHX6,PEG10,1,0.026763285380930178
NRF1,PEG10,-1,-0.11699458117247333
SREBF2,PEG10,1,0.1506044167337646
ELF3,PEG10,-1,-0.1522687751947492
SOX21,PEG10,-1,-0.09577941619038237
MEF2A,PEG10,1,0.009420753928527344
FOXJ1,PEG10,1,0.04605890331517353
HMGA1,PEG10,1,0.1733749099556443
E2F4,PEG10,1,0.015607376760413294
SOX2,PEG10,-1,-0.05199105299555982
THRA,PEG10,1,0.02491825371356555
EWSR1,PEG10,1,0.017772531550983264
PPARG,PEG10,-1,-0.10717533948202577
TRAF4,PEG10,1,0.031859134551373194
TCF3,PEG10,-1,-0.02507211592649957
SOX12,PEG10,-1,-0.11836343411548966
SOX11,PEG10,1,0.14672809294030031
HBP1,PEG10,1,0.2044129528243213
VENTX,PEG10,1,0.01455082298405406
TFAP2B,PEG10,1,0.010405661879012885
EGR1,PEG10,1,0.03954247216902837
IRF1,PEG10,-1,-0.10549825967159482
PKNOX2,PEG10,-1,-0.15054201962410363
HOXC6,PEG10,-1,-0.07300636963612593
HOXD13,PEG10,-1,-0.017548015359693008
POU4F1,PEG10,1,0.10349727198666116
MSC,PEG10,1,0.0369565510631973
FOXC1,PEG10,-1,-0.01268813051021758
MEIS1,PEG10,1,0.07882262930486489
POU3F2,PEG10,1,0.05823285341112614
E2F3,PEG10,1,0.3528574091664533
FLI1,PEG10,1,0.05699855266848728
HOXA4,PEG10,1,0.010965206345411387
HOXB13,PEG10,1,0.15820002312818662
PRDM4,PEG10,1,0.15884720345749603
MSX1,PEG10,-1,-0.05215240423323051
NR4A1,PEG10,-1,-0.015617408453716747
HOXC4,PEG10,-1,-0.020331590989093932
BCL6,PEG10,-1,-0.07903119209980713
TFAP2A,PEG10,1,0.022218852847661542
PAX6,PEG10,-1,-0.009226307233733185
ZNF35,PEG10,1,0.03678738797681811
ETV1,NFATC4,-1,-0.005707687808642003
NFKB2,NFATC4,1,0.19067058153236766
MYBL2,NFATC4,-1,-0.04876419163691482
KLF13,NFATC4,1,0.00958849087533014
HOXC10,NFATC4,1,0.029953032472865206
TFCP2,NFATC4,-1,-0.0385118931207687
RARA,NFATC4,1,0.12807501958779274
ELF3,NFATC4,-1,-0.003026507062303352
SOX9,NFATC4,-1,-0.0055835188687482626
SP1,NFATC4,1,0.05126517175551879
HMGA1,NFATC4,-1,-0.08635989735533658
ZNF219,NFATC4,1,0.09385520578465924
KLF11,NFATC4,-1,-0.011291490870349936
SP4,NFATC4,-1,-0.009512373395587137
GBX2,NFATC4,-1,-0.11980597139806923
NFYA,NFATC4,-1,-0.03351231044961308
RXRA,NFATC4,1,0.23622126116853687
ZNF282,NFATC4,-1,-0.05327188201844
HOXD9,NFATC4,1,0.04985339438352518
SOX15,NFATC4,-1,-0.009201489058279546
STAT5B,NFATC4,-1,-0.00041192444141250543
TEAD3,NFATC4,1,0.2723614426305396
LEF1,NFATC4,-1,-0.0011727718702722323
HMGA2,NFATC4,1,0.03490202725178577
SPI1,NFATC4,-1,-0.11573576511218395
SOX2,NFATC4,-1,-0.01600672443720255
POU3F3,NFATC4,-1,-0.056174407208602596
PATZ1,NFATC4,1,0.15170405791396818
TRAF4,NFATC4,-1,-0.08752662184865773
POU3F4,NFATC4,-1,-0.019531344313764243
MAFK,NFATC4,1,0.05401464984180716
MZF1,NFATC4,1,0.10203335587225498
RFX1,NFATC4,-1,-0.023856118838161505
RUNX1,NFATC4,-1,-0.0015876614548359965
PLAGL1,NFATC4,1,0.031836763406700073
HOXB3,NFATC4,1,0.06304777642336339
EMX2,NFATC4,1,0.07215338487089118
EGR1,NFATC4,-1,-0.054658232681220234
IRF1,NFATC4,-1,-0.04891374186469144
FOXF2,NFATC4,1,0.10286046309051272
RUNX2,NFATC4,1,0.01736152308474626
NR2C2,NFATC4,1,0.019021205626955525
PKNOX2,NFATC4,-1,-0.10559206672763466
FOXD3,NFATC4,1,0.009459970391270412
HOXD13,NFATC4,1,0.012521954785398727
IRF2,NFATC4,-1,-0.03033514820368817
FOXO4,NFATC4,-1,-0.17436157328338617
SMAD4,NFATC4,-1,-0.0365451881278139
SMAD3,NFATC4,1,0.036069651622021394
TGIF2,NFATC4,1,0.08353723561405665
DLX6,NFATC4,-1,-0.00597205478357816
HOXA3,NFATC4,1,0.06552602208259706
TEAD4,NFATC4,-1,-0.0009955413893497115
SIX6,NFATC4,-1,-0.07041036234771278
MSX1,NFATC4,-1,-0.015083994946707167
ETS2,NFATC4,-1,-0.026859832565118008
PPARA,NFATC4,1,0.07766015532535474
BCL6,NFATC4,1,0.0052518111966093845
TFAP2A,NFATC4,1,0.006127338778533369
EN1,NFATC4,-1,-0.01311209614993005
ZNF35,NFATC4,1,0.05940508552137574
ELF3,HLF,-1,-0.09783825539037153
MEF2A,HLF,1,0.4574343429144475
STAT4,HLF,1,0.5589620136145135
SP1,HLF,-1,-0.017122818971284953
KLF11,HLF,1,0.061556578215041215
SP4,HLF,-1,-0.0866933447302992
TEAD3,HLF,-1,-0.0043760675667534315
KLF15,HLF,1,0.151044692584234
JDP2,HLF,1,3.4689713616212427e-06
SPI1,HLF,-1,-0.16275913431730207
SOX2,HLF,-1,-0.05900108705867008
POU3F3,HLF,1,0.11285142055349874
PATZ1,HLF,1,0.10723911341274715
CEBPA,HLF,1,0.07599549008919941
TCF3,HLF,-1,-0.06580001146694421
JUN,HLF,-1,-0.054153982894199065
TAL1,HLF,1,0.1899857159967144
ELF4,HLF,-1,-0.27176014307599344
EGR1,HLF,1,0.04057542096458805
IRF1,HLF,-1,-0.04905726198462642
SATB1,HLF,1,0.0744662417564315
TFAP2C,HLF,1,0.07570959741622536
MAX,HLF,1,0.09253050979545031
FOXD3,HLF,-1,-0.0006165106002048759
IRF2,HLF,1,0.016667657067713514
SMAD4,HLF,1,0.03745521802027021
ATF2,HLF,1,0.018678665417769344
NR2F1,HLF,1,0.2099543800298606
CREB5,HLF,-1,-0.05623840900734824
IRF7,HLF,-1,-0.03138826494923381
TCF7L2,HLF,1,0.10106343260222739
TBX5,HLF,-1,-0.02094943129786036
AR,HLF,1,0.009060132848608755
MAFB,HLF,-1,-0.06520382090307526
ARID3A,HLF,-1,-0.1589635464862611
TBP,HLF,1,0.005745269435893778
BCL6,HLF,-1,-0.1102373862563466
ZNF35,HLF,-1,-0.05179759335789022
MEF2D,ARID3A,1,0.04026776656044004
RARA,ARID3A,1,0.0036052450302699107
ELF3,ARID3A,1,0.08032763901716965
HOXD10,ARID3A,-1,-0.0051574561399536385
SOX21,ARID3A,-1,-0.08699210943854102
ETS1,ARID3A,1,0.04063196761792344
MEF2A,ARID3A,1,0.01831396903182755
TP53,ARID3A,1,0.03159206428203712
KLF11,ARID3A,1,0.011460618566617753
SP4,ARID3A,1,0.0005888094995911656
KLF15,ARID3A,-1,-0.010383439275145715
SOX13,ARID3A,1,0.008168728549399418
SPI1,ARID3A,-1,-0.03898996020029242
SOX2,ARID3A,-1,-0.09365975747576417
SRF,ARID3A,1,0.05442256955266987
TBX2,ARID3A,1,0.06082655042091106
TCF3,ARID3A,1,0.05455194457443655
VDR,ARID3A,1,0.10338884893386095
IKZF1,ARID3A,1,0.08677209024421853
SOX11,ARID3A,1,0.048083728319035714
HOXB9,ARID3A,1,0.001976777063272538
ELF4,ARID3A,1,0.006992733865269837
HOXC11,ARID3A,1,0.018566588059713632
EGR1,ARID3A,-1,-0.024894263319431505
IRF1,ARID3A,1,0.0324373135715508
SATB1,ARID3A,1,0.009837855730721828
POU4F1,ARID3A,1,0.008837771545040589
KLF12,ARID3A,1,0.019821905709647696
FOXC2,ARID3A,1,0.005394667659001904
FLI1,ARID3A,1,0.08279540420828278
TBX5,ARID3A,1,0.0025202094717014798
FOXP3,ARID3A,1,0.0315789166576045
PPARA,ARID3A,1,0.057387701172634295
BCL6,ARID3A,1,0.03352874718418992
SREBF1,ARID3A,1,0.034413178132257985
TFAP2A,ARID3A,1,0.06808278872928004
CPEB1,ARID3A,1,0.15460532270301944
NR2F6,FOXM1,1,0.008495442823388993
NFIX,FOXM1,1,0.03603530138417068
SOX18,FOXM1,-1,-0.01661631692309054
NR1H2,FOXM1,-1,-0.0446994173240189
MYBL2,FOXM1,1,0.3206811281166525
SREBF2,FOXM1,1,0.05378175472480987
ELF3,FOXM1,1,0.020520121978568208
E2F1,FOXM1,1,0.16361101856944776
ZNF281,FOXM1,-1,-0.08329703190618133
FOXJ1,FOXM1,1,0.010629029869341215
TRIM28,FOXM1,1,0.03246131054176691
SP1,FOXM1,1,0.056478674342497474
SP4,FOXM1,-1,-0.02710284309225781
E2F4,FOXM1,-1,-0.02158136323863825
SOX4,FOXM1,-1,-0.015074654016791563
GABPA,FOXM1,-1,-0.005543236561630818
STAT5B,FOXM1,-1,-0.06246083380561413
LEF1,FOXM1,1,0.042414504691454274
KLF15,FOXM1,-1,-0.008462011439094393
HMGA2,FOXM1,1,0.07637492251228209
SPI1,FOXM1,-1,-0.03509953777133316
SOX2,FOXM1,1,0.013392084379962312
SRF,FOXM1,-1,-0.07635635158282965
THRA,FOXM1,1,0.05448928607037966
POU3F3,FOXM1,1,0.04569410342743134
TFE3,FOXM1,1,0.19461640564068963
TCF3,FOXM1,1,0.014925463970453098
MYCN,FOXM1,-1,-0.039320110259791465
SOX12,FOXM1,1,0.049799821875506446
NFATC1,FOXM1,1,0.0749863124443776
JUN,FOXM1,-1,-0.0021669189461086796
STAT5A,FOXM1,1,0.032228453444878
RUNX1,FOXM1,1,0.022067678328660943
SOX11,FOXM1,1,0.11639101763705054
TFAP2B,FOXM1,1,0.03553274197576231
EGR1,FOXM1,1,0.03430559965715227
IRF1,FOXM1,1,0.012455381973724703
MAX,FOXM1,-1,-0.08243245108388784
FOXD3,FOXM1,-1,-0.0006416580894001113
FOXO4,FOXM1,-1,-0.034898132786039586
FOXC1,FOXM1,-1,-0.01129291249624754
NR2F1,FOXM1,-1,-0.03805005265983611
TCF7L2,FOXM1,-1,-0.0655200090389647
TTF1,FOXM1,1,0.13087155642118492
E2F3,FOXM1,1,0.15624622450764672
RORA,FOXM1,-1,-0.006156043145493338
HOXB13,FOXM1,1,0.008410757969502166
TBX5,FOXM1,1,0.0016665974780545574
AR,FOXM1,1,0.03657168800501169
FOXP3,FOXM1,1,0.03964322083485265
TEAD4,FOXM1,1,0.08856627168605896
MAFB,FOXM1,-1,-0.10441535705832755
ZNF589,FOXM1,1,0.010241961689932104
MLX,FOXM1,1,0.15839790012591773
SREBF1,FOXM1,-1,-0.04511622018754726
NFIX,HOXC4,1,0.01923253701431709
MEOX2,HOXC4,-1,-0.023305982595054255
HOXC10,HOXC4,1,0.047618478742697805
NRF1,HOXC4,1,0.018753030052379476
RARA,HOXC4,1,0.0008328161788304705
ETS1,HOXC4,1,0.010157857155915077
SOX9,HOXC4,-1,-0.01978783681055115
ZNF281,HOXC4,1,0.03499357589195911
FOXJ1,HOXC4,1,0.004624746221606613
SP1,HOXC4,-1,-0.0008590153604300987
KLF11,HOXC4,-1,-0.050110889189526546
E2F4,HOXC4,-1,-0.0026725054471412302
NFYA,HOXC4,1,0.018070184557166444
HOXD9,HOXC4,1,0.02233142503492859
SOX15,HOXC4,1,0.0721884966434635
LEF1,HOXC4,-1,-0.02038922296360543
KLF15,HOXC4,-1,-0.010390618913122419
SPI1,HOXC4,1,0.016686515137728352
SOX2,HOXC4,1,0.04066189185567799
SRF,HOXC4,-1,-0.06839093541101361
POU3F3,HOXC4,-1,-0.026610308243524554
TRAF4,HOXC4,1,0.00898800500410372
CEBPA,HOXC4,-1,-0.0067987660407228655
TCF3,HOXC4,1,0.033513096638308516
ATF5,HOXC4,1,0.016557514527802786
SOX12,HOXC4,-1,-0.045079271911098534
TAL1,HOXC4,1,0.05487489948435509
XBP1,HOXC4,-1,-0.030040665631845858
RUNX1,HOXC4,1,0.01827774682678934
HOXC11,HOXC4,1,0.15283618650992228
EMX2,HOXC4,-1,-0.004368346190387139
EGR1,HOXC4,1,0.058417077810872534
IRF1,HOXC4,1,0.002344031639672739
RUNX2,HOXC4,1,0.007659542987041551
HOXC6,HOXC4,1,0.39029343093882646
PRRX1,HOXC4,-1,-0.01925055211413943
HOXD13,HOXC4,1,0.010873553501270044
NR2E1,HOXC4,-1,-0.045825466803841135
IRF2,HOXC4,-1,-0.0017557906088817065
LMO2,HOXC4,1,0.007844609571359754
BACH1,HOXC4,-1,-0.050931600670350255
NF1,HOXC4,1,0.01681553736579417
FOXC1,HOXC4,1,0.0032208734787104428
HOXA10,HOXC4,1,0.1259640750142888
SMAD3,HOXC4,-1,-0.004029841809534179
FOXO1,HOXC4,1,0.03356056872636454
NKX3-1,HOXC4,1,0.005088924629048824
IRF7,HOXC4,1,0.001448601063437733
POU3F2,HOXC4,1,0.03335956313870629
RFX3,HOXC4,-1,-0.011930680314216879
HOXA4,HOXC4,1,0.030276183594551406
SOX1,HOXC4,-1,-0.04031127679933373
PRDM4,HOXC4,1,0.027504675497155646
MSX1,HOXC4,1,0.05795390187128803
MAFB,HOXC4,1,0.01868290048032578
RUNX3,HOXC4,1,0.016121489990840905
FOXM1,HOXC4,1,0.05859970997811033
FOXO3,HOXC4,-1,-0.011326723164023398
TFAP2A,HOXC4,1,0.009591862931891036
NFIL3,HOXC4,1,0.020608676797944432
EN1,HOXC4,1,0.014765289393103733
NR2F6,TEAD1,1,0.05794860632196979
SOX18,TEAD1,-1,-0.06696437909496843
ELF5,TEAD1,-1,-0.18561067039852797
MEOX2,TEAD1,1,0.050583271058984663
ELK1,TEAD1,-1,-0.04370219228900062
FOSL1,TEAD1,1,0.14262230465109896
RARA,TEAD1,1,0.037441838452054635
SREBF2,TEAD1,-1,-0.015485795356324581
HOXD10,TEAD1,1,0.015350121352138191
ARID5A,TEAD1,-1,-0.13286795018465494
SOX21,TEAD1,-1,-0.027794660852205503
MEF2A,TEAD1,1,0.2351940407251362
TRIM28,TEAD1,1,0.025712216107352918
SP1,TEAD1,1,0.11679896936503013
HMGA1,TEAD1,1,0.003863452162111699
ZBTB7B,TEAD1,1,0.03540781735561045
SP4,TEAD1,1,0.02389228001486582
GABPA,TEAD1,1,0.009368921766319462
ETV6,TEAD1,1,0.05638358057610001
KLF15,TEAD1,1,0.03185281355191024
SOX13,TEAD1,1,0.015160593496620633
HMGA2,TEAD1,1,0.10444650405576535
JDP2,TEAD1,-1,-0.026483488352503123
SPI1,TEAD1,-1,-0.1317102340344751
EWSR1,TEAD1,1,0.08895589048741544
CEBPD,TEAD1,-1,-0.02918743389212995
PATZ1,TEAD1,-1,-0.10009088526047814
TRAF4,TEAD1,-1,-0.01674643727069048
POU3F4,TEAD1,1,0.04011468430930886
ZBTB16,TEAD1,1,0.04464571075501293
VDR,TEAD1,1,0.09257192536554054
JUN,TEAD1,1,0.04393631618036579
ZNF217,TEAD1,1,0.007635959842551186
XBP1,TEAD1,-1,-0.03962006107723067
SOX11,TEAD1,1,0.00024405174757612523
FOS,TEAD1,-1,-0.03461659184517216
IRF1,TEAD1,-1,-0.030288767222268493
FOXF2,TEAD1,-1,-0.005257735915528996
NR2C2,TEAD1,1,0.03627921937287039
SATB1,TEAD1,1,0.04367174539988007
PRRX1,TEAD1,-1,-0.014844605091450379
VAX2,TEAD1,1,0.0720216967378182
BRCA1,TEAD1,1,0.0330657244566695
PRDM1,TEAD1,1,0.08266000120501753
FOXO4,TEAD1,-1,-0.049561289148134895
SMAD4,TEAD1,-1,-0.09528822021130412
NKX2-2,TEAD1,1,0.0359296897069862
NR2F1,TEAD1,1,0.196086801754845
POU3F2,TEAD1,1,0.28606602556727606
TCF7L2,TEAD1,1,0.06736170410171706
ETV3,TEAD1,1,0.04030302712687068
MSX2,TEAD1,1,0.004951451382390761
AR,TEAD1,1,0.017502483052611376
TEAD4,TEAD1,-1,-0.04183086941734921
ARID3A,TEAD1,-1,-0.12677541794663166
TBP,TEAD1,-1,-0.018541921770411484
PPARA,TEAD1,1,0.10175863077806177
NKX6-1,TEAD1,-1,-0.026111526590074628
HOXA9,TEAD1,1,0.008362466786391413
PAX6,TEAD1,1,0.05050390957009079
EN1,TEAD1,1,0.013800262180398884
NR2F6,TBP,1,0.032387016101014424
SOX18,TBP,1,0.037026748059803015
MEOX2,TBP,-1,-0.04879962904606989
ELK1,TBP,1,0.045092498565739055
HOXC10,TBP,1,0.014769823407885473
LHX6,TBP,1,0.02978541041491948
RARA,TBP,1,0.005989739605618885
SREBF2,TBP,-1,-0.03589567053559225
ERF,TBP,1,0.08325199990101877
E2F1,TBP,1,0.048206666959554334
ETS1,TBP,-1,-0.03289961953286342
IRF8,TBP,1,0.13631434595783143
MEF2A,TBP,1,0.011928696518812017
AHR,TBP,-1,-0.011477112648774114
ZNF281,TBP,1,0.1116952653462104
FOXJ1,TBP,-1,-0.07351399063768624
TFEC,TBP,1,0.07145781100280471
SP1,TBP,-1,-0.038549537164641275
HMGA1,TBP,1,0.04079175751943706
SP4,TBP,-1,-0.12147601250224335
SOX4,TBP,1,0.022443882731892826
GABPA,TBP,1,0.176495968514504
ZNF282,TBP,1,0.004045324156859993
HOXD9,TBP,1,0.05937241309444777
ETV6,TBP,-1,-0.0022571279419629667
KLF15,TBP,1,0.020768403448798208
HMGA2,TBP,1,0.036332544755818603
SPI1,TBP,1,0.027653884043352377
POU3F3,TBP,-1,-0.10385333430367161
TRAF4,TBP,1,0.019156594811153928
CEBPA,TBP,-1,-0.06394570593786503
MAFK,TBP,-1,-0.013467282503154255
ZBTB16,TBP,-1,-0.02377411951855437
MYCN,TBP,1,0.04196889616483271
ELK3,TBP,1,0.0064289308281041254
VDR,TBP,-1,-0.018328158075897695
IKZF1,TBP,-1,-0.17550514847399712
RFX2,TBP,1,0.082348806238151
JUN,TBP,-1,-0.04881902058232585
ETV4,TBP,1,0.0077992076393967515
SOX11,TBP,-1,-0.01050005411444138
HOXC11,TBP,1,0.06779554136912416
EGR1,TBP,1,0.03073210345347335
IRF1,TBP,-1,-0.018386500569245137
VAX2,TBP,-1,-0.1306547354507987
FOXD3,TBP,-1,-0.004223969424803838
HOXD13,TBP,-1,-0.025606669300384282
NR2E1,TBP,1,0.020730821404739606
IRF2,TBP,1,0.000628125822026352
POU4F1,TBP,1,0.0312821221091235
PRDM1,TBP,-1,-0.06447797052626045
FOXO4,TBP,1,0.014050897000558988
FOXC1,TBP,1,0.02339027771062788
ETV5,TBP,1,0.009358813958485613
HOXA10,TBP,1,0.014969305397431073
FOXO1,TBP,-1,-0.021388595727778834
MEIS1,TBP,-1,-0.07703675650112214
IRF7,TBP,-1,-0.02710230840389599
POU3F2,TBP,1,0.16869330523148884
DLX6,TBP,1,0.07888813535653542
FEV,TBP,-1,-0.015404393324605485
HOXB2,TBP,1,0.007568988850048403
ETV3,TBP,1,0.01657843930053874
HOXB13,TBP,-1,-0.053812819032449
HOXC4,TBP,1,0.013006243972986553
ELF2,TBP,1,0.164032468784582
FOXO3,TBP,1,0.12425692064917787
TFAP2A,TBP,1,0.06568909814516193
CPEB1,TBP,1,0.03907027371792468
EN1,TBP,-1,-0.006809919448423511
ZNF35,TBP,1,0.15642075428130633
NR2F6,ZNF589,-1,-0.05721540851789172
MEF2D,ZNF589,1,0.03126214229069459
ELF5,ZNF589,1,0.24780582354099084
HOXC10,ZNF589,1,0.11624839314227305
RARA,ZNF589,-1,-0.042889136926209964
SREBF2,ZNF589,1,0.018590654640315323
ELF3,ZNF589,1,0.17749796562923328
HOXD10,ZNF589,1,0.08946685415310807
SOX21,ZNF589,-1,-0.04139429268459476
ETS1,ZNF589,-1,-0.024164222359565467
IRF8,ZNF589,1,0.012424955081322254
MEF2A,ZNF589,1,0.05320061236957117
SOX9,ZNF589,-1,-0.0501528252702798
ZNF281,ZNF589,1,0.032282963849264545
FOXJ1,ZNF589,-1,-0.03507253464492218
ZBTB33,ZNF589,1,0.006975859502546038
HOXC13,ZNF589,-1,-0.010072183574967612
GBX2,ZNF589,1,0.019485193373348707
NFYA,ZNF589,1,0.03652918565723467
RXRA,ZNF589,1,0.0649177274663846
GATA6,ZNF589,1,0.03744212756565637
LEF1,ZNF589,1,0.07082406172949372
SOX2,ZNF589,1,0.12391060933930616
SRF,ZNF589,1,0.06829875730389037
POU3F3,ZNF589,1,0.07399435424190785
CEBPD,ZNF589,-1,-0.008026416698268129
PPARG,ZNF589,1,0.005001743889968236
POU3F4,ZNF589,1,0.018810646111576665
CEBPA,ZNF589,1,0.02769561158385218
MAFK,ZNF589,1,0.05255513284945481
TCF3,ZNF589,1,0.05386332398119307
VDR,ZNF589,-1,-0.12476964756623167
IKZF1,ZNF589,1,0.04732967564223564
NFATC1,ZNF589,-1,-0.06625207254211228
JUN,ZNF589,-1,-0.01703421695779126
CEBPG,ZNF589,-1,-0.032011974475204374
TAL1,ZNF589,-1,-0.018022111409140815
ZNF217,ZNF589,1,0.042544842480928616
RUNX1,ZNF589,-1,-0.09266052418728661
HOXB9,ZNF589,-1,-0.1097343379524494
HOXC11,ZNF589,-1,-0.004157584338973516
EMX2,ZNF589,1,0.01997164563442879
IRF1,ZNF589,1,0.04960466424062962
NR2C2,ZNF589,1,0.11930536350504652
SATB1,ZNF589,-1,-0.002741936049107711
TFAP2C,ZNF589,-1,-0.04753909036604061
ONECUT2,ZNF589,1,0.22103562086222092
HOXD13,ZNF589,-1,-0.03626024731358131
HOXB6,ZNF589,1,0.045793389645123486
POU4F1,ZNF589,-1,-0.021833829056733138
PRDM1,ZNF589,-1,-0.0846206466628116
FOXO4,ZNF589,1,0.008745042316615064
NF1,ZNF589,1,0.052254839452077304
FOXC1,ZNF589,-1,-0.11909867356123885
ETV5,ZNF589,-1,-0.06365862239953335
HOXA10,ZNF589,-1,-0.04577109522800356
FOXO1,ZNF589,1,0.07597329938010224
FOXC2,ZNF589,-1,-0.10363636503536841
NKX3-1,ZNF589,-1,-0.03555946670418271
NR2F1,ZNF589,1,0.016653222867920425
POU3F2,ZNF589,-1,-0.06474518236571379
HOXD11,ZNF589,-1,-0.11595919227850024
SOX1,ZNF589,-1,-0.0013435886965727638
AR,ZNF589,-1,-0.0073733634627890675
MAFB,ZNF589,1,0.00634721172903761
NR4A1,ZNF589,1,0.01133270549759076
RARG,ZNF589,1,0.12929191955118055
ARID3A,ZNF589,1,0.09359718470975542
TBP,ZNF589,-1,-0.07649459895724521
FOXO3,ZNF589,1,0.042653164528118834
PPARA,ZNF589,1,0.12931370258143063
BCL6,ZNF589,1,0.13824984628903703
E2F8,ZNF589,1,0.077179445327883
TFAP2A,ZNF589,1,0.025449183443452025
HOXA9,ZNF589,1,0.055129509883079464
NFIL3,ZNF589,-1,-0.1062550888104044
EN1,ZNF589,1,0.018056020031198692
ZNF35,ZNF589,1,0.1184699616022103
NR2F6,ELF2,-1,-0.04007948787012369
HSF1,ELF2,-1,-0.021119914244867703
SOX18,ELF2,-1,-0.014545536560948516
ELF5,ELF2,1,0.026181303937666264
ELK1,ELF2,-1,-0.026254789676346153
HOXD10,ELF2,-1,-0.009633987771684416
ARID5A,ELF2,1,0.012130513448900114
SOX21,ELF2,-1,-0.05763898549229442
MEF2A,ELF2,1,0.06334768764747217
AHR,ELF2,1,0.01674842602370234
ZNF281,ELF2,1,0.07256345108309022
HMGA1,ELF2,-1,-0.04851841016162752
KLF11,ELF2,1,0.06876279285285039
SP4,ELF2,1,0.09530571295832244
ZNF282,ELF2,1,0.022994445474208324
GATA6,ELF2,1,0.02046807053392622
STAT5B,ELF2,1,0.04243150647999522
ELF1,ELF2,1,0.009098875754118161
POU3F3,ELF2,-1,-0.006203827862041153
PATZ1,ELF2,-1,-0.01926392905463208
RFX2,ELF2,1,0.009314018129707667
EGR1,ELF2,-1,-0.025513403655613203
SMAD4,ELF2,1,0.24261253969471247
MEIS1,ELF2,1,0.028227144973520385
POU3F2,ELF2,1,0.013657017046193615
MAZ,ELF2,1,0.05366205591682037
TTF1,ELF2,1,0.1484859948093092
AR,ELF2,1,0.03326776848517519
TEAD4,ELF2,1,0.009018505381344716
MSX1,ELF2,1,0.018629074564222105
ETS2,ELF2,-1,-0.018127304165389366
TBP,ELF2,1,0.042828565833922354
FOXO3,ELF2,1,0.04483081182683971
BCL6,ELF2,1,0.025339711342623816
RFX5,ELF2,1,0.07189635079211099
ERG,MLX,-1,-0.007691363747677232
ETV1,MLX,1,0.13368980382557802
NFIX,MLX,-1,-0.0858940949115162
HSF1,MLX,1,0.11268603943948617
MYBL2,MLX,1,0.06881598728953947
RARA,MLX,1,0.04504147034571759
ETS1,MLX,-1,-1.3278524092638377e-07
SOX9,MLX,-1,-0.015608920125636614
TFEC,MLX,1,0.14298832822081478
SP1,MLX,-1,-0.1067476137028339
GABPA,MLX,1,0.14840999243729056
ZNF282,MLX,-1,-0.03169974556239207
ELF1,MLX,1,0.09229124821883991
SPI1,MLX,1,0.028299015009605792
PPARG,MLX,1,0.1860496211890397
ELF4,MLX,1,0.06448909684513844
RUNX2,MLX,-1,-0.01609416535561545
NF1,MLX,-1,-0.1458085524061073
TBP,MLX,1,0.3370193484106258
PPARA,MLX,-1,-0.041015538452293554
TFAP4,MLX,-1,-0.06052774431308035
ETV1,FOXO3,1,0.03162963705976234
NFIX,FOXO3,1,0.03484448950466488
MEOX2,FOXO3,-1,-0.03271227679669782
HOXC10,FOXO3,1,0.039756486081821224
SOX21,FOXO3,-1,-0.03883541921044739
ETS1,FOXO3,1,0.00012374381762020545
IRF8,FOXO3,-1,-0.07105215131592196
AHR,FOXO3,-1,-0.048545104016039835
FOXJ1,FOXO3,-1,-0.005257047445196498
TRIM28,FOXO3,1,0.06374293171546394
SP1,FOXO3,1,0.07941003053824609
HMGA1,FOXO3,-1,-0.008179224734523925
SP4,FOXO3,1,0.0023565523066945
SOX4,FOXO3,1,0.011779087882398624
SIRT6,FOXO3,-1,-0.009836435534014781
ZNF282,FOXO3,1,0.07803750257723138
HOXD9,FOXO3,1,0.004492006694687234
SOX15,FOXO3,-1,-0.11702935352197769
KLF15,FOXO3,1,0.05333750387707505
SRF,FOXO3,1,0.016714882885542175
EWSR1,FOXO3,1,0.009034983210586654
PATZ1,FOXO3,1,0.042148218696374015
TRAF4,FOXO3,-1,-0.06245781592812108
POU3F4,FOXO3,-1,-0.030089701714219798
MYCN,FOXO3,-1,-0.009219512031148085
IKZF1,FOXO3,1,0.008888479460774434
ATF5,FOXO3,-1,-0.08373433572793983
RFX2,FOXO3,-1,-0.048220432819913506
CEBPG,FOXO3,-1,-0.005933993299956423
XBP1,FOXO3,-1,-0.003509893187128188
ELF4,FOXO3,1,0.036821230912777586
IRF1,FOXO3,-1,-0.03641972741575095
SATB1,FOXO3,1,0.09229178537439309
PRRX1,FOXO3,1,0.02314330095041907
MAF,FOXO3,-1,-0.033181347634254336
NR2E1,FOXO3,1,0.11575688437220198
PRDM1,FOXO3,1,0.04603192900737192
FOXO4,FOXO3,1,0.050354625214952826
NF1,FOXO3,1,0.1309899306516368
HOXA10,FOXO3,-1,-0.047403314265968284
SMAD3,FOXO3,-1,-0.021272693939740222
CDC5L,FOXO3,1,0.24124897365044512
FOXO1,FOXO3,1,0.2132433473789419
MEIS1,FOXO3,1,0.07619829423884554
PITX1,FOXO3,-1,-0.01300991298383391
POU3F2,FOXO3,1,0.09982809787637287
RORA,FOXO3,1,0.12852611381526352
FLI1,FOXO3,1,0.022725115072896335
HOXB13,FOXO3,1,0.03985170217986765
TBX5,FOXO3,1,0.009777241172692998
HOXA3,FOXO3,-1,-0.018603173906407793
TEAD4,FOXO3,-1,-0.003508540335910022
MSX1,FOXO3,-1,-0.08878243158004231
MAFB,FOXO3,1,0.04685276494577967
ETS2,FOXO3,1,0.07380792265734734
RARG,FOXO3,-1,-0.053216939820297855
HLF,FOXO3,1,0.03030981784898487
TBP,FOXO3,1,0.04956578098461127
PPARA,FOXO3,1,0.03059887254970795
BCL6,FOXO3,1,0.05698499418758797
ASCL2,FOXO3,-1,-0.00926301277975193
TFAP2A,FOXO3,1,0.027816946540277346
ZNF35,FOXO3,-1,-0.0976090933715665
MYBL2,PPARA,-1,-0.03156459932044998
NRF1,PPARA,1,0.13658414885739756
SREBF2,PPARA,1,0.14841192597425176
E2F1,PPARA,-1,-0.13182464431712831
ETS1,PPARA,1,0.017112091500108065
SOX9,PPARA,1,0.026980337320491096
STAT4,PPARA,1,0.004685965162601602
SP1,PPARA,1,0.06266923348981525
TP53,PPARA,-1,-0.058825812978662385
ZBTB7B,PPARA,1,0.1700632708278559
SP4,PPARA,1,0.03624440165661206
SOX4,PPARA,-1,-0.028546218898197574
STAT5B,PPARA,-1,-0.08401776766541776
KLF15,PPARA,1,0.10167001147051248
ELF1,PPARA,1,0.037636795395339526
SPI1,PPARA,-1,-0.06440928110870775
SOX2,PPARA,-1,-0.1026623647605923
SF1,PPARA,-1,-0.07105789427904724
PATZ1,PPARA,1,0.08213158517111618
NFATC1,PPARA,-1,-0.03363307390134899
NKX2-5,PPARA,-1,-0.040363676786141216
STAT5A,PPARA,1,0.015355880460077707
NR5A2,PPARA,1,0.009987424859527591
ZEB1,PPARA,1,0.04601089246573177
TFAP2B,PPARA,1,0.08657053611873886
EGR1,PPARA,-1,-0.07997926084073684
TFAP2C,PPARA,1,0.026326995027762375
BRCA1,PPARA,1,0.008437854972253836
BACH1,PPARA,1,0.13494074757951185
NF1,PPARA,1,0.20521612563080205
ETV5,PPARA,1,0.006982554429434792
NKX3-1,PPARA,1,0.14631911436520617
RORA,PPARA,1,0.12881611902107573
FLI1,PPARA,1,0.08928341584138401
TBX5,PPARA,1,0.06119167930859145
AR,PPARA,1,0.0904304925303797
NR2F6,BCL6,1,0.012411373220032688
BRF1,BCL6,-1,-0.05119631739355076
NFIX,BCL6,1,0.0014999474918628338
MEF2D,BCL6,1,0.017717373871354847
SOX18,BCL6,-1,-0.017272881117952055
MYBL2,BCL6,-1,-0.021590745366123525
ELF5,BCL6,1,0.05992827969595393
MEOX2,BCL6,-1,-0.05212937022090747
LHX6,BCL6,-1,-0.03872758450320375
RARA,BCL6,1,0.026264893668434854
ELF3,BCL6,1,0.11973789530905973
ARID5A,BCL6,1,0.018750636711060902
SOX21,BCL6,1,0.009471315643264278
AHR,BCL6,1,0.018012322290906733
SOX9,BCL6,1,0.03340720910091334
PLAG1,BCL6,1,0.03492650540094627
TRIM28,BCL6,-1,-0.1031195213752219
ZNF219,BCL6,-1,-0.044878930742143656
TP53,BCL6,-1,-0.009954579390106343
SP4,BCL6,-1,-0.027618243088232138
SOX4,BCL6,1,0.0731495022949591
NFYA,BCL6,-1,-0.033388239984742114
GABPA,BCL6,-1,-0.025034141841377693
ZNF282,BCL6,-1,-0.001370114278267168
HOXD9,BCL6,1,0.011478926677944335
SOX15,BCL6,-1,-0.03822727994462604
STAT5B,BCL6,1,0.0647089364204076
TEAD3,BCL6,-1,-0.014143019084659413
LEF1,BCL6,-1,-0.027382309606317882
SOX13,BCL6,1,0.04361612311601042
HMGA2,BCL6,1,0.0071594475617965435
JDP2,BCL6,1,0.0019053134241474223
SOX2,BCL6,1,0.12715573089193846
SRF,BCL6,1,0.006592482483664039
THRA,BCL6,-1,-0.05617886882637015
SF1,BCL6,1,0.13218196119177628
POU3F3,BCL6,-1,-0.05508189616187648
PPARG,BCL6,-1,-0.05015470882180795
TBX2,BCL6,-1,-0.0039469531991460135
TRAF4,BCL6,-1,-0.04892294535120476
CEBPA,BCL6,-1,-0.017839988287332725
MAFK,BCL6,1,0.014964651422114105
ZBTB16,BCL6,1,0.2102000429562494
NFKB1,BCL6,1,0.015496862312957951
TCF3,BCL6,1,0.05450322911226892
MZF1,BCL6,1,0.24138555926558963
ATF5,BCL6,1,0.03639973870561491
SOX12,BCL6,-1,-0.00554195177688715
NFATC1,BCL6,1,0.03282500166453435
TAL1,BCL6,1,0.0006668446101833581
SOX11,BCL6,1,0.004801078233876335
ELF4,BCL6,-1,-0.10779908181683416
HOXC11,BCL6,-1,-0.06058947517982104
HOXB3,BCL6,-1,-0.008939967462013039
ZEB1,BCL6,1,0.05356036070834903
TFAP2B,BCL6,-1,-0.08331497857749565
PRRX1,BCL6,1,0.05583811370712196
MAF,BCL6,-1,-0.03744683272117891
IRF2,BCL6,-1,-0.0030240009903771147
POU4F1,BCL6,-1,-0.004897615763801547
PRDM1,BCL6,-1,-0.0027905579550808117
FOXO4,BCL6,1,0.06945164135744977
BACH1,BCL6,1,0.0337016167635468
NF1,BCL6,-1,-0.03758421171041473
TFEB,BCL6,1,0.023388753767521493
SCRT1,BCL6,1,0.02191907322974609
SMAD3,BCL6,1,0.029974515027222683
FOXO1,BCL6,1,0.031819119295637535
NR2F1,BCL6,1,0.0050067380501429256
TCF7L2,BCL6,1,0.0200211919525155
TTF1,BCL6,1,0.022617617712473583
VBP1,BCL6,-1,-0.008277042477583405
RORA,BCL6,1,0.08515609459420662
HOXA4,BCL6,1,0.031556563686448984
SOX1,BCL6,-1,-0.04262064209124282
AR,BCL6,1,0.04280755186960659
TEAD4,BCL6,1,0.060738360383075576
SIX6,BCL6,-1,-0.01866468399008405
MSX1,BCL6,1,0.02215222022710058
MAFB,BCL6,1,0.1779314057244447
NR4A1,BCL6,1,0.01966119581376774
RARG,BCL6,1,0.014878390017649174
RUNX3,BCL6,-1,-0.07729392100067586
PEG10,BCL6,-1,-0.02370659471902456
NFATC4,BCL6,1,0.0016173761315909638
HLF,BCL6,-1,-0.04372928094164728
FOXM1,BCL6,1,0.027189718803682688
TBP,BCL6,-1,-0.018664086599739
ELF2,BCL6,1,0.03400980146716126
SREBF1,BCL6,1,0.04562783988388077
NKX6-1,BCL6,-1,-0.00776538748777892
HOXA9,BCL6,1,0.021450108028483524
NFIL3,BCL6,1,0.19271435614489618
PAX6,BCL6,-1,-0.17260893451010872
ZNF35,BCL6,-1,-0.030722309785948494
ERG,SREBF1,-1,-0.289026367069715
ETV1,SREBF1,-1,-0.047116036235291724
BRF1,SREBF1,1,0.07375461103844236
MEOX2,SREBF1,1,0.002705095352980482
ELK1,SREBF1,-1,-0.006916230662455019
FOSL1,SREBF1,1,0.19104675948590974
ESRRG,SREBF1,1,0.04188025236584548
ZNF652,SREBF1,1,0.05844155732036284
CNOT3,SREBF1,-1,-0.04218980346869727
SREBF2,SREBF1,1,0.10038665580228266
HOXD10,SREBF1,-1,-0.0005257715957728823
E2F1,SREBF1,1,0.019948453283437296
PLAG1,SREBF1,-1,-0.019156405339804373
SP1,SREBF1,1,0.06048746524743249
HMGA1,SREBF1,-1,-0.0456604567983723
TP53,SREBF1,1,0.018338262764757786
SP4,SREBF1,-1,-0.09942515531578132
SOX4,SREBF1,-1,-0.0012623061034308853
SOX17,SREBF1,-1,-0.03175933314466826
RXRA,SREBF1,1,0.264454300770613
SOX15,SREBF1,1,0.0015940703835958941
KLF15,SREBF1,-1,-0.01944532382772802
ELF1,SREBF1,1,0.11061096297938518
SPI1,SREBF1,1,0.02946380059369006
THRA,SREBF1,1,0.11728889743708161
CEBPD,SREBF1,1,0.08145279378305985
PPARG,SREBF1,1,0.08369704056757385
ATF7,SREBF1,1,0.003422144269590067
POU3F4,SREBF1,1,0.013552023751364517
ELK3,SREBF1,-1,-0.027918358388288635
MZF1,SREBF1,1,0.043759235178750744
SOX12,SREBF1,-1,-0.09813916817466724
NFATC1,SREBF1,-1,-0.11962363055057028
RFX1,SREBF1,-1,-0.017490920251685072
CEBPG,SREBF1,-1,-0.02169910729240401
STAT5A,SREBF1,1,0.15246788089791233
RUNX1,SREBF1,-1,-0.09373311332887879
SOX11,SREBF1,-1,-0.009184105517989061
HBP1,SREBF1,-1,-0.06603191589226447
ZEB1,SREBF1,-1,-0.07844036418305479
ELK4,SREBF1,1,0.004762778422383284
EGR1,SREBF1,1,0.0066203262868516285
IRF1,SREBF1,1,0.032040271841429664
NR2E1,SREBF1,1,0.13753163494957366
POU4F1,SREBF1,1,0.01450065054838469
BACH1,SREBF1,1,0.020915316621924848
ETV5,SREBF1,1,0.036403839624067166
NR2F1,SREBF1,1,0.09776438228140925
MEIS1,SREBF1,1,0.024691139374333614
CREB5,SREBF1,-1,-0.09100522213565532
POU3F2,SREBF1,1,0.03980042418863239
FLI1,SREBF1,-1,-0.0005257378701556373
SOX1,SREBF1,1,0.028638264080570748
HOXB13,SREBF1,-1,-0.013259091918050912
ZNF350,SREBF1,1,0.06808859335720806
SIX6,SREBF1,-1,-0.03292892243619486
NFATC4,SREBF1,1,0.16944676295443623
FOXM1,SREBF1,-1,-0.09041066483760819
PPARA,SREBF1,1,0.09754355863586635
PAX6,SREBF1,1,0.03952924802256933
CPEB1,SREBF1,1,0.13948345436889367
SOX18,NKX6-1,1,0.020842268094070738
ELF5,NKX6-1,1,0.21805116073171305
MEOX2,NKX6-1,-1,-0.033811969230217065
SP1,NKX6-1,-1,-0.03441797248127264
SP4,NKX6-1,1,0.03742762109017436
SOX4,NKX6-1,1,0.0009280933442773815
RXRA,NKX6-1,1,0.013663256911609573
HOXD9,NKX6-1,1,0.05538197587684751
LEF1,NKX6-1,-1,-0.01831196941959178
KLF15,NKX6-1,-1,-0.05612243255561808
SOX13,NKX6-1,1,0.042704335041873355
SOX2,NKX6-1,-1,-0.02517546446987529
TRAF4,NKX6-1,-1,-0.0007958942480211068
RFX2,NKX6-1,1,0.012070924814618144
SOX12,NKX6-1,1,0.06114886846768127
RFX1,NKX6-1,1,0.05255287486088894
JUN,NKX6-1,-1,-0.004386054680165149
HOXB9,NKX6-1,1,0.1313351143066738
TFAP2B,NKX6-1,1,0.11269105910265687
MAF,NKX6-1,1,0.0712882331611422
FOXD3,NKX6-1,1,0.16694736392343965
HOXD13,NKX6-1,1,0.07047200043148762
IRF7,NKX6-1,-1,-0.027276278955721836
AR,NKX6-1,1,0.0064843457001170285
HOXA9,NKX6-1,1,0.028226909553255207
NFIX,E2F8,-1,-0.043624473936918866
SOX18,E2F8,-1,-0.0252497436228506
NR1H2,E2F8,-1,-0.09556831109587463
KLF13,E2F8,-1,-0.030754210324405565
HEY2,E2F8,-1,-0.03327533246311797
ELF3,E2F8,1,0.18639449370425257
E2F1,E2F8,1,0.21079378432619053
FOXJ1,E2F8,-1,-0.009570154701702258
TRIM28,E2F8,1,0.023421317596168296
GBX2,E2F8,1,0.00721728186649399
NFYA,E2F8,-1,-0.00545198680166874
HOXD9,E2F8,-1,-0.008455542931535432
LEF1,E2F8,1,0.05146220818328257
SOX13,E2F8,-1,-0.012101546941754195
SPI1,E2F8,-1,-0.012668908331561089
CEBPG,E2F8,1,0.020189843511782452
RUNX1,E2F8,1,0.014870432135640477
SOX11,E2F8,1,0.006045853540428201
ELF4,E2F8,1,0.16899194458193356
IRF1,E2F8,1,0.01198092916498122
NR2C2,E2F8,1,0.007448950441991616
MAF,E2F8,-1,-0.02862680206508595
TFAP2C,E2F8,1,0.005332277023062634
NF1,E2F8,1,0.03395253347009423
HOXA10,E2F8,1,0.028979266893888297
SMAD3,E2F8,1,0.012682569440063534
FOXO1,E2F8,1,0.060439216507591736
POU3F2,E2F8,1,0.060049212000499175
MAZ,E2F8,1,0.0955660125032967
VBP1,E2F8,1,0.02391466816918757
E2F3,E2F8,1,0.046825729612010744
ZNF232,E2F8,1,0.09103299814116723
AR,E2F8,1,0.03570943364974098
MAFB,E2F8,-1,-0.030003905862372147
RUNX3,E2F8,1,0.025616873499151527
HLF,E2F8,-1,-0.007971314103179923
ARID3A,E2F8,1,0.007431765247141252
HOXC4,E2F8,1,0.021042665126705756
ASCL2,E2F8,1,0.05212920463389227
PAX6,E2F8,1,0.04983714878221683
EN1,E2F8,-1,-0.0002360285466184709
HEY2,ASCL2,-1,-0.014367974351803087
SOX9,ASCL2,1,0.03870583898591417
ZNF281,ASCL2,1,0.008410629770641968
TRIM28,ASCL2,-1,-0.08705916338532557
SP1,ASCL2,-1,-0.08070481183808202
NEUROD1,ASCL2,1,0.04830910855157794
ZNF219,ASCL2,1,0.07735428045762516
KLF11,ASCL2,1,0.020164823921209322
SP4,ASCL2,1,0.026694344025859334
E2F4,ASCL2,-1,-0.08220855010626889
NFYA,ASCL2,-1,-0.06574572477745773
KLF15,ASCL2,-1,-0.02944605620519251
SOX2,ASCL2,-1,-0.059389974319320867
ESR2,ASCL2,1,0.11802539673434849
CEBPA,ASCL2,1,0.0894566917478106
MAFK,ASCL2,1,0.03325677451275443
TCF3,ASCL2,1,0.04722517252713621
RUNX1,ASCL2,1,0.036165842801417505
EGR2,ASCL2,-1,-0.032238720189714146
EGR1,ASCL2,1,0.00048795317608761265
MAX,ASCL2,1,0.09259911434946791
SMAD4,ASCL2,1,0.034977604017120266
SMAD3,ASCL2,1,0.025948541303489676
MAZ,ASCL2,1,0.20323589409353163
IRF5,ASCL2,1,0.27834416062766637
PPARA,ASCL2,1,0.003135947872010862
TFAP2A,ASCL2,1,0.06707084995430217
NR2F6,TFAP2A,-1,-0.030809444306965514
ARNT,TFAP2A,-1,-0.005501114392556586
SOX18,TFAP2A,1,0.01760175534677081
NR1H2,TFAP2A,-1,-0.008676738173957482
ELF5,TFAP2A,1,0.044000709500069235
TFCP2,TFAP2A,1,0.0151887128618869
FOSL1,TFAP2A,1,0.05977551490499107
NRF1,TFAP2A,-1,-0.006211240421520776
RARA,TFAP2A,1,0.03902836022560394
ELF3,TFAP2A,1,0.011526442321269514
E2F1,TFAP2A,1,0.011074782781313266
ARID5A,TFAP2A,1,0.01835534551461868
AHR,TFAP2A,1,0.039803293732666965
SOX9,TFAP2A,-1,-0.060234463652930635
FOXJ1,TFAP2A,-1,-0.024607939266470587
TRIM28,TFAP2A,-1,-0.015919582144229692
SP1,TFAP2A,-1,-0.015075238552747276
NEUROD1,TFAP2A,1,0.05535442449347243
TP53,TFAP2A,1,0.007903532511150935
ZBTB7B,TFAP2A,-1,-0.037491969601318
KLF11,TFAP2A,1,0.01895725523598399
HOXC13,TFAP2A,1,0.11249084536208129
SOX4,TFAP2A,1,0.08430671760133912
GBX2,TFAP2A,-1,-0.005023981288014309
HMGA2,TFAP2A,1,0.07895395995336575
POU3F3,TFAP2A,1,0.02245366586903523
CEBPD,TFAP2A,-1,-0.04107452250699661
ESR2,TFAP2A,1,0.029372079375545344
PATZ1,TFAP2A,1,0.017287025140353615
POU3F4,TFAP2A,-1,-0.007623197302463946
ZBTB16,TFAP2A,-1,-0.004712100119688406
TCF3,TFAP2A,-1,-0.032496071216924646
SOX12,TFAP2A,1,0.05122325881063865
JUN,TFAP2A,1,0.0006834304674040813
CEBPG,TFAP2A,-1,-0.0209489833638487
FOS,TFAP2A,-1,-0.05659202061803344
TFAP2B,TFAP2A,1,0.2061999403612599
IRF1,TFAP2A,1,0.01684856471751692
FOXD3,TFAP2A,1,0.04576067831454148
HOXD13,TFAP2A,1,0.02064163037476417
LMO2,TFAP2A,-1,-0.005421655997412766
FOXO4,TFAP2A,1,0.01811285033283854
NKX2-2,TFAP2A,1,0.08321482532381504
NKX3-1,TFAP2A,1,0.01968158999618163
MAZ,TFAP2A,1,0.009808005634021918
FEV,TFAP2A,1,0.048469140092947754
AR,TFAP2A,1,0.019099320791617875
NR4A1,TFAP2A,1,0.06349405712914266
NFATC4,TFAP2A,1,0.012073291918997593
TBP,TFAP2A,1,0.04887462976179783
FOXO3,TFAP2A,1,0.04997895707753893
EN1,TFAP2A,1,0.033343261800802486
ZNF35,TFAP2A,-1,-0.02976070235244059
ETV1,HOXA9,-1,-0.0075918377351660345
NFKB2,HOXA9,1,0.010028123377457485
MYBL2,HOXA9,-1,-0.007694235401468897
ESRRG,HOXA9,1,0.001978669892533881
ELF3,HOXA9,1,0.03990327483639083
GTF2A1,HOXA9,-1,-0.0191940060391774
SOX9,HOXA9,-1,-0.004623963686992215
FOXJ1,HOXA9,1,0.002837650578119901
PLAG1,HOXA9,1,0.023217645475392745
STAT4,HOXA9,1,0.034942079948600456
NEUROD1,HOXA9,1,1.1793396113586722e-06
SP4,HOXA9,1,0.01638129229341457
HOXC13,HOXA9,1,0.053107591640410866
SOX17,HOXA9,1,0.011759088334592525
GBX2,HOXA9,1,0.03046245612630903
NFYA,HOXA9,1,0.017046749068350315
HOXD9,HOXA9,1,0.004737082068979119
SOX15,HOXA9,-1,-0.007008505283027928
ETV6,HOXA9,-1,-0.01706581816508173
SPI1,HOXA9,-1,-0.05422265716306256
SOX2,HOXA9,-1,-0.0033240202913737272
PPARG,HOXA9,1,0.022690013771360307
PATZ1,HOXA9,-1,-0.009630423782702877
TRAF4,HOXA9,-1,-0.007124458492125259
MYCN,HOXA9,1,0.015421960669710837
JUN,HOXA9,-1,-0.022441631448597007
CEBPG,HOXA9,-1,-0.0031953403113869107
NKX2-5,HOXA9,-1,-0.015763254402370804
XBP1,HOXA9,-1,-0.014487254899131463
HOXB9,HOXA9,1,0.05167182598532127
HOXC11,HOXA9,1,0.009967638055801115
EMX2,HOXA9,1,0.04851998719404067
HOXA10,HOXA9,1,0.5921499326389511
SOX1,HOXA9,1,0.0019135378091357342
HOXA3,HOXA9,1,0.03770716962346625
TEAD4,HOXA9,-1,-0.0029772544649445177
PRDM4,HOXA9,1,0.014385198031011575
NFATC4,HOXA9,1,0.003909415647139913
ARID3A,HOXA9,1,0.03407321635879042
E2F8,HOXA9,1,0.01659395386523076
TFAP2A,HOXA9,1,0.03603514164328883
ETV1,TBR1,-1,-0.0015945780078764178
MEOX2,TBR1,1,0.02089023341857152
HOXC10,TBR1,-1,-0.02584743894851526
LHX6,TBR1,1,0.4473841367062355
ESRRG,TBR1,1,0.07493290346155859
SREBF2,TBR1,1,0.024369247366985394
ELF3,TBR1,1,0.06334689310808823
HOXD10,TBR1,1,0.009456485499260849
IRF8,TBR1,1,0.02574610991270064
MEF2A,TBR1,1,0.031097909481898185
ZNF281,TBR1,1,0.04954575522192998
SP1,TBR1,-1,-0.08246974764192438
HMGA1,TBR1,-1,-0.0033414359644003684
TP53,TBR1,-1,-0.0016092560758603999
KLF11,TBR1,-1,-0.03563034926897072
SOX4,TBR1,-1,-0.01131550111082225
PBX1,TBR1,1,0.012105932896134404
GBX2,TBR1,1,0.004820055873359677
NFYA,TBR1,1,0.006214908615348856
LEF1,TBR1,-1,-0.015637086800322227
HMGA2,TBR1,1,0.012430648767628154
SOX2,TBR1,-1,-0.017633447863962128
SRF,TBR1,-1,-0.026916153322772758
POU3F3,TBR1,1,0.06601128586151095
EWSR1,TBR1,-1,-0.03663244078739607
CEBPD,TBR1,-1,-0.012250925580877222
MAFK,TBR1,1,0.04469882193232326
NFKB1,TBR1,-1,-0.014791697897076678
TCF3,TBR1,-1,-0.04330678061653034
TAL1,TBR1,1,0.043092028227601796
NKX2-5,TBR1,1,0.016021605637964495
ELF4,TBR1,-1,-0.0066779065563753025
HOXC11,TBR1,1,0.04833450525553302
VENTX,TBR1,1,0.009330829174495247
HOXB3,TBR1,1,0.03539957422357775
EMX2,TBR1,1,0.01969242704427713
IRF1,TBR1,1,0.0044997249938901205
PRRX1,TBR1,1,0.007426070722883948
HOXD13,TBR1,1,0.009260886170304643
NR2E1,TBR1,1,0.038961421043275615
IRF2,TBR1,-1,-0.04356774330834681
POU4F1,TBR1,1,0.015896500024944492
FOXO4,TBR1,1,0.07032271614765855
FOXC1,TBR1,-1,-0.04618971077617829
HOXA10,TBR1,-1,-0.04029074148474372
FOXO1,TBR1,1,0.01621227686285034
FOXC2,TBR1,1,0.027946995716874073
DLX6,TBR1,1,0.0025938212746767853
MAZ,TBR1,1,0.012837795737065559
HOXB2,TBR1,-1,-0.005886958069506701
HOXD11,TBR1,1,0.005931616919976877
E2F3,TBR1,1,0.04701908353258874
FLI1,TBR1,-1,-0.056169322624881356
SOX1,TBR1,1,0.015257694938639614
HOXB13,TBR1,-1,-0.06513558766633891
HOXA3,TBR1,-1,-0.013176832034323578
MSX2,TBR1,1,0.052414192356967294
FOXP3,TBR1,1,0.20030867623958995
MSX1,TBR1,-1,-0.020881109275039167
NFATC4,TBR1,-1,-0.02272584982894676
BCL6,TBR1,-1,-0.015946355307156417
NKX6-1,TBR1,-1,-0.05049141941238107
HOXA9,TBR1,1,0.037699144851362026
PAX6,TBR1,1,0.025467762063707062
EN1,TBR1,1,0.015888756619222146
ZNF35,TBR1,-1,-0.00413638581933731
NR2F6,NFIL3,-1,-0.0453914870673995
NFIX,NFIL3,-1,-0.03220322990566163
MEF2D,NFIL3,1,0.008075647273106763
ELF5,NFIL3,1,0.009581237883012303
HOXC10,NFIL3,1,0.02218447264524167
FOSL1,NFIL3,1,0.08379479712161399
RARA,NFIL3,1,0.058682855190934385
CNOT3,NFIL3,-1,-0.03177041692566068
SOX21,NFIL3,1,0.006633875049865973
ETS1,NFIL3,-1,-0.01823260775050844
IRF8,NFIL3,-1,-0.028058750259085018
FOXJ1,NFIL3,-1,-0.02568963722151974
SP1,NFIL3,-1,-0.01825765313309806
TP53,NFIL3,-1,-0.005220148675566794
SP4,NFIL3,-1,-0.012825347981373806
SOX4,NFIL3,1,0.015453912547970652
SOX17,NFIL3,-1,-0.04083493413145045
PBX1,NFIL3,1,0.03351965133517398
RXRA,NFIL3,1,0.05825844344317399
GABPA,NFIL3,1,0.0006823727617032504
GATA6,NFIL3,1,0.058095900705791174
TEAD3,NFIL3,1,0.006781368512225894
KLF15,NFIL3,1,0.006736831421396174
SOX13,NFIL3,-1,-0.029930199786314483
JDP2,NFIL3,-1,-0.004673185994728825
SPI1,NFIL3,-1,-0.011319808923910985
SOX2,NFIL3,1,0.029083429974561172
SRF,NFIL3,1,0.04559550354339995
POU3F3,NFIL3,1,0.002093040084519747
EWSR1,NFIL3,-1,-0.02812038144261453
CEBPD,NFIL3,1,0.10216316638561407
PPARG,NFIL3,1,0.056758437230142046
TBX2,NFIL3,-1,-0.07874589403063678
MAFK,NFIL3,1,0.004265992759401043
ZBTB16,NFIL3,1,0.026574813119147198
NFKB1,NFIL3,1,0.02065569078430858
NFATC1,NFIL3,1,0.0005355785429030455
JUN,NFIL3,1,0.027717598232832468
CEBPG,NFIL3,1,0.09307653618393859
TAL1,NFIL3,1,0.030294792823662132
ZNF217,NFIL3,-1,-0.047805040398084746
XBP1,NFIL3,1,0.10594564902174063
STAT5A,NFIL3,-1,-0.05695296515694182
SOX11,NFIL3,1,0.03919503346819162
HBP1,NFIL3,1,0.17302674015561373
NR5A2,NFIL3,1,0.010988174091074472
FOS,NFIL3,1,0.032350624360487905
ZEB1,NFIL3,1,0.03499933979829445
TFAP2B,NFIL3,1,0.004198677203432774
IRF1,NFIL3,1,0.0711200549498908
FOXF2,NFIL3,1,0.005041060683526751
NR2C2,NFIL3,-1,-0.0016113476845248233
PRRX1,NFIL3,1,0.037751177176808585
FOXD3,NFIL3,1,0.03506713702606158
HOXD13,NFIL3,-1,-0.005849545956535363
POU4F1,NFIL3,1,0.042080849341639005
LMO2,NFIL3,-1,-0.08092867979008565
PRDM1,NFIL3,1,0.02007786329178868
FOXO4,NFIL3,-1,-0.033901232329009524
BACH1,NFIL3,-1,-0.06043353358423578
SMAD3,NFIL3,-1,-0.019853906873514408
FOXO1,NFIL3,1,0.04240987047695671
MEIS1,NFIL3,-1,-0.0385900965574181
POU3F2,NFIL3,-1,-0.05320030653176486
RFX3,NFIL3,1,0.015200988597680565
TCF7L2,NFIL3,-1,-0.08923133273467586
VBP1,NFIL3,1,0.17055519558129623
IRF5,NFIL3,-1,-0.01632454519536966
SOX1,NFIL3,-1,-0.020347226923456994
ZNF232,NFIL3,1,0.0429885413471485
AR,NFIL3,1,0.0016217845400453986
TEAD4,NFIL3,-1,-0.02448791156384482
SIX6,NFIL3,1,0.037205543618666084
MAFB,NFIL3,1,0.061628174725513095
RARG,NFIL3,-1,-0.009134262816852775
HLF,NFIL3,-1,-0.03497064494799435
FOXM1,NFIL3,1,0.010837164584609383
TBP,NFIL3,1,0.04293288997939035
FOXO3,NFIL3,1,0.032211696537688635
PPARA,NFIL3,-1,-0.029839356864882583
BCL6,NFIL3,1,0.09950446515499525
TFAP2A,NFIL3,1,0.056416869982653904
HOXA9,NFIL3,-1,-0.02044703497478762
TBR1,NFIL3,1,0.030265241830582445
CPEB1,NFIL3,1,0.046939870148596685
EN1,NFIL3,-1,-0.01050798002006621
MYBL2,PARP1,1,0.021398543832307777
MEOX2,PARP1,1,0.0037149378370358453
E2F1,PARP1,1,0.036321908010802505
ETS1,PARP1,-1,-0.03505258152794268
ZNF281,PARP1,1,0.16331537193041526
FOXJ1,PARP1,1,0.02162151013341728
TRIM28,PARP1,1,0.07986222297218537
PBX1,PARP1,1,0.058146251889203596
ZNF282,PARP1,1,0.0281044734014203
SRF,PARP1,-1,-0.01264575343678628
POU3F3,PARP1,-1,-0.004591996249333617
CEBPA,PARP1,1,0.021613295996104055
NFKB1,PARP1,1,0.03163510945459143
IKZF1,PARP1,1,0.0717371339158729
SOX12,PARP1,1,0.025775382339985206
XBP1,PARP1,-1,-0.0013732269932366212
SOX11,PARP1,1,0.03493636250173398
TFAP2B,PARP1,1,0.029224387470690043
EGR1,PARP1,-1,-0.023721529808009165
FOXD3,PARP1,1,0.010142987885374764
NKX2-2,PARP1,1,0.026747452951567503
CDC5L,PARP1,1,0.23234174563079318
FOXO1,PARP1,1,0.01037803591784741
FOXC2,PARP1,1,0.0827743640277168
NKX3-1,PARP1,1,0.007666724867610615
NR2F1,PARP1,1,0.04692005871133488
HOXD11,PARP1,1,0.012570045868129421
ETS2,PARP1,-1,-0.011176046248074903
ARID3A,PARP1,1,0.029734392019403606
HOXC4,PARP1,1,0.002336604394242685
CPEB1,PARP1,1,0.031034682784423555
ZNF35,PARP1,1,0.0364117798947954
NR2F6,RFC5,-1,-0.0017374128170431062
HOXC10,RFC5,1,0.005615532022983115
ELF3,RFC5,1,0.18087845912857328
E2F1,RFC5,1,0.19282942473732906
ARID5A,RFC5,-1,-0.07036985008770372
MEF2A,RFC5,-1,-0.03530175909472203
TRIM28,RFC5,1,0.027531870937417227
SP1,RFC5,1,0.06979162693828407
HMGA1,RFC5,1,0.060068788957900326
ZBTB33,RFC5,1,0.06871475230171806
SP4,RFC5,-1,-0.1022019123001278
NFYA,RFC5,-1,-0.001165502118171663
RXRA,RFC5,1,0.024946191174801503
HOXD9,RFC5,-1,-0.0023042522229426003
SOX15,RFC5,1,0.07046830384387501
TEAD3,RFC5,-1,-0.06774737928480022
LEF1,RFC5,1,0.11510632699989082
KLF15,RFC5,1,0.09856043457134533
SPI1,RFC5,-1,-0.09275350464207531
SOX2,RFC5,1,0.012281908324330855
SRF,RFC5,-1,-0.04023118339082466
MYCN,RFC5,-1,-0.033056995734711755
NKX2-5,RFC5,-1,-0.02889845053152256
HBP1,RFC5,-1,-0.07916004460448142
ELF4,RFC5,1,0.16617906244740388
HOXC6,RFC5,1,0.07340642639772041
MAF,RFC5,-1,-0.10203212939574924
TFAP2C,RFC5,-1,-0.005395751002812325
FOXD3,RFC5,-1,-0.040151627794272955
HOXB6,RFC5,-1,-0.15231354113298898
FOXO4,RFC5,-1,-0.0441664820193221
SMAD4,RFC5,1,0.4224632574273739
NKX2-2,RFC5,1,0.006609193861204872
FOXC1,RFC5,-1,-0.10561083434505047
HOXA10,RFC5,1,0.03289020415623043
SMAD3,RFC5,1,0.040292733753610824
FOXO1,RFC5,1,0.04532459390564888
NKX3-1,RFC5,1,0.07556534880566267
NR2F1,RFC5,-1,-0.011329262999547432
IRF7,RFC5,-1,-0.009202038755196923
RFX3,RFC5,1,0.00020106578933422315
TCF7L2,RFC5,-1,-0.06743334442340516
HOXD11,RFC5,1,0.05776819717904527
FLI1,RFC5,-1,-0.019605377270678126
AR,RFC5,1,0.017878643263156864
TEAD4,RFC5,-1,-0.026638686952350145
TEAD1,RFC5,1,0.008002956060260795
TBP,RFC5,1,0.2560172646316318
ELF2,RFC5,1,0.16745753441766936
FOXO3,RFC5,-1,-0.1276376295629467
BCL6,RFC5,-1,-0.0825811503779762
NFIL3,RFC5,1,0.16101522795195883
RFX5,RFC5,1,0.11712748167992998
ZNF35,RFC5,1,0.028659278898894112
NR2F6,PAX6,-1,-0.009490782601832509
MEF2D,PAX6,-1,-0.058051398501339856
MYBL2,PAX6,1,0.0028140941271836578
MEOX2,PAX6,1,0.005654346719716745
TFCP2,PAX6,-1,-0.01373745576964494
FOSL1,PAX6,1,0.023719642499324175
ELF3,PAX6,-1,-0.01642645632275182
ARID5A,PAX6,-1,-0.0125648280355514
MEF2A,PAX6,1,0.04041668645913946
SOX9,PAX6,1,0.06060159807319823
FOXJ1,PAX6,1,0.007887045848201192
PLAG1,PAX6,1,0.021113035888466834
SP1,PAX6,-1,-0.024271391476579845
HMGA1,PAX6,-1,-0.019076084121658666
TP53,PAX6,-1,-0.026144440532894393
SP4,PAX6,1,0.002271276672978901
SOX17,PAX6,-1,-0.006098306942196083
PBX1,PAX6,1,0.02969742896464486
NFYA,PAX6,-1,-0.037109706080414306
GABPA,PAX6,-1,-0.04552928002529648
SOX15,PAX6,1,0.05734963099678633
JDP2,PAX6,1,0.026446851578818237
SPI1,PAX6,-1,-0.03424975824999579
SOX2,PAX6,1,0.02607507877811971
SRF,PAX6,1,0.02002053403194665
POU3F3,PAX6,-1,-0.027022247762416806
CEBPD,PAX6,-1,-0.05315461489029437
TRAF4,PAX6,-1,-0.044826064105661444
POU3F4,PAX6,-1,-0.0022905352593011494
CEBPA,PAX6,1,0.017082498756608742
ZBTB16,PAX6,1,0.07963193094857708
NFKB1,PAX6,-1,-0.0758612919348999
MZF1,PAX6,1,0.0011190055452005101
JUN,PAX6,-1,-0.005454191357966783
XBP1,PAX6,-1,-0.03736998340043068
ELF4,PAX6,1,0.02698024016055181
HOXB3,PAX6,-1,-0.01321084774679447
EMX2,PAX6,1,0.07755308364032101
TFAP2B,PAX6,1,0.09249051933830388
IRF1,PAX6,1,0.01335215858820793
PKNOX2,PAX6,-1,-0.02665307899086979
SATB1,PAX6,1,0.01844763295121214
TFAP2C,PAX6,1,0.04423159128378084
HOXD13,PAX6,-1,-0.019575631630825496
NR2E1,PAX6,1,0.11930983427663
PRDM1,PAX6,1,0.05741919855409845
SMAD4,PAX6,1,0.04819579438325156
FOXC1,PAX6,1,0.009162826753333304
SMAD3,PAX6,1,0.08933124203090342
CDC5L,PAX6,1,0.030388446170800328
FOXO1,PAX6,1,0.013103403600002743
FOXC2,PAX6,1,0.007221348067156674
NKX3-1,PAX6,1,0.008494447741396193
NR2F1,PAX6,1,0.06126727187621888
TGIF2,PAX6,1,0.019837236545806342
CREB5,PAX6,1,0.030987420314545003
PITX1,PAX6,1,0.0027585645665681472
POU3F2,PAX6,1,0.04226023370399737
MAZ,PAX6,1,0.04379972742853433
TCF7L2,PAX6,1,0.006618264712372817
HOXB2,PAX6,-1,-0.024094778121137923
HOXD11,PAX6,-1,-0.003745505189026305
HOXA4,PAX6,1,0.02754039420837974
SOX1,PAX6,1,0.02763822857378214
ZNF232,PAX6,1,0.08919653938182992
AR,PAX6,1,0.07201097647296359
MSX1,PAX6,1,0.03181106695751446
ELF2,PAX6,1,0.05812986959096206
FOXO3,PAX6,-1,-0.043638427324099
BCL6,PAX6,-1,-0.056061040287129896
ASCL2,PAX6,1,0.04449956339510412
EN1,PAX6,-1,-0.031530269367740824
ZNF35,PAX6,1,0.009247575964723068
ETV1,OSR2,-1,-0.042904127570623354
HSF1,OSR2,1,0.05666034523010636
MYBL2,OSR2,1,0.05379285660803099
ELK1,OSR2,-1,-0.05327678682839187
FOSL1,OSR2,-1,-0.020311012681485486
RARA,OSR2,1,0.04533620498968081
ELF3,OSR2,1,0.03596267569920836
SOX21,OSR2,1,0.011063025049943198
MEF2A,OSR2,-1,-0.017822830378222135
AHR,OSR2,1,0.018186209383056543
SOX9,OSR2,-1,-0.01068465930147017
ZNF281,OSR2,1,0.060768927379112485
FOXJ1,OSR2,1,0.08414084515032527
TRIM28,OSR2,-1,-0.011308534995703117
HOXC13,OSR2,-1,-0.028458398267623048
GABPA,OSR2,1,0.02155737546244101
GATA6,OSR2,1,0.06112496910944525
SPI1,OSR2,-1,-0.07994312655575343
SOX2,OSR2,-1,-0.06474049272135421
SRF,OSR2,1,0.007756154306811662
THRA,OSR2,-1,-0.08884568419398897
POU3F3,OSR2,-1,-0.12518094207563454
PATZ1,OSR2,1,0.12701724561149674
TBX2,OSR2,-1,-0.023265927195537963
TRAF4,OSR2,-1,-0.030353315862545655
POU3F4,OSR2,-1,-0.012499749737251332
NFATC1,OSR2,1,0.07744749820344528
CEBPG,OSR2,1,0.00022433354164124085
TAL1,OSR2,-1,-0.03259428680728178
EMX2,OSR2,-1,-0.0065979733838495876
ZEB1,OSR2,-1,-0.01602354477333398
RUNX2,OSR2,1,0.061473148623282056
SATB1,OSR2,1,0.09154615031802146
HOXC6,OSR2,1,0.14493946372422242
TFAP2C,OSR2,1,0.023473376748856755
FOXD3,OSR2,-1,-0.049298152556190036
HOXD13,OSR2,1,0.025257982179213323
IRF2,OSR2,-1,-0.020671379700946367
FOXO4,OSR2,1,0.07066824538120788
FOXC1,OSR2,1,0.1242586244281599
CDC5L,OSR2,1,0.05907857740737177
MEIS1,OSR2,-1,-0.10758043549004623
IRF7,OSR2,1,0.044368233718665696
POU3F2,OSR2,-1,-0.02621207148921364
RORA,OSR2,-1,-0.11079123515205282
FLI1,OSR2,-1,-0.019523576857503968
SOX1,OSR2,-1,-0.004793326408658671
MSX2,OSR2,-1,-0.004636422021768429
AR,OSR2,1,0.13300685788015007
FOXP3,OSR2,1,0.08872957163453453
MSX1,OSR2,1,0.07222637219990359
NR4A1,OSR2,1,0.022663511026429994
RUNX3,OSR2,1,0.00037661667317131386
TBP,OSR2,1,0.02194788801991809
EN1,OSR2,1,0.026502270482018454
MYBL2,RFX5,1,0.03246819955053508
MEOX2,RFX5,-1,-0.04371816690714192
KLF13,RFX5,1,0.016550717509608882
ELK1,RFX5,-1,-0.0004626218301186258
RELA,RFX5,1,0.06463168741196329
HEY2,RFX5,-1,-0.02591887370122169
ELF3,RFX5,1,0.11564238938049443
ETS1,RFX5,-1,-0.002736510000451393
MEF2A,RFX5,1,0.18313388872171493
ZNF281,RFX5,1,0.15615015672628807
STAT4,RFX5,1,0.03799630265546183
SP1,RFX5,-1,-0.03189050964150124
HMGA1,RFX5,-1,-0.00358434689491458
SOX17,RFX5,-1,-0.017049222618496885
PBX1,RFX5,1,0.14714523666471088
SPI1,RFX5,-1,-0.03852091300362641
SOX2,RFX5,1,0.07963075104805177
SRF,RFX5,-1,-0.06896178439887662
EWSR1,RFX5,1,0.07831028086114267
POU3F4,RFX5,1,0.04376935336761067
CEBPA,RFX5,1,0.021816953295670453
NFKB1,RFX5,1,0.3159746044605557
SOX12,RFX5,1,0.0002256458958306475
CEBPG,RFX5,-1,-0.0312853479453534
XBP1,RFX5,-1,-0.013310336155166348
HOXB3,RFX5,-1,-0.006353066885062984
EMX2,RFX5,1,0.009971469667258264
EGR1,RFX5,-1,-0.07874912794611644
FOXD3,RFX5,1,0.006020868570943649
POU4F1,RFX5,-1,-0.03770376297656594
IRF7,RFX5,1,0.04663968426178837
POU3F2,RFX5,-1,-0.018555305072656937
ZSCAN16,RFX5,1,0.07431666315456681
RORA,RFX5,-1,-0.05245984552998106
FLI1,RFX5,1,0.044200311208772824
PPARA,RFX5,-1,-0.01200364250241687
ZNF35,RFX5,1,0.03137841147526825
MEF2D,CPEB1,-1,-0.04920280017869973
ARNT,CPEB1,1,0.020215076197275694
NR1H2,CPEB1,1,0.024707150416053335
E2F1,CPEB1,-1,-0.004138330116663814
MEF2A,CPEB1,1,0.22075096898070704
PLAG1,CPEB1,1,0.12899852776567977
SP1,CPEB1,-1,-0.14111163221941753
HMGA1,CPEB1,-1,-0.007378625740300908
SP4,CPEB1,1,0.0026287297272613356
GATA6,CPEB1,-1,-0.0515579464716383
TBX2,CPEB1,-1,-0.006847741270298464
HBP1,CPEB1,1,0.004657675991414879
EGR1,CPEB1,-1,-0.013256436093709177
MAX,CPEB1,1,0.06653515989985757
BRCA1,CPEB1,1,0.02975332945407837
NKX2-2,CPEB1,1,0.14346143859723526
NKX3-1,CPEB1,1,0.040349364059976627
E2F3,CPEB1,-1,-0.10304972048190476
TBX5,CPEB1,1,0.015333536870354976
MAFB,CPEB1,1,0.11722548971261243
RARG,CPEB1,1,0.07655686046833597
TFAP2A,CPEB1,1,0.0033825333773414602
TBR1,CPEB1,1,0.29162533865382745
ETV1,EN1,1,0.0004392915399123837
HOXD10,EN1,1,0.12358224200572045
SOX21,EN1,-1,-0.05656420404609907
SOX9,EN1,1,0.027382527385654866
KLF11,EN1,1,0.0018676127347296882
HOXC13,EN1,1,0.18950093598627887
SIRT6,EN1,1,0.06760917945374983
SOX15,EN1,-1,-0.01514332383661573
SOX13,EN1,1,0.11745921969121471
SPI1,EN1,-1,-0.0027046318734480455
SOX2,EN1,1,0.0628759809016008
SRF,EN1,1,0.010598812245056882
PATZ1,EN1,-1,-0.08827493389720603
ELK3,EN1,1,0.025302819041471303
SOX12,EN1,1,0.03434924471872045
ETV4,EN1,-1,-0.007144340783273263
SOX11,EN1,1,0.1450099754879276
HOXD13,EN1,1,0.000407991976495098
IRF2,EN1,1,0.09535767709036512
HOXB6,EN1,1,0.024243694000082604
FOXO4,EN1,1,0.019987941905319606
FOXC1,EN1,-1,-0.06811085110076115
ETV5,EN1,1,0.11088520755672131
HOXA10,EN1,1,0.2119547114368709
FOXO1,EN1,1,0.011890775172298987
FEV,EN1,1,0.05254742240693599
ETV3,EN1,-1,-0.040851637536455286
FLI1,EN1,-1,-0.006264252371167537
NFATC4,EN1,-1,-0.01659728394832143
FOXO3,EN1,-1,-0.08602471811982887
TFAP2A,EN1,1,0.05044916751368314
ELF3,ZNF35,-1,-0.015709760120343596
ETS1,ZNF35,1,0.18095243610911876
SRF,ZNF35,-1,-0.030652369907925685
CEBPA,ZNF35,1,0.0904593561645872
SOX12,ZNF35,-1,-0.09627972440703562
ELF4,ZNF35,-1,-0.19714877381118381
FOXD3,ZNF35,1,0.0007792411064181189
SMAD4,ZNF35,1,0.3026529498484077
MAFB,ZNF35,-1,-0.11746634281426295
ELF2,ZNF35,1,0.6433712530445012
E2F8,ZNF35,1,0.14831784310945903
ARNT,TFAP4,1,0.03054244576893452
ELF5,TFAP4,1,0.03200850953968875
ELK1,TFAP4,-1,-0.008498422745030022
TFCP2,TFAP4,-1,-0.05076059701097407
ELF3,TFAP4,1,0.05397898733601907
ARID5A,TFAP4,-1,-0.04221219825046462
SOX21,TFAP4,-1,-0.014338135664020169
ETS1,TFAP4,-1,-0.004372419461588972
SOX9,TFAP4,-1,-0.017865653346250693
ZNF281,TFAP4,1,0.04606464105147313
FOXJ1,TFAP4,-1,-0.018519048050187847
HMGA1,TFAP4,1,0.03106600413691674
ZNF219,TFAP4,1,0.0021344480742891705
TP53,TFAP4,1,0.0022519947500659622
KLF11,TFAP4,-1,-0.053343771196651485
SP4,TFAP4,1,0.017989110145467394
E2F4,TFAP4,1,0.024567463557217284
SOX4,TFAP4,1,0.0034783267827032966
SOX17,TFAP4,1,0.015246187344301854
RXRA,TFAP4,1,0.025199685210108357
GABPA,TFAP4,-1,-0.0013955230366407892
SPI1,TFAP4,-1,-0.011646324404915113
SOX2,TFAP4,-1,-0.003948796906329654
SRF,TFAP4,-1,-0.037199228286698915
EWSR1,TFAP4,-1,-0.012007508197765169
PATZ1,TFAP4,1,0.01652354943016751
TCF3,TFAP4,1,0.061275701681274164
MYCN,TFAP4,1,0.08922941688011178
VDR,TFAP4,-1,-0.0024921698735133747
MZF1,TFAP4,1,0.080646734670915
SOX12,TFAP4,1,0.021768919300192462
CEBPG,TFAP4,-1,-0.010514590009230159
TAL1,TFAP4,-1,-0.01987914352023975
ZNF217,TFAP4,1,0.07011853486487364
STAT5A,TFAP4,1,0.017472282041540797
ZEB1,TFAP4,-1,-0.036668206497787834
TFAP2B,TFAP4,1,0.017364369629014678
EGR1,TFAP4,-1,-0.013295936246940632
MAF,TFAP4,-1,-0.038018929765276495
TFAP2C,TFAP4,1,0.0026934753087384388
FOXD3,TFAP4,1,0.06731997962546003
NR2E1,TFAP4,-1,-0.03404150634419823
LMO2,TFAP4,-1,-0.002350712277872221
FOXO4,TFAP4,1,0.06435824280845875
MSC,TFAP4,-1,-0.0019664758867929326
ETV5,TFAP4,-1,-0.010151295194002083
FOXC2,TFAP4,1,0.055652153606322245
NR2F1,TFAP4,-1,-0.009565864093169727
MEIS1,TFAP4,1,0.026267225410658623
MAZ,TFAP4,1,0.12331512243237631
TCF7L2,TFAP4,1,0.08919710047360666
FLI1,TFAP4,1,0.03753020178970353
SOX1,TFAP4,-1,-0.012490823433038692
TBX5,TFAP4,1,0.05609186545626219
FOXP3,TFAP4,1,0.19295665944639473
MSX1,TFAP4,-1,-0.017552567821935833
TBP,TFAP4,1,0.008209849458009512
ELF2,TFAP4,1,0.05391858773758648
BCL6,TFAP4,1,0.005185924144516674
SREBF1,TFAP4,-1,-0.018801060589144703
TFAP2A,TFAP4,1,0.003432305822217273
HOXA9,TFAP4,1,0.00875270384971006
RFX5,TFAP4,-1,-0.012700388224445159
CPEB1,TFAP4,1,0.11669897982925749
ZNF35,TFAP4,-1,-0.010057737856844232
